{
  "type": "FeatureCollection",
  "features": [
    {
      "type": "Feature",
      "properties": {
        "id": 0,
        "predicted_prevalence": 6.24e-05,
        "prediction_uncertainty": 0.7789278,
        "exceedance_probability": 0,
        "adaptively_selected": 0
      },
      "geometry": {
        "type": "Point",
        "coordinates": [
          90.3436,
          23.6689
        ]
      }
    },
    {
      "type": "Feature",
      "properties": {
        "id": 1,
        "predicted_prevalence": 0.0002549,
        "prediction_uncertainty": 0.7789277,
        "exceedance_probability": 0,
        "adaptively_selected": 0
      },
      "geometry": {
        "type": "Point",
        "coordinates": [
          90.3472469,
          23.6689
        ]
      }
    },
    {
      "type": "Feature",
      "properties": {
        "id": 2,
        "predicted_prevalence": 0.0009215,
        "prediction_uncertainty": 0.778926,
        "exceedance_probability": 0,
        "adaptively_selected": 0
      },
      "geometry": {
        "type": "Point",
        "coordinates": [
          90.3508939,
          23.6689
        ]
      }
    },
    {
      "type": "Feature",
      "properties": {
        "id": 3,
        "predicted_prevalence": 0.0029297,
        "prediction_uncertainty": 0.7789097,
        "exceedance_probability": 0,
        "adaptively_selected": 0
      },
      "geometry": {
        "type": "Point",
        "coordinates": [
          90.3545408,
          23.6689
        ]
      }
    },
    {
      "type": "Feature",
      "properties": {
        "id": 4,
        "predicted_prevalence": 0.008167,
        "prediction_uncertainty": 0.7787867,
        "exceedance_probability": 0,
        "adaptively_selected": 0
      },
      "geometry": {
        "type": "Point",
        "coordinates": [
          90.3581878,
          23.6689
        ]
      }
    },
    {
      "type": "Feature",
      "properties": {
        "id": 5,
        "predicted_prevalence": 0.0199427,
        "prediction_uncertainty": 0.7780857,
        "exceedance_probability": 0,
        "adaptively_selected": 0
      },
      "geometry": {
        "type": "Point",
        "coordinates": [
          90.3618347,
          23.6689
        ]
      }
    },
    {
      "type": "Feature",
      "properties": {
        "id": 6,
        "predicted_prevalence": 0.042642,
        "prediction_uncertainty": 0.7750692,
        "exceedance_probability": 0,
        "adaptively_selected": 0
      },
      "geometry": {
        "type": "Point",
        "coordinates": [
          90.3654816,
          23.6689
        ]
      }
    },
    {
      "type": "Feature",
      "properties": {
        "id": 7,
        "predicted_prevalence": 0.0798296,
        "prediction_uncertainty": 0.7653182,
        "exceedance_probability": 0,
        "adaptively_selected": 0
      },
      "geometry": {
        "type": "Point",
        "coordinates": [
          90.3691286,
          23.6689
        ]
      }
    },
    {
      "type": "Feature",
      "properties": {
        "id": 8,
        "predicted_prevalence": 0.130841,
        "prediction_uncertainty": 0.7418029,
        "exceedance_probability": 0,
        "adaptively_selected": 0
      },
      "geometry": {
        "type": "Point",
        "coordinates": [
          90.3727755,
          23.6689
        ]
      }
    },
    {
      "type": "Feature",
      "properties": {
        "id": 9,
        "predicted_prevalence": 0.1877487,
        "prediction_uncertainty": 0.7003497,
        "exceedance_probability": 0,
        "adaptively_selected": 0
      },
      "geometry": {
        "type": "Point",
        "coordinates": [
          90.3764224,
          23.6689
        ]
      }
    },
    {
      "type": "Feature",
      "properties": {
        "id": 10,
        "predicted_prevalence": 0.2358712,
        "prediction_uncertainty": 0.650617,
        "exceedance_probability": 0,
        "adaptively_selected": 0
      },
      "geometry": {
        "type": "Point",
        "coordinates": [
          90.3800694,
          23.6689
        ]
      }
    },
    {
      "type": "Feature",
      "properties": {
        "id": 11,
        "predicted_prevalence": 0.2594619,
        "prediction_uncertainty": 0.6203912,
        "exceedance_probability": 0,
        "adaptively_selected": 0
      },
      "geometry": {
        "type": "Point",
        "coordinates": [
          90.3837163,
          23.6689
        ]
      }
    },
    {
      "type": "Feature",
      "properties": {
        "id": 12,
        "predicted_prevalence": 0.249955,
        "prediction_uncertainty": 0.6333157,
        "exceedance_probability": 0,
        "adaptively_selected": 0
      },
      "geometry": {
        "type": "Point",
        "coordinates": [
          90.3873633,
          23.6689
        ]
      }
    },
    {
      "type": "Feature",
      "properties": {
        "id": 13,
        "predicted_prevalence": 0.2109879,
        "prediction_uncertainty": 0.6786981,
        "exceedance_probability": 0,
        "adaptively_selected": 0
      },
      "geometry": {
        "type": "Point",
        "coordinates": [
          90.3910102,
          23.6689
        ]
      }
    },
    {
      "type": "Feature",
      "properties": {
        "id": 14,
        "predicted_prevalence": 0.1562387,
        "prediction_uncertainty": 0.7260688,
        "exceedance_probability": 0,
        "adaptively_selected": 1
      },
      "geometry": {
        "type": "Point",
        "coordinates": [
          90.3946571,
          23.6689
        ]
      }
    },
    {
      "type": "Feature",
      "properties": {
        "id": 15,
        "predicted_prevalence": 0.1017949,
        "prediction_uncertainty": 0.7573153,
        "exceedance_probability": 0,
        "adaptively_selected": 0
      },
      "geometry": {
        "type": "Point",
        "coordinates": [
          90.3983041,
          23.6689
        ]
      }
    },
    {
      "type": "Feature",
      "properties": {
        "id": 16,
        "predicted_prevalence": 0.0587577,
        "prediction_uncertainty": 0.7720774,
        "exceedance_probability": 0,
        "adaptively_selected": 0
      },
      "geometry": {
        "type": "Point",
        "coordinates": [
          90.401951,
          23.6689
        ]
      }
    },
    {
      "type": "Feature",
      "properties": {
        "id": 17,
        "predicted_prevalence": 0.0305183,
        "prediction_uncertainty": 0.7772489,
        "exceedance_probability": 0,
        "adaptively_selected": 0
      },
      "geometry": {
        "type": "Point",
        "coordinates": [
          90.405598,
          23.6689
        ]
      }
    },
    {
      "type": "Feature",
      "properties": {
        "id": 18,
        "predicted_prevalence": 0.0147244,
        "prediction_uncertainty": 0.7786069,
        "exceedance_probability": 0,
        "adaptively_selected": 0
      },
      "geometry": {
        "type": "Point",
        "coordinates": [
          90.4092449,
          23.6689
        ]
      }
    },
    {
      "type": "Feature",
      "properties": {
        "id": 19,
        "predicted_prevalence": 0.0069589,
        "prediction_uncertainty": 0.7788763,
        "exceedance_probability": 0,
        "adaptively_selected": 0
      },
      "geometry": {
        "type": "Point",
        "coordinates": [
          90.4128918,
          23.6689
        ]
      }
    },
    {
      "type": "Feature",
      "properties": {
        "id": 20,
        "predicted_prevalence": 0.0034171,
        "prediction_uncertainty": 0.7789164,
        "exceedance_probability": 0,
        "adaptively_selected": 0
      },
      "geometry": {
        "type": "Point",
        "coordinates": [
          90.4165388,
          23.6689
        ]
      }
    },
    {
      "type": "Feature",
      "properties": {
        "id": 21,
        "predicted_prevalence": 0.0017918,
        "prediction_uncertainty": 0.7789176,
        "exceedance_probability": 0,
        "adaptively_selected": 0
      },
      "geometry": {
        "type": "Point",
        "coordinates": [
          90.4201857,
          23.6689
        ]
      }
    },
    {
      "type": "Feature",
      "properties": {
        "id": 22,
        "predicted_prevalence": 0.0009955,
        "prediction_uncertainty": 0.7789112,
        "exceedance_probability": 0,
        "adaptively_selected": 0
      },
      "geometry": {
        "type": "Point",
        "coordinates": [
          90.4238327,
          23.6689
        ]
      }
    },
    {
      "type": "Feature",
      "properties": {
        "id": 23,
        "predicted_prevalence": 0.0005894,
        "prediction_uncertainty": 0.7789048,
        "exceedance_probability": 0,
        "adaptively_selected": 0
      },
      "geometry": {
        "type": "Point",
        "coordinates": [
          90.4274796,
          23.6689
        ]
      }
    },
    {
      "type": "Feature",
      "properties": {
        "id": 24,
        "predicted_prevalence": 0.0003839,
        "prediction_uncertainty": 0.7789031,
        "exceedance_probability": 0,
        "adaptively_selected": 0
      },
      "geometry": {
        "type": "Point",
        "coordinates": [
          90.4311265,
          23.6689
        ]
      }
    },
    {
      "type": "Feature",
      "properties": {
        "id": 25,
        "predicted_prevalence": 0.0002734,
        "prediction_uncertainty": 0.7789077,
        "exceedance_probability": 0,
        "adaptively_selected": 0
      },
      "geometry": {
        "type": "Point",
        "coordinates": [
          90.4347735,
          23.6689
        ]
      }
    },
    {
      "type": "Feature",
      "properties": {
        "id": 26,
        "predicted_prevalence": 0.0001982,
        "prediction_uncertainty": 0.7789153,
        "exceedance_probability": 0,
        "adaptively_selected": 0
      },
      "geometry": {
        "type": "Point",
        "coordinates": [
          90.4384204,
          23.6689
        ]
      }
    },
    {
      "type": "Feature",
      "properties": {
        "id": 27,
        "predicted_prevalence": 0.0001349,
        "prediction_uncertainty": 0.7789219,
        "exceedance_probability": 0,
        "adaptively_selected": 0
      },
      "geometry": {
        "type": "Point",
        "coordinates": [
          90.4420673,
          23.6689
        ]
      }
    },
    {
      "type": "Feature",
      "properties": {
        "id": 28,
        "predicted_prevalence": 8.23e-05,
        "prediction_uncertainty": 0.7789256,
        "exceedance_probability": 0,
        "adaptively_selected": 0
      },
      "geometry": {
        "type": "Point",
        "coordinates": [
          90.4457143,
          23.6689
        ]
      }
    },
    {
      "type": "Feature",
      "properties": {
        "id": 29,
        "predicted_prevalence": 4.4e-05,
        "prediction_uncertainty": 0.7789272,
        "exceedance_probability": 0,
        "adaptively_selected": 0
      },
      "geometry": {
        "type": "Point",
        "coordinates": [
          90.4493612,
          23.6689
        ]
      }
    },
    {
      "type": "Feature",
      "properties": {
        "id": 30,
        "predicted_prevalence": 2.05e-05,
        "prediction_uncertainty": 0.7789277,
        "exceedance_probability": 0,
        "adaptively_selected": 0
      },
      "geometry": {
        "type": "Point",
        "coordinates": [
          90.4530082,
          23.6689
        ]
      }
    },
    {
      "type": "Feature",
      "properties": {
        "id": 31,
        "predicted_prevalence": 8.3073687e-06,
        "prediction_uncertainty": 0.7789278,
        "exceedance_probability": 0,
        "adaptively_selected": 0
      },
      "geometry": {
        "type": "Point",
        "coordinates": [
          90.4566551,
          23.6689
        ]
      }
    },
    {
      "type": "Feature",
      "properties": {
        "id": 32,
        "predicted_prevalence": 2.9414928e-06,
        "prediction_uncertainty": 0.7789278,
        "exceedance_probability": 0,
        "adaptively_selected": 0
      },
      "geometry": {
        "type": "Point",
        "coordinates": [
          90.460302,
          23.6689
        ]
      }
    },
    {
      "type": "Feature",
      "properties": {
        "id": 33,
        "predicted_prevalence": 9.1380433e-07,
        "prediction_uncertainty": 0.7789278,
        "exceedance_probability": 0,
        "adaptively_selected": 0
      },
      "geometry": {
        "type": "Point",
        "coordinates": [
          90.463949,
          23.6689
        ]
      }
    },
    {
      "type": "Feature",
      "properties": {
        "id": 34,
        "predicted_prevalence": 2.5098059e-07,
        "prediction_uncertainty": 0.7789278,
        "exceedance_probability": 0,
        "adaptively_selected": 0
      },
      "geometry": {
        "type": "Point",
        "coordinates": [
          90.4675959,
          23.6689
        ]
      }
    },
    {
      "type": "Feature",
      "properties": {
        "id": 35,
        "predicted_prevalence": 6.1681811e-08,
        "prediction_uncertainty": 0.7789278,
        "exceedance_probability": 0,
        "adaptively_selected": 0
      },
      "geometry": {
        "type": "Point",
        "coordinates": [
          90.4712429,
          23.6689
        ]
      }
    },
    {
      "type": "Feature",
      "properties": {
        "id": 36,
        "predicted_prevalence": 1.3910189e-08,
        "prediction_uncertainty": 0.7789278,
        "exceedance_probability": 0,
        "adaptively_selected": 0
      },
      "geometry": {
        "type": "Point",
        "coordinates": [
          90.4748898,
          23.6689
        ]
      }
    },
    {
      "type": "Feature",
      "properties": {
        "id": 37,
        "predicted_prevalence": 3.36865e-09,
        "prediction_uncertainty": 0.7789278,
        "exceedance_probability": 0,
        "adaptively_selected": 0
      },
      "geometry": {
        "type": "Point",
        "coordinates": [
          90.4785367,
          23.6689
        ]
      }
    },
    {
      "type": "Feature",
      "properties": {
        "id": 38,
        "predicted_prevalence": 2.2057419e-09,
        "prediction_uncertainty": 0.7789278,
        "exceedance_probability": 0,
        "adaptively_selected": 0
      },
      "geometry": {
        "type": "Point",
        "coordinates": [
          90.4821837,
          23.6689
        ]
      }
    },
    {
      "type": "Feature",
      "properties": {
        "id": 39,
        "predicted_prevalence": 4.7214747e-09,
        "prediction_uncertainty": 0.7789278,
        "exceedance_probability": 0,
        "adaptively_selected": 0
      },
      "geometry": {
        "type": "Point",
        "coordinates": [
          90.4858306,
          23.6689
        ]
      }
    },
    {
      "type": "Feature",
      "properties": {
        "id": 40,
        "predicted_prevalence": 1.1359205e-08,
        "prediction_uncertainty": 0.7789278,
        "exceedance_probability": 0,
        "adaptively_selected": 0
      },
      "geometry": {
        "type": "Point",
        "coordinates": [
          90.4894776,
          23.6689
        ]
      }
    },
    {
      "type": "Feature",
      "properties": {
        "id": 41,
        "predicted_prevalence": 2.439346e-08,
        "prediction_uncertainty": 0.7789278,
        "exceedance_probability": 0,
        "adaptively_selected": 0
      },
      "geometry": {
        "type": "Point",
        "coordinates": [
          90.4931245,
          23.6689
        ]
      }
    },
    {
      "type": "Feature",
      "properties": {
        "id": 42,
        "predicted_prevalence": 4.5925206e-08,
        "prediction_uncertainty": 0.7789278,
        "exceedance_probability": 0,
        "adaptively_selected": 0
      },
      "geometry": {
        "type": "Point",
        "coordinates": [
          90.4967714,
          23.6689
        ]
      }
    },
    {
      "type": "Feature",
      "properties": {
        "id": 43,
        "predicted_prevalence": 7.5703248e-08,
        "prediction_uncertainty": 0.7789278,
        "exceedance_probability": 0,
        "adaptively_selected": 0
      },
      "geometry": {
        "type": "Point",
        "coordinates": [
          90.5004184,
          23.6689
        ]
      }
    },
    {
      "type": "Feature",
      "properties": {
        "id": 44,
        "predicted_prevalence": 1.0924961e-07,
        "prediction_uncertainty": 0.7789278,
        "exceedance_probability": 0,
        "adaptively_selected": 0
      },
      "geometry": {
        "type": "Point",
        "coordinates": [
          90.5040653,
          23.6689
        ]
      }
    },
    {
      "type": "Feature",
      "properties": {
        "id": 45,
        "predicted_prevalence": 1.3802691e-07,
        "prediction_uncertainty": 0.7789278,
        "exceedance_probability": 0,
        "adaptively_selected": 0
      },
      "geometry": {
        "type": "Point",
        "coordinates": [
          90.5077122,
          23.6689
        ]
      }
    },
    {
      "type": "Feature",
      "properties": {
        "id": 46,
        "predicted_prevalence": 1.5266721e-07,
        "prediction_uncertainty": 0.7789278,
        "exceedance_probability": 0,
        "adaptively_selected": 0
      },
      "geometry": {
        "type": "Point",
        "coordinates": [
          90.5113592,
          23.6689
        ]
      }
    },
    {
      "type": "Feature",
      "properties": {
        "id": 47,
        "predicted_prevalence": 1.4783114e-07,
        "prediction_uncertainty": 0.7789278,
        "exceedance_probability": 0,
        "adaptively_selected": 0
      },
      "geometry": {
        "type": "Point",
        "coordinates": [
          90.5150061,
          23.6689
        ]
      }
    },
    {
      "type": "Feature",
      "properties": {
        "id": 48,
        "predicted_prevalence": 1.253211e-07,
        "prediction_uncertainty": 0.7789278,
        "exceedance_probability": 0,
        "adaptively_selected": 0
      },
      "geometry": {
        "type": "Point",
        "coordinates": [
          90.5186531,
          23.6689
        ]
      }
    },
    {
      "type": "Feature",
      "properties": {
        "id": 49,
        "predicted_prevalence": 9.3008059e-08,
        "prediction_uncertainty": 0.7789278,
        "exceedance_probability": 0,
        "adaptively_selected": 0
      },
      "geometry": {
        "type": "Point",
        "coordinates": [
          90.5223,
          23.6689
        ]
      }
    },
    {
      "type": "Feature",
      "properties": {
        "id": 50,
        "predicted_prevalence": 9.97e-05,
        "prediction_uncertainty": 0.7789278,
        "exceedance_probability": 0,
        "adaptively_selected": 0
      },
      "geometry": {
        "type": "Point",
        "coordinates": [
          90.3436,
          23.6733286
        ]
      }
    },
    {
      "type": "Feature",
      "properties": {
        "id": 51,
        "predicted_prevalence": 0.0003771,
        "prediction_uncertainty": 0.7789275,
        "exceedance_probability": 0,
        "adaptively_selected": 0
      },
      "geometry": {
        "type": "Point",
        "coordinates": [
          90.3472469,
          23.6733286
        ]
      }
    },
    {
      "type": "Feature",
      "properties": {
        "id": 52,
        "predicted_prevalence": 0.0013232,
        "prediction_uncertainty": 0.7789242,
        "exceedance_probability": 0,
        "adaptively_selected": 0
      },
      "geometry": {
        "type": "Point",
        "coordinates": [
          90.3508939,
          23.6733286
        ]
      }
    },
    {
      "type": "Feature",
      "properties": {
        "id": 53,
        "predicted_prevalence": 0.0041597,
        "prediction_uncertainty": 0.7788917,
        "exceedance_probability": 0,
        "adaptively_selected": 0
      },
      "geometry": {
        "type": "Point",
        "coordinates": [
          90.3545408,
          23.6733286
        ]
      }
    },
    {
      "type": "Feature",
      "properties": {
        "id": 54,
        "predicted_prevalence": 0.0115485,
        "prediction_uncertainty": 0.7786466,
        "exceedance_probability": 0,
        "adaptively_selected": 0
      },
      "geometry": {
        "type": "Point",
        "coordinates": [
          90.3581878,
          23.6733286
        ]
      }
    },
    {
      "type": "Feature",
      "properties": {
        "id": 55,
        "predicted_prevalence": 0.0281582,
        "prediction_uncertainty": 0.7772486,
        "exceedance_probability": 0,
        "adaptively_selected": 0
      },
      "geometry": {
        "type": "Point",
        "coordinates": [
          90.3618347,
          23.6733286
        ]
      }
    },
    {
      "type": "Feature",
      "properties": {
        "id": 56,
        "predicted_prevalence": 0.0601766,
        "prediction_uncertainty": 0.7712189,
        "exceedance_probability": 0,
        "adaptively_selected": 0
      },
      "geometry": {
        "type": "Point",
        "coordinates": [
          90.3654816,
          23.6733286
        ]
      }
    },
    {
      "type": "Feature",
      "properties": {
        "id": 57,
        "predicted_prevalence": 0.112636,
        "prediction_uncertainty": 0.7515616,
        "exceedance_probability": 0,
        "adaptively_selected": 0
      },
      "geometry": {
        "type": "Point",
        "coordinates": [
          90.3691286,
          23.6733286
        ]
      }
    },
    {
      "type": "Feature",
      "properties": {
        "id": 58,
        "predicted_prevalence": 0.184605,
        "prediction_uncertainty": 0.7030047,
        "exceedance_probability": 0,
        "adaptively_selected": 0
      },
      "geometry": {
        "type": "Point",
        "coordinates": [
          90.3727755,
          23.6733286
        ]
      }
    },
    {
      "type": "Feature",
      "properties": {
        "id": 59,
        "predicted_prevalence": 0.2649121,
        "prediction_uncertainty": 0.6124352,
        "exceedance_probability": 0,
        "adaptively_selected": 0
      },
      "geometry": {
        "type": "Point",
        "coordinates": [
          90.3764224,
          23.6733286
        ]
      }
    },
    {
      "type": "Feature",
      "properties": {
        "id": 60,
        "predicted_prevalence": 0.3328742,
        "prediction_uncertainty": 0.4911012,
        "exceedance_probability": 0,
        "adaptively_selected": 0
      },
      "geometry": {
        "type": "Point",
        "coordinates": [
          90.3800694,
          23.6733286
        ]
      }
    },
    {
      "type": "Feature",
      "properties": {
        "id": 61,
        "predicted_prevalence": 0.3663358,
        "prediction_uncertainty": 0.4057341,
        "exceedance_probability": 1,
        "adaptively_selected": 0
      },
      "geometry": {
        "type": "Point",
        "coordinates": [
          90.3837163,
          23.6733286
        ]
      }
    },
    {
      "type": "Feature",
      "properties": {
        "id": 62,
        "predicted_prevalence": 0.3533102,
        "prediction_uncertainty": 0.4437498,
        "exceedance_probability": 1,
        "adaptively_selected": 0
      },
      "geometry": {
        "type": "Point",
        "coordinates": [
          90.3873633,
          23.6733286
        ]
      }
    },
    {
      "type": "Feature",
      "properties": {
        "id": 63,
        "predicted_prevalence": 0.2990469,
        "prediction_uncertainty": 0.5617591,
        "exceedance_probability": 0,
        "adaptively_selected": 0
      },
      "geometry": {
        "type": "Point",
        "coordinates": [
          90.3910102,
          23.6733286
        ]
      }
    },
    {
      "type": "Feature",
      "properties": {
        "id": 64,
        "predicted_prevalence": 0.2229175,
        "prediction_uncertainty": 0.6694586,
        "exceedance_probability": 0,
        "adaptively_selected": 0
      },
      "geometry": {
        "type": "Point",
        "coordinates": [
          90.3946571,
          23.6733286
        ]
      }
    },
    {
      "type": "Feature",
      "properties": {
        "id": 65,
        "predicted_prevalence": 0.1475492,
        "prediction_uncertainty": 0.7351932,
        "exceedance_probability": 0,
        "adaptively_selected": 0
      },
      "geometry": {
        "type": "Point",
        "coordinates": [
          90.3983041,
          23.6733286
        ]
      }
    },
    {
      "type": "Feature",
      "properties": {
        "id": 66,
        "predicted_prevalence": 0.0883246,
        "prediction_uncertainty": 0.7651454,
        "exceedance_probability": 0,
        "adaptively_selected": 0
      },
      "geometry": {
        "type": "Point",
        "coordinates": [
          90.401951,
          23.6733286
        ]
      }
    },
    {
      "type": "Feature",
      "properties": {
        "id": 67,
        "predicted_prevalence": 0.0495907,
        "prediction_uncertainty": 0.775479,
        "exceedance_probability": 0,
        "adaptively_selected": 0
      },
      "geometry": {
        "type": "Point",
        "coordinates": [
          90.405598,
          23.6733286
        ]
      }
    },
    {
      "type": "Feature",
      "properties": {
        "id": 68,
        "predicted_prevalence": 0.0276297,
        "prediction_uncertainty": 0.778182,
        "exceedance_probability": 0,
        "adaptively_selected": 0
      },
      "geometry": {
        "type": "Point",
        "coordinates": [
          90.4092449,
          23.6733286
        ]
      }
    },
    {
      "type": "Feature",
      "properties": {
        "id": 69,
        "predicted_prevalence": 0.0160837,
        "prediction_uncertainty": 0.7787334,
        "exceedance_probability": 0,
        "adaptively_selected": 0
      },
      "geometry": {
        "type": "Point",
        "coordinates": [
          90.4128918,
          23.6733286
        ]
      }
    },
    {
      "type": "Feature",
      "properties": {
        "id": 70,
        "predicted_prevalence": 0.0098246,
        "prediction_uncertainty": 0.7788206,
        "exceedance_probability": 0,
        "adaptively_selected": 0
      },
      "geometry": {
        "type": "Point",
        "coordinates": [
          90.4165388,
          23.6733286
        ]
      }
    },
    {
      "type": "Feature",
      "properties": {
        "id": 71,
        "predicted_prevalence": 0.0060671,
        "prediction_uncertainty": 0.7787904,
        "exceedance_probability": 0,
        "adaptively_selected": 0
      },
      "geometry": {
        "type": "Point",
        "coordinates": [
          90.4201857,
          23.6733286
        ]
      }
    },
    {
      "type": "Feature",
      "properties": {
        "id": 72,
        "predicted_prevalence": 0.0037084,
        "prediction_uncertainty": 0.7787028,
        "exceedance_probability": 0,
        "adaptively_selected": 0
      },
      "geometry": {
        "type": "Point",
        "coordinates": [
          90.4238327,
          23.6733286
        ]
      }
    },
    {
      "type": "Feature",
      "properties": {
        "id": 73,
        "predicted_prevalence": 0.0023209,
        "prediction_uncertainty": 0.778614,
        "exceedance_probability": 0,
        "adaptively_selected": 0
      },
      "geometry": {
        "type": "Point",
        "coordinates": [
          90.4274796,
          23.6733286
        ]
      }
    },
    {
      "type": "Feature",
      "properties": {
        "id": 74,
        "predicted_prevalence": 0.0015803,
        "prediction_uncertainty": 0.7785896,
        "exceedance_probability": 0,
        "adaptively_selected": 0
      },
      "geometry": {
        "type": "Point",
        "coordinates": [
          90.4311265,
          23.6733286
        ]
      }
    },
    {
      "type": "Feature",
      "properties": {
        "id": 75,
        "predicted_prevalence": 0.0011702,
        "prediction_uncertainty": 0.77865,
        "exceedance_probability": 0,
        "adaptively_selected": 0
      },
      "geometry": {
        "type": "Point",
        "coordinates": [
          90.4347735,
          23.6733286
        ]
      }
    },
    {
      "type": "Feature",
      "properties": {
        "id": 76,
        "predicted_prevalence": 0.000871,
        "prediction_uncertainty": 0.778754,
        "exceedance_probability": 0,
        "adaptively_selected": 0
      },
      "geometry": {
        "type": "Point",
        "coordinates": [
          90.4384204,
          23.6733286
        ]
      }
    },
    {
      "type": "Feature",
      "properties": {
        "id": 77,
        "predicted_prevalence": 0.000601,
        "prediction_uncertainty": 0.7788448,
        "exceedance_probability": 0,
        "adaptively_selected": 0
      },
      "geometry": {
        "type": "Point",
        "coordinates": [
          90.4420673,
          23.6733286
        ]
      }
    },
    {
      "type": "Feature",
      "properties": {
        "id": 78,
        "predicted_prevalence": 0.0003678,
        "prediction_uncertainty": 0.7788975,
        "exceedance_probability": 0,
        "adaptively_selected": 0
      },
      "geometry": {
        "type": "Point",
        "coordinates": [
          90.4457143,
          23.6733286
        ]
      }
    },
    {
      "type": "Feature",
      "properties": {
        "id": 79,
        "predicted_prevalence": 0.0001964,
        "prediction_uncertainty": 0.7789194,
        "exceedance_probability": 0,
        "adaptively_selected": 0
      },
      "geometry": {
        "type": "Point",
        "coordinates": [
          90.4493612,
          23.6733286
        ]
      }
    },
    {
      "type": "Feature",
      "properties": {
        "id": 80,
        "predicted_prevalence": 9.11e-05,
        "prediction_uncertainty": 0.778926,
        "exceedance_probability": 0,
        "adaptively_selected": 0
      },
      "geometry": {
        "type": "Point",
        "coordinates": [
          90.4530082,
          23.6733286
        ]
      }
    },
    {
      "type": "Feature",
      "properties": {
        "id": 81,
        "predicted_prevalence": 3.68e-05,
        "prediction_uncertainty": 0.7789275,
        "exceedance_probability": 0,
        "adaptively_selected": 0
      },
      "geometry": {
        "type": "Point",
        "coordinates": [
          90.4566551,
          23.6733286
        ]
      }
    },
    {
      "type": "Feature",
      "properties": {
        "id": 82,
        "predicted_prevalence": 1.3e-05,
        "prediction_uncertainty": 0.7789278,
        "exceedance_probability": 0,
        "adaptively_selected": 0
      },
      "geometry": {
        "type": "Point",
        "coordinates": [
          90.460302,
          23.6733286
        ]
      }
    },
    {
      "type": "Feature",
      "properties": {
        "id": 83,
        "predicted_prevalence": 4.0882751e-06,
        "prediction_uncertainty": 0.7789278,
        "exceedance_probability": 0,
        "adaptively_selected": 0
      },
      "geometry": {
        "type": "Point",
        "coordinates": [
          90.463949,
          23.6733286
        ]
      }
    },
    {
      "type": "Feature",
      "properties": {
        "id": 84,
        "predicted_prevalence": 1.1527278e-06,
        "prediction_uncertainty": 0.7789278,
        "exceedance_probability": 0,
        "adaptively_selected": 0
      },
      "geometry": {
        "type": "Point",
        "coordinates": [
          90.4675959,
          23.6733286
        ]
      }
    },
    {
      "type": "Feature",
      "properties": {
        "id": 85,
        "predicted_prevalence": 2.9875942e-07,
        "prediction_uncertainty": 0.7789278,
        "exceedance_probability": 0,
        "adaptively_selected": 0
      },
      "geometry": {
        "type": "Point",
        "coordinates": [
          90.4712429,
          23.6733286
        ]
      }
    },
    {
      "type": "Feature",
      "properties": {
        "id": 86,
        "predicted_prevalence": 7.4094849e-08,
        "prediction_uncertainty": 0.7789278,
        "exceedance_probability": 0,
        "adaptively_selected": 0
      },
      "geometry": {
        "type": "Point",
        "coordinates": [
          90.4748898,
          23.6733286
        ]
      }
    },
    {
      "type": "Feature",
      "properties": {
        "id": 87,
        "predicted_prevalence": 2.2161394e-08,
        "prediction_uncertainty": 0.7789278,
        "exceedance_probability": 0,
        "adaptively_selected": 0
      },
      "geometry": {
        "type": "Point",
        "coordinates": [
          90.4785367,
          23.6733286
        ]
      }
    },
    {
      "type": "Feature",
      "properties": {
        "id": 88,
        "predicted_prevalence": 2.0471826e-08,
        "prediction_uncertainty": 0.7789278,
        "exceedance_probability": 0,
        "adaptively_selected": 0
      },
      "geometry": {
        "type": "Point",
        "coordinates": [
          90.4821837,
          23.6733286
        ]
      }
    },
    {
      "type": "Feature",
      "properties": {
        "id": 89,
        "predicted_prevalence": 4.7572649e-08,
        "prediction_uncertainty": 0.7789278,
        "exceedance_probability": 0,
        "adaptively_selected": 0
      },
      "geometry": {
        "type": "Point",
        "coordinates": [
          90.4858306,
          23.6733286
        ]
      }
    },
    {
      "type": "Feature",
      "properties": {
        "id": 90,
        "predicted_prevalence": 1.1503908e-07,
        "prediction_uncertainty": 0.7789278,
        "exceedance_probability": 0,
        "adaptively_selected": 0
      },
      "geometry": {
        "type": "Point",
        "coordinates": [
          90.4894776,
          23.6733286
        ]
      }
    },
    {
      "type": "Feature",
      "properties": {
        "id": 91,
        "predicted_prevalence": 2.4710473e-07,
        "prediction_uncertainty": 0.7789278,
        "exceedance_probability": 0,
        "adaptively_selected": 0
      },
      "geometry": {
        "type": "Point",
        "coordinates": [
          90.4931245,
          23.6733286
        ]
      }
    },
    {
      "type": "Feature",
      "properties": {
        "id": 92,
        "predicted_prevalence": 4.6522618e-07,
        "prediction_uncertainty": 0.7789278,
        "exceedance_probability": 0,
        "adaptively_selected": 0
      },
      "geometry": {
        "type": "Point",
        "coordinates": [
          90.4967714,
          23.6733286
        ]
      }
    },
    {
      "type": "Feature",
      "properties": {
        "id": 93,
        "predicted_prevalence": 7.668807e-07,
        "prediction_uncertainty": 0.7789278,
        "exceedance_probability": 0,
        "adaptively_selected": 0
      },
      "geometry": {
        "type": "Point",
        "coordinates": [
          90.5004184,
          23.6733286
        ]
      }
    },
    {
      "type": "Feature",
      "properties": {
        "id": 94,
        "predicted_prevalence": 1.1067084e-06,
        "prediction_uncertainty": 0.7789278,
        "exceedance_probability": 0,
        "adaptively_selected": 0
      },
      "geometry": {
        "type": "Point",
        "coordinates": [
          90.5040653,
          23.6733286
        ]
      }
    },
    {
      "type": "Feature",
      "properties": {
        "id": 95,
        "predicted_prevalence": 1.398225e-06,
        "prediction_uncertainty": 0.7789278,
        "exceedance_probability": 0,
        "adaptively_selected": 0
      },
      "geometry": {
        "type": "Point",
        "coordinates": [
          90.5077122,
          23.6733286
        ]
      }
    },
    {
      "type": "Feature",
      "properties": {
        "id": 96,
        "predicted_prevalence": 1.5465326e-06,
        "prediction_uncertainty": 0.7789278,
        "exceedance_probability": 0,
        "adaptively_selected": 0
      },
      "geometry": {
        "type": "Point",
        "coordinates": [
          90.5113592,
          23.6733286
        ]
      }
    },
    {
      "type": "Feature",
      "properties": {
        "id": 97,
        "predicted_prevalence": 1.4975427e-06,
        "prediction_uncertainty": 0.7789278,
        "exceedance_probability": 0,
        "adaptively_selected": 0
      },
      "geometry": {
        "type": "Point",
        "coordinates": [
          90.5150061,
          23.6733286
        ]
      }
    },
    {
      "type": "Feature",
      "properties": {
        "id": 98,
        "predicted_prevalence": 1.269514e-06,
        "prediction_uncertainty": 0.7789278,
        "exceedance_probability": 0,
        "adaptively_selected": 0
      },
      "geometry": {
        "type": "Point",
        "coordinates": [
          90.5186531,
          23.6733286
        ]
      }
    },
    {
      "type": "Feature",
      "properties": {
        "id": 99,
        "predicted_prevalence": 9.4218001e-07,
        "prediction_uncertainty": 0.7789278,
        "exceedance_probability": 0,
        "adaptively_selected": 0
      },
      "geometry": {
        "type": "Point",
        "coordinates": [
          90.5223,
          23.6733286
        ]
      }
    },
    {
      "type": "Feature",
      "properties": {
        "id": 100,
        "predicted_prevalence": 0.0001908,
        "prediction_uncertainty": 0.7789278,
        "exceedance_probability": 0,
        "adaptively_selected": 0
      },
      "geometry": {
        "type": "Point",
        "coordinates": [
          90.3436,
          23.6777571
        ]
      }
    },
    {
      "type": "Feature",
      "properties": {
        "id": 101,
        "predicted_prevalence": 0.0005499,
        "prediction_uncertainty": 0.7789274,
        "exceedance_probability": 0,
        "adaptively_selected": 0
      },
      "geometry": {
        "type": "Point",
        "coordinates": [
          90.3472469,
          23.6777571
        ]
      }
    },
    {
      "type": "Feature",
      "properties": {
        "id": 102,
        "predicted_prevalence": 0.0016806,
        "prediction_uncertainty": 0.778923,
        "exceedance_probability": 0,
        "adaptively_selected": 0
      },
      "geometry": {
        "type": "Point",
        "coordinates": [
          90.3508939,
          23.6777571
        ]
      }
    },
    {
      "type": "Feature",
      "properties": {
        "id": 103,
        "predicted_prevalence": 0.004985,
        "prediction_uncertainty": 0.7788791,
        "exceedance_probability": 0,
        "adaptively_selected": 0
      },
      "geometry": {
        "type": "Point",
        "coordinates": [
          90.3545408,
          23.6777571
        ]
      }
    },
    {
      "type": "Feature",
      "properties": {
        "id": 104,
        "predicted_prevalence": 0.013534,
        "prediction_uncertainty": 0.7785492,
        "exceedance_probability": 0,
        "adaptively_selected": 0
      },
      "geometry": {
        "type": "Point",
        "coordinates": [
          90.3581878,
          23.6777571
        ]
      }
    },
    {
      "type": "Feature",
      "properties": {
        "id": 105,
        "predicted_prevalence": 0.0327285,
        "prediction_uncertainty": 0.7766662,
        "exceedance_probability": 0,
        "adaptively_selected": 0
      },
      "geometry": {
        "type": "Point",
        "coordinates": [
          90.3618347,
          23.6777571
        ]
      }
    },
    {
      "type": "Feature",
      "properties": {
        "id": 106,
        "predicted_prevalence": 0.0697362,
        "prediction_uncertainty": 0.7685315,
        "exceedance_probability": 0,
        "adaptively_selected": 0
      },
      "geometry": {
        "type": "Point",
        "coordinates": [
          90.3654816,
          23.6777571
        ]
      }
    },
    {
      "type": "Feature",
      "properties": {
        "id": 107,
        "predicted_prevalence": 0.1303953,
        "prediction_uncertainty": 0.7418502,
        "exceedance_probability": 0,
        "adaptively_selected": 0
      },
      "geometry": {
        "type": "Point",
        "coordinates": [
          90.3691286,
          23.6777571
        ]
      }
    },
    {
      "type": "Feature",
      "properties": {
        "id": 108,
        "predicted_prevalence": 0.2136529,
        "prediction_uncertainty": 0.6747265,
        "exceedance_probability": 0,
        "adaptively_selected": 0
      },
      "geometry": {
        "type": "Point",
        "coordinates": [
          90.3727755,
          23.6777571
        ]
      }
    },
    {
      "type": "Feature",
      "properties": {
        "id": 109,
        "predicted_prevalence": 0.3066289,
        "prediction_uncertainty": 0.5430132,
        "exceedance_probability": 0,
        "adaptively_selected": 0
      },
      "geometry": {
        "type": "Point",
        "coordinates": [
          90.3764224,
          23.6777571
        ]
      }
    },
    {
      "type": "Feature",
      "properties": {
        "id": 110,
        "predicted_prevalence": 0.3854888,
        "prediction_uncertainty": 0.338533,
        "exceedance_probability": 1,
        "adaptively_selected": 0
      },
      "geometry": {
        "type": "Point",
        "coordinates": [
          90.3800694,
          23.6777571
        ]
      }
    },
    {
      "type": "Feature",
      "properties": {
        "id": 111,
        "predicted_prevalence": 0.4247905,
        "prediction_uncertainty": 0.1074106,
        "exceedance_probability": 1,
        "adaptively_selected": 0
      },
      "geometry": {
        "type": "Point",
        "coordinates": [
          90.3837163,
          23.6777571
        ]
      }
    },
    {
      "type": "Feature",
      "properties": {
        "id": 112,
        "predicted_prevalence": 0.4109837,
        "prediction_uncertainty": 0.2345343,
        "exceedance_probability": 1,
        "adaptively_selected": 0
      },
      "geometry": {
        "type": "Point",
        "coordinates": [
          90.3873633,
          23.6777571
        ]
      }
    },
    {
      "type": "Feature",
      "properties": {
        "id": 113,
        "predicted_prevalence": 0.3505312,
        "prediction_uncertainty": 0.4633517,
        "exceedance_probability": 1,
        "adaptively_selected": 0
      },
      "geometry": {
        "type": "Point",
        "coordinates": [
          90.3910102,
          23.6777571
        ]
      }
    },
    {
      "type": "Feature",
      "properties": {
        "id": 114,
        "predicted_prevalence": 0.2660988,
        "prediction_uncertainty": 0.6269072,
        "exceedance_probability": 0,
        "adaptively_selected": 0
      },
      "geometry": {
        "type": "Point",
        "coordinates": [
          90.3946571,
          23.6777571
        ]
      }
    },
    {
      "type": "Feature",
      "properties": {
        "id": 115,
        "predicted_prevalence": 0.1836528,
        "prediction_uncertainty": 0.7189545,
        "exceedance_probability": 0,
        "adaptively_selected": 0
      },
      "geometry": {
        "type": "Point",
        "coordinates": [
          90.3983041,
          23.6777571
        ]
      }
    },
    {
      "type": "Feature",
      "properties": {
        "id": 116,
        "predicted_prevalence": 0.1200749,
        "prediction_uncertainty": 0.7594752,
        "exceedance_probability": 0,
        "adaptively_selected": 0
      },
      "geometry": {
        "type": "Point",
        "coordinates": [
          90.401951,
          23.6777571
        ]
      }
    },
    {
      "type": "Feature",
      "properties": {
        "id": 117,
        "predicted_prevalence": 0.0789361,
        "prediction_uncertainty": 0.7731413,
        "exceedance_probability": 0,
        "adaptively_selected": 0
      },
      "geometry": {
        "type": "Point",
        "coordinates": [
          90.405598,
          23.6777571
        ]
      }
    },
    {
      "type": "Feature",
      "properties": {
        "id": 118,
        "predicted_prevalence": 0.0545891,
        "prediction_uncertainty": 0.7767342,
        "exceedance_probability": 0,
        "adaptively_selected": 0
      },
      "geometry": {
        "type": "Point",
        "coordinates": [
          90.4092449,
          23.6777571
        ]
      }
    },
    {
      "type": "Feature",
      "properties": {
        "id": 119,
        "predicted_prevalence": 0.0392476,
        "prediction_uncertainty": 0.7776643,
        "exceedance_probability": 0,
        "adaptively_selected": 0
      },
      "geometry": {
        "type": "Point",
        "coordinates": [
          90.4128918,
          23.6777571
        ]
      }
    },
    {
      "type": "Feature",
      "properties": {
        "id": 120,
        "predicted_prevalence": 0.027803,
        "prediction_uncertainty": 0.7779227,
        "exceedance_probability": 0,
        "adaptively_selected": 0
      },
      "geometry": {
        "type": "Point",
        "coordinates": [
          90.4165388,
          23.6777571
        ]
      }
    },
    {
      "type": "Feature",
      "properties": {
        "id": 121,
        "predicted_prevalence": 0.0186494,
        "prediction_uncertainty": 0.7776507,
        "exceedance_probability": 0,
        "adaptively_selected": 0
      },
      "geometry": {
        "type": "Point",
        "coordinates": [
          90.4201857,
          23.6777571
        ]
      }
    },
    {
      "type": "Feature",
      "properties": {
        "id": 122,
        "predicted_prevalence": 0.0119718,
        "prediction_uncertainty": 0.7768892,
        "exceedance_probability": 0,
        "adaptively_selected": 0
      },
      "geometry": {
        "type": "Point",
        "coordinates": [
          90.4238327,
          23.6777571
        ]
      }
    },
    {
      "type": "Feature",
      "properties": {
        "id": 123,
        "predicted_prevalence": 0.0078707,
        "prediction_uncertainty": 0.7760846,
        "exceedance_probability": 0,
        "adaptively_selected": 0
      },
      "geometry": {
        "type": "Point",
        "coordinates": [
          90.4274796,
          23.6777571
        ]
      }
    },
    {
      "type": "Feature",
      "properties": {
        "id": 124,
        "predicted_prevalence": 0.0056911,
        "prediction_uncertainty": 0.7758415,
        "exceedance_probability": 0,
        "adaptively_selected": 0
      },
      "geometry": {
        "type": "Point",
        "coordinates": [
          90.4311265,
          23.6777571
        ]
      }
    },
    {
      "type": "Feature",
      "properties": {
        "id": 125,
        "predicted_prevalence": 0.004436,
        "prediction_uncertainty": 0.7763712,
        "exceedance_probability": 0,
        "adaptively_selected": 0
      },
      "geometry": {
        "type": "Point",
        "coordinates": [
          90.4347735,
          23.6777571
        ]
      }
    },
    {
      "type": "Feature",
      "properties": {
        "id": 126,
        "predicted_prevalence": 0.0033953,
        "prediction_uncertainty": 0.7773145,
        "exceedance_probability": 0,
        "adaptively_selected": 0
      },
      "geometry": {
        "type": "Point",
        "coordinates": [
          90.4384204,
          23.6777571
        ]
      }
    },
    {
      "type": "Feature",
      "properties": {
        "id": 127,
        "predicted_prevalence": 0.0023637,
        "prediction_uncertainty": 0.7781516,
        "exceedance_probability": 0,
        "adaptively_selected": 0
      },
      "geometry": {
        "type": "Point",
        "coordinates": [
          90.4420673,
          23.6777571
        ]
      }
    },
    {
      "type": "Feature",
      "properties": {
        "id": 128,
        "predicted_prevalence": 0.0014438,
        "prediction_uncertainty": 0.7786429,
        "exceedance_probability": 0,
        "adaptively_selected": 0
      },
      "geometry": {
        "type": "Point",
        "coordinates": [
          90.4457143,
          23.6777571
        ]
      }
    },
    {
      "type": "Feature",
      "properties": {
        "id": 129,
        "predicted_prevalence": 0.0007653,
        "prediction_uncertainty": 0.778848,
        "exceedance_probability": 0,
        "adaptively_selected": 1
      },
      "geometry": {
        "type": "Point",
        "coordinates": [
          90.4493612,
          23.6777571
        ]
      }
    },
    {
      "type": "Feature",
      "properties": {
        "id": 130,
        "predicted_prevalence": 0.0003523,
        "prediction_uncertainty": 0.7789107,
        "exceedance_probability": 0,
        "adaptively_selected": 0
      },
      "geometry": {
        "type": "Point",
        "coordinates": [
          90.4530082,
          23.6777571
        ]
      }
    },
    {
      "type": "Feature",
      "properties": {
        "id": 131,
        "predicted_prevalence": 0.0001418,
        "prediction_uncertainty": 0.778925,
        "exceedance_probability": 0,
        "adaptively_selected": 0
      },
      "geometry": {
        "type": "Point",
        "coordinates": [
          90.4566551,
          23.6777571
        ]
      }
    },
    {
      "type": "Feature",
      "properties": {
        "id": 132,
        "predicted_prevalence": 5.05e-05,
        "prediction_uncertainty": 0.7789274,
        "exceedance_probability": 0,
        "adaptively_selected": 0
      },
      "geometry": {
        "type": "Point",
        "coordinates": [
          90.460302,
          23.6777571
        ]
      }
    },
    {
      "type": "Feature",
      "properties": {
        "id": 133,
        "predicted_prevalence": 1.63e-05,
        "prediction_uncertainty": 0.7789278,
        "exceedance_probability": 0,
        "adaptively_selected": 0
      },
      "geometry": {
        "type": "Point",
        "coordinates": [
          90.463949,
          23.6777571
        ]
      }
    },
    {
      "type": "Feature",
      "properties": {
        "id": 134,
        "predicted_prevalence": 4.8566324e-06,
        "prediction_uncertainty": 0.7789278,
        "exceedance_probability": 0,
        "adaptively_selected": 0
      },
      "geometry": {
        "type": "Point",
        "coordinates": [
          90.4675959,
          23.6777571
        ]
      }
    },
    {
      "type": "Feature",
      "properties": {
        "id": 135,
        "predicted_prevalence": 1.3846299e-06,
        "prediction_uncertainty": 0.7789278,
        "exceedance_probability": 0,
        "adaptively_selected": 0
      },
      "geometry": {
        "type": "Point",
        "coordinates": [
          90.4712429,
          23.6777571
        ]
      }
    },
    {
      "type": "Feature",
      "properties": {
        "id": 136,
        "predicted_prevalence": 3.9305928e-07,
        "prediction_uncertainty": 0.7789278,
        "exceedance_probability": 0,
        "adaptively_selected": 0
      },
      "geometry": {
        "type": "Point",
        "coordinates": [
          90.4748898,
          23.6777571
        ]
      }
    },
    {
      "type": "Feature",
      "properties": {
        "id": 137,
        "predicted_prevalence": 1.4484003e-07,
        "prediction_uncertainty": 0.7789278,
        "exceedance_probability": 0,
        "adaptively_selected": 0
      },
      "geometry": {
        "type": "Point",
        "coordinates": [
          90.4785367,
          23.6777571
        ]
      }
    },
    {
      "type": "Feature",
      "properties": {
        "id": 138,
        "predicted_prevalence": 1.6430539e-07,
        "prediction_uncertainty": 0.7789278,
        "exceedance_probability": 0,
        "adaptively_selected": 0
      },
      "geometry": {
        "type": "Point",
        "coordinates": [
          90.4821837,
          23.6777571
        ]
      }
    },
    {
      "type": "Feature",
      "properties": {
        "id": 139,
        "predicted_prevalence": 3.952602e-07,
        "prediction_uncertainty": 0.7789278,
        "exceedance_probability": 0,
        "adaptively_selected": 0
      },
      "geometry": {
        "type": "Point",
        "coordinates": [
          90.4858306,
          23.6777571
        ]
      }
    },
    {
      "type": "Feature",
      "properties": {
        "id": 140,
        "predicted_prevalence": 9.5772141e-07,
        "prediction_uncertainty": 0.7789278,
        "exceedance_probability": 0,
        "adaptively_selected": 0
      },
      "geometry": {
        "type": "Point",
        "coordinates": [
          90.4894776,
          23.6777571
        ]
      }
    },
    {
      "type": "Feature",
      "properties": {
        "id": 141,
        "predicted_prevalence": 2.0573933e-06,
        "prediction_uncertainty": 0.7789278,
        "exceedance_probability": 0,
        "adaptively_selected": 0
      },
      "geometry": {
        "type": "Point",
        "coordinates": [
          90.4931245,
          23.6777571
        ]
      }
    },
    {
      "type": "Feature",
      "properties": {
        "id": 142,
        "predicted_prevalence": 3.8734901e-06,
        "prediction_uncertainty": 0.7789278,
        "exceedance_probability": 0,
        "adaptively_selected": 0
      },
      "geometry": {
        "type": "Point",
        "coordinates": [
          90.4967714,
          23.6777571
        ]
      }
    },
    {
      "type": "Feature",
      "properties": {
        "id": 143,
        "predicted_prevalence": 6.385078e-06,
        "prediction_uncertainty": 0.7789278,
        "exceedance_probability": 0,
        "adaptively_selected": 0
      },
      "geometry": {
        "type": "Point",
        "coordinates": [
          90.5004184,
          23.6777571
        ]
      }
    },
    {
      "type": "Feature",
      "properties": {
        "id": 144,
        "predicted_prevalence": 9.2144968e-06,
        "prediction_uncertainty": 0.7789278,
        "exceedance_probability": 0,
        "adaptively_selected": 0
      },
      "geometry": {
        "type": "Point",
        "coordinates": [
          90.5040653,
          23.6777571
        ]
      }
    },
    {
      "type": "Feature",
      "properties": {
        "id": 145,
        "predicted_prevalence": 1.16e-05,
        "prediction_uncertainty": 0.7789278,
        "exceedance_probability": 0,
        "adaptively_selected": 0
      },
      "geometry": {
        "type": "Point",
        "coordinates": [
          90.5077122,
          23.6777571
        ]
      }
    },
    {
      "type": "Feature",
      "properties": {
        "id": 146,
        "predicted_prevalence": 1.29e-05,
        "prediction_uncertainty": 0.7789278,
        "exceedance_probability": 0,
        "adaptively_selected": 1
      },
      "geometry": {
        "type": "Point",
        "coordinates": [
          90.5113592,
          23.6777571
        ]
      }
    },
    {
      "type": "Feature",
      "properties": {
        "id": 147,
        "predicted_prevalence": 1.25e-05,
        "prediction_uncertainty": 0.7789278,
        "exceedance_probability": 0,
        "adaptively_selected": 0
      },
      "geometry": {
        "type": "Point",
        "coordinates": [
          90.5150061,
          23.6777571
        ]
      }
    },
    {
      "type": "Feature",
      "properties": {
        "id": 148,
        "predicted_prevalence": 1.06e-05,
        "prediction_uncertainty": 0.7789278,
        "exceedance_probability": 0,
        "adaptively_selected": 0
      },
      "geometry": {
        "type": "Point",
        "coordinates": [
          90.5186531,
          23.6777571
        ]
      }
    },
    {
      "type": "Feature",
      "properties": {
        "id": 149,
        "predicted_prevalence": 7.8446269e-06,
        "prediction_uncertainty": 0.7789278,
        "exceedance_probability": 0,
        "adaptively_selected": 0
      },
      "geometry": {
        "type": "Point",
        "coordinates": [
          90.5223,
          23.6777571
        ]
      }
    },
    {
      "type": "Feature",
      "properties": {
        "id": 150,
        "predicted_prevalence": 0.0005824,
        "prediction_uncertainty": 0.7789274,
        "exceedance_probability": 0,
        "adaptively_selected": 0
      },
      "geometry": {
        "type": "Point",
        "coordinates": [
          90.3436,
          23.6821857
        ]
      }
    },
    {
      "type": "Feature",
      "properties": {
        "id": 151,
        "predicted_prevalence": 0.0011242,
        "prediction_uncertainty": 0.7789267,
        "exceedance_probability": 0,
        "adaptively_selected": 0
      },
      "geometry": {
        "type": "Point",
        "coordinates": [
          90.3472469,
          23.6821857
        ]
      }
    },
    {
      "type": "Feature",
      "properties": {
        "id": 152,
        "predicted_prevalence": 0.0023809,
        "prediction_uncertainty": 0.7789221,
        "exceedance_probability": 0,
        "adaptively_selected": 0
      },
      "geometry": {
        "type": "Point",
        "coordinates": [
          90.3508939,
          23.6821857
        ]
      }
    },
    {
      "type": "Feature",
      "properties": {
        "id": 153,
        "predicted_prevalence": 0.0056122,
        "prediction_uncertainty": 0.7788817,
        "exceedance_probability": 0,
        "adaptively_selected": 1
      },
      "geometry": {
        "type": "Point",
        "coordinates": [
          90.3545408,
          23.6821857
        ]
      }
    },
    {
      "type": "Feature",
      "properties": {
        "id": 154,
        "predicted_prevalence": 0.013664,
        "prediction_uncertainty": 0.7785816,
        "exceedance_probability": 0,
        "adaptively_selected": 0
      },
      "geometry": {
        "type": "Point",
        "coordinates": [
          90.3581878,
          23.6821857
        ]
      }
    },
    {
      "type": "Feature",
      "properties": {
        "id": 155,
        "predicted_prevalence": 0.0316172,
        "prediction_uncertainty": 0.7768697,
        "exceedance_probability": 0,
        "adaptively_selected": 0
      },
      "geometry": {
        "type": "Point",
        "coordinates": [
          90.3618347,
          23.6821857
        ]
      }
    },
    {
      "type": "Feature",
      "properties": {
        "id": 156,
        "predicted_prevalence": 0.0662635,
        "prediction_uncertainty": 0.769477,
        "exceedance_probability": 0,
        "adaptively_selected": 0
      },
      "geometry": {
        "type": "Point",
        "coordinates": [
          90.3654816,
          23.6821857
        ]
      }
    },
    {
      "type": "Feature",
      "properties": {
        "id": 157,
        "predicted_prevalence": 0.1231754,
        "prediction_uncertainty": 0.7452804,
        "exceedance_probability": 0,
        "adaptively_selected": 0
      },
      "geometry": {
        "type": "Point",
        "coordinates": [
          90.3691286,
          23.6821857
        ]
      }
    },
    {
      "type": "Feature",
      "properties": {
        "id": 158,
        "predicted_prevalence": 0.2014562,
        "prediction_uncertainty": 0.6848074,
        "exceedance_probability": 0,
        "adaptively_selected": 0
      },
      "geometry": {
        "type": "Point",
        "coordinates": [
          90.3727755,
          23.6821857
        ]
      }
    },
    {
      "type": "Feature",
      "properties": {
        "id": 159,
        "predicted_prevalence": 0.2891114,
        "prediction_uncertainty": 0.5684042,
        "exceedance_probability": 0,
        "adaptively_selected": 0
      },
      "geometry": {
        "type": "Point",
        "coordinates": [
          90.3764224,
          23.6821857
        ]
      }
    },
    {
      "type": "Feature",
      "properties": {
        "id": 160,
        "predicted_prevalence": 0.3639447,
        "prediction_uncertainty": 0.3989221,
        "exceedance_probability": 1,
        "adaptively_selected": 0
      },
      "geometry": {
        "type": "Point",
        "coordinates": [
          90.3800694,
          23.6821857
        ]
      }
    },
    {
      "type": "Feature",
      "properties": {
        "id": 161,
        "predicted_prevalence": 0.402483,
        "prediction_uncertainty": 0.2557092,
        "exceedance_probability": 1,
        "adaptively_selected": 0
      },
      "geometry": {
        "type": "Point",
        "coordinates": [
          90.3837163,
          23.6821857
        ]
      }
    },
    {
      "type": "Feature",
      "properties": {
        "id": 162,
        "predicted_prevalence": 0.3927814,
        "prediction_uncertainty": 0.3237358,
        "exceedance_probability": 1,
        "adaptively_selected": 0
      },
      "geometry": {
        "type": "Point",
        "coordinates": [
          90.3873633,
          23.6821857
        ]
      }
    },
    {
      "type": "Feature",
      "properties": {
        "id": 163,
        "predicted_prevalence": 0.3419524,
        "prediction_uncertainty": 0.4995077,
        "exceedance_probability": 0,
        "adaptively_selected": 0
      },
      "geometry": {
        "type": "Point",
        "coordinates": [
          90.3910102,
          23.6821857
        ]
      }
    },
    {
      "type": "Feature",
      "properties": {
        "id": 164,
        "predicted_prevalence": 0.272048,
        "prediction_uncertainty": 0.6404144,
        "exceedance_probability": 0,
        "adaptively_selected": 0
      },
      "geometry": {
        "type": "Point",
        "coordinates": [
          90.3946571,
          23.6821857
        ]
      }
    },
    {
      "type": "Feature",
      "properties": {
        "id": 165,
        "predicted_prevalence": 0.2070249,
        "prediction_uncertainty": 0.7208859,
        "exceedance_probability": 0,
        "adaptively_selected": 0
      },
      "geometry": {
        "type": "Point",
        "coordinates": [
          90.3983041,
          23.6821857
        ]
      }
    },
    {
      "type": "Feature",
      "properties": {
        "id": 166,
        "predicted_prevalence": 0.1603931,
        "prediction_uncertainty": 0.7549385,
        "exceedance_probability": 0,
        "adaptively_selected": 0
      },
      "geometry": {
        "type": "Point",
        "coordinates": [
          90.401951,
          23.6821857
        ]
      }
    },
    {
      "type": "Feature",
      "properties": {
        "id": 167,
        "predicted_prevalence": 0.1315956,
        "prediction_uncertainty": 0.7652511,
        "exceedance_probability": 0,
        "adaptively_selected": 0
      },
      "geometry": {
        "type": "Point",
        "coordinates": [
          90.405598,
          23.6821857
        ]
      }
    },
    {
      "type": "Feature",
      "properties": {
        "id": 168,
        "predicted_prevalence": 0.111617,
        "prediction_uncertainty": 0.7682624,
        "exceedance_probability": 0,
        "adaptively_selected": 0
      },
      "geometry": {
        "type": "Point",
        "coordinates": [
          90.4092449,
          23.6821857
        ]
      }
    },
    {
      "type": "Feature",
      "properties": {
        "id": 169,
        "predicted_prevalence": 0.091917,
        "prediction_uncertainty": 0.7705924,
        "exceedance_probability": 0,
        "adaptively_selected": 0
      },
      "geometry": {
        "type": "Point",
        "coordinates": [
          90.4128918,
          23.6821857
        ]
      }
    },
    {
      "type": "Feature",
      "properties": {
        "id": 170,
        "predicted_prevalence": 0.0699941,
        "prediction_uncertainty": 0.7721474,
        "exceedance_probability": 0,
        "adaptively_selected": 0
      },
      "geometry": {
        "type": "Point",
        "coordinates": [
          90.4165388,
          23.6821857
        ]
      }
    },
    {
      "type": "Feature",
      "properties": {
        "id": 171,
        "predicted_prevalence": 0.0488734,
        "prediction_uncertainty": 0.770925,
        "exceedance_probability": 0,
        "adaptively_selected": 0
      },
      "geometry": {
        "type": "Point",
        "coordinates": [
          90.4201857,
          23.6821857
        ]
      }
    },
    {
      "type": "Feature",
      "properties": {
        "id": 172,
        "predicted_prevalence": 0.0327317,
        "prediction_uncertainty": 0.7666117,
        "exceedance_probability": 0,
        "adaptively_selected": 0
      },
      "geometry": {
        "type": "Point",
        "coordinates": [
          90.4238327,
          23.6821857
        ]
      }
    },
    {
      "type": "Feature",
      "properties": {
        "id": 173,
        "predicted_prevalence": 0.0230575,
        "prediction_uncertainty": 0.7617777,
        "exceedance_probability": 0,
        "adaptively_selected": 0
      },
      "geometry": {
        "type": "Point",
        "coordinates": [
          90.4274796,
          23.6821857
        ]
      }
    },
    {
      "type": "Feature",
      "properties": {
        "id": 174,
        "predicted_prevalence": 0.0180937,
        "prediction_uncertainty": 0.7601557,
        "exceedance_probability": 0,
        "adaptively_selected": 0
      },
      "geometry": {
        "type": "Point",
        "coordinates": [
          90.4311265,
          23.6821857
        ]
      }
    },
    {
      "type": "Feature",
      "properties": {
        "id": 175,
        "predicted_prevalence": 0.0149277,
        "prediction_uncertainty": 0.7632327,
        "exceedance_probability": 0,
        "adaptively_selected": 0
      },
      "geometry": {
        "type": "Point",
        "coordinates": [
          90.4347735,
          23.6821857
        ]
      }
    },
    {
      "type": "Feature",
      "properties": {
        "id": 176,
        "predicted_prevalence": 0.0116899,
        "prediction_uncertainty": 0.7689383,
        "exceedance_probability": 0,
        "adaptively_selected": 0
      },
      "geometry": {
        "type": "Point",
        "coordinates": [
          90.4384204,
          23.6821857
        ]
      }
    },
    {
      "type": "Feature",
      "properties": {
        "id": 177,
        "predicted_prevalence": 0.0081487,
        "prediction_uncertainty": 0.7740819,
        "exceedance_probability": 0,
        "adaptively_selected": 0
      },
      "geometry": {
        "type": "Point",
        "coordinates": [
          90.4420673,
          23.6821857
        ]
      }
    },
    {
      "type": "Feature",
      "properties": {
        "id": 178,
        "predicted_prevalence": 0.0049335,
        "prediction_uncertainty": 0.7771344,
        "exceedance_probability": 0,
        "adaptively_selected": 0
      },
      "geometry": {
        "type": "Point",
        "coordinates": [
          90.4457143,
          23.6821857
        ]
      }
    },
    {
      "type": "Feature",
      "properties": {
        "id": 179,
        "predicted_prevalence": 0.0025841,
        "prediction_uncertainty": 0.7784214,
        "exceedance_probability": 0,
        "adaptively_selected": 0
      },
      "geometry": {
        "type": "Point",
        "coordinates": [
          90.4493612,
          23.6821857
        ]
      }
    },
    {
      "type": "Feature",
      "properties": {
        "id": 180,
        "predicted_prevalence": 0.0011786,
        "prediction_uncertainty": 0.7788187,
        "exceedance_probability": 0,
        "adaptively_selected": 0
      },
      "geometry": {
        "type": "Point",
        "coordinates": [
          90.4530082,
          23.6821857
        ]
      }
    },
    {
      "type": "Feature",
      "properties": {
        "id": 181,
        "predicted_prevalence": 0.000475,
        "prediction_uncertainty": 0.7789098,
        "exceedance_probability": 0,
        "adaptively_selected": 0
      },
      "geometry": {
        "type": "Point",
        "coordinates": [
          90.4566551,
          23.6821857
        ]
      }
    },
    {
      "type": "Feature",
      "properties": {
        "id": 182,
        "predicted_prevalence": 0.0001732,
        "prediction_uncertainty": 0.7789255,
        "exceedance_probability": 0,
        "adaptively_selected": 0
      },
      "geometry": {
        "type": "Point",
        "coordinates": [
          90.460302,
          23.6821857
        ]
      }
    },
    {
      "type": "Feature",
      "properties": {
        "id": 183,
        "predicted_prevalence": 5.91e-05,
        "prediction_uncertainty": 0.7789276,
        "exceedance_probability": 0,
        "adaptively_selected": 0
      },
      "geometry": {
        "type": "Point",
        "coordinates": [
          90.463949,
          23.6821857
        ]
      }
    },
    {
      "type": "Feature",
      "properties": {
        "id": 184,
        "predicted_prevalence": 1.95e-05,
        "prediction_uncertainty": 0.7789278,
        "exceedance_probability": 0,
        "adaptively_selected": 0
      },
      "geometry": {
        "type": "Point",
        "coordinates": [
          90.4675959,
          23.6821857
        ]
      }
    },
    {
      "type": "Feature",
      "properties": {
        "id": 185,
        "predicted_prevalence": 6.3251635e-06,
        "prediction_uncertainty": 0.7789278,
        "exceedance_probability": 0,
        "adaptively_selected": 0
      },
      "geometry": {
        "type": "Point",
        "coordinates": [
          90.4712429,
          23.6821857
        ]
      }
    },
    {
      "type": "Feature",
      "properties": {
        "id": 186,
        "predicted_prevalence": 2.0610343e-06,
        "prediction_uncertainty": 0.7789278,
        "exceedance_probability": 0,
        "adaptively_selected": 0
      },
      "geometry": {
        "type": "Point",
        "coordinates": [
          90.4748898,
          23.6821857
        ]
      }
    },
    {
      "type": "Feature",
      "properties": {
        "id": 187,
        "predicted_prevalence": 8.8175081e-07,
        "prediction_uncertainty": 0.7789278,
        "exceedance_probability": 0,
        "adaptively_selected": 0
      },
      "geometry": {
        "type": "Point",
        "coordinates": [
          90.4785367,
          23.6821857
        ]
      }
    },
    {
      "type": "Feature",
      "properties": {
        "id": 188,
        "predicted_prevalence": 1.1077725e-06,
        "prediction_uncertainty": 0.7789278,
        "exceedance_probability": 0,
        "adaptively_selected": 0
      },
      "geometry": {
        "type": "Point",
        "coordinates": [
          90.4821837,
          23.6821857
        ]
      }
    },
    {
      "type": "Feature",
      "properties": {
        "id": 189,
        "predicted_prevalence": 2.7026703e-06,
        "prediction_uncertainty": 0.7789278,
        "exceedance_probability": 0,
        "adaptively_selected": 0
      },
      "geometry": {
        "type": "Point",
        "coordinates": [
          90.4858306,
          23.6821857
        ]
      }
    },
    {
      "type": "Feature",
      "properties": {
        "id": 190,
        "predicted_prevalence": 6.5536892e-06,
        "prediction_uncertainty": 0.7789278,
        "exceedance_probability": 0,
        "adaptively_selected": 0
      },
      "geometry": {
        "type": "Point",
        "coordinates": [
          90.4894776,
          23.6821857
        ]
      }
    },
    {
      "type": "Feature",
      "properties": {
        "id": 191,
        "predicted_prevalence": 1.41e-05,
        "prediction_uncertainty": 0.7789278,
        "exceedance_probability": 0,
        "adaptively_selected": 0
      },
      "geometry": {
        "type": "Point",
        "coordinates": [
          90.4931245,
          23.6821857
        ]
      }
    },
    {
      "type": "Feature",
      "properties": {
        "id": 192,
        "predicted_prevalence": 2.65e-05,
        "prediction_uncertainty": 0.7789278,
        "exceedance_probability": 0,
        "adaptively_selected": 0
      },
      "geometry": {
        "type": "Point",
        "coordinates": [
          90.4967714,
          23.6821857
        ]
      }
    },
    {
      "type": "Feature",
      "properties": {
        "id": 193,
        "predicted_prevalence": 4.37e-05,
        "prediction_uncertainty": 0.7789278,
        "exceedance_probability": 0,
        "adaptively_selected": 0
      },
      "geometry": {
        "type": "Point",
        "coordinates": [
          90.5004184,
          23.6821857
        ]
      }
    },
    {
      "type": "Feature",
      "properties": {
        "id": 194,
        "predicted_prevalence": 6.31e-05,
        "prediction_uncertainty": 0.7789278,
        "exceedance_probability": 0,
        "adaptively_selected": 0
      },
      "geometry": {
        "type": "Point",
        "coordinates": [
          90.5040653,
          23.6821857
        ]
      }
    },
    {
      "type": "Feature",
      "properties": {
        "id": 195,
        "predicted_prevalence": 7.97e-05,
        "prediction_uncertainty": 0.7789278,
        "exceedance_probability": 0,
        "adaptively_selected": 0
      },
      "geometry": {
        "type": "Point",
        "coordinates": [
          90.5077122,
          23.6821857
        ]
      }
    },
    {
      "type": "Feature",
      "properties": {
        "id": 196,
        "predicted_prevalence": 8.81e-05,
        "prediction_uncertainty": 0.7789278,
        "exceedance_probability": 0,
        "adaptively_selected": 0
      },
      "geometry": {
        "type": "Point",
        "coordinates": [
          90.5113592,
          23.6821857
        ]
      }
    },
    {
      "type": "Feature",
      "properties": {
        "id": 197,
        "predicted_prevalence": 8.53e-05,
        "prediction_uncertainty": 0.7789278,
        "exceedance_probability": 0,
        "adaptively_selected": 0
      },
      "geometry": {
        "type": "Point",
        "coordinates": [
          90.5150061,
          23.6821857
        ]
      }
    },
    {
      "type": "Feature",
      "properties": {
        "id": 198,
        "predicted_prevalence": 7.23e-05,
        "prediction_uncertainty": 0.7789278,
        "exceedance_probability": 0,
        "adaptively_selected": 0
      },
      "geometry": {
        "type": "Point",
        "coordinates": [
          90.5186531,
          23.6821857
        ]
      }
    },
    {
      "type": "Feature",
      "properties": {
        "id": 199,
        "predicted_prevalence": 5.37e-05,
        "prediction_uncertainty": 0.7789278,
        "exceedance_probability": 0,
        "adaptively_selected": 0
      },
      "geometry": {
        "type": "Point",
        "coordinates": [
          90.5223,
          23.6821857
        ]
      }
    },
    {
      "type": "Feature",
      "properties": {
        "id": 200,
        "predicted_prevalence": 0.0022079,
        "prediction_uncertainty": 0.7789211,
        "exceedance_probability": 0,
        "adaptively_selected": 0
      },
      "geometry": {
        "type": "Point",
        "coordinates": [
          90.3436,
          23.6866143
        ]
      }
    },
    {
      "type": "Feature",
      "properties": {
        "id": 201,
        "predicted_prevalence": 0.0035054,
        "prediction_uncertainty": 0.7789125,
        "exceedance_probability": 0,
        "adaptively_selected": 0
      },
      "geometry": {
        "type": "Point",
        "coordinates": [
          90.3472469,
          23.6866143
        ]
      }
    },
    {
      "type": "Feature",
      "properties": {
        "id": 202,
        "predicted_prevalence": 0.005279,
        "prediction_uncertainty": 0.7788989,
        "exceedance_probability": 0,
        "adaptively_selected": 0
      },
      "geometry": {
        "type": "Point",
        "coordinates": [
          90.3508939,
          23.6866143
        ]
      }
    },
    {
      "type": "Feature",
      "properties": {
        "id": 203,
        "predicted_prevalence": 0.0081941,
        "prediction_uncertainty": 0.7788657,
        "exceedance_probability": 0,
        "adaptively_selected": 0
      },
      "geometry": {
        "type": "Point",
        "coordinates": [
          90.3545408,
          23.6866143
        ]
      }
    },
    {
      "type": "Feature",
      "properties": {
        "id": 204,
        "predicted_prevalence": 0.0141565,
        "prediction_uncertainty": 0.7786803,
        "exceedance_probability": 0,
        "adaptively_selected": 0
      },
      "geometry": {
        "type": "Point",
        "coordinates": [
          90.3581878,
          23.6866143
        ]
      }
    },
    {
      "type": "Feature",
      "properties": {
        "id": 205,
        "predicted_prevalence": 0.0269067,
        "prediction_uncertainty": 0.7776344,
        "exceedance_probability": 0,
        "adaptively_selected": 0
      },
      "geometry": {
        "type": "Point",
        "coordinates": [
          90.3618347,
          23.6866143
        ]
      }
    },
    {
      "type": "Feature",
      "properties": {
        "id": 206,
        "predicted_prevalence": 0.0516534,
        "prediction_uncertainty": 0.773106,
        "exceedance_probability": 0,
        "adaptively_selected": 0
      },
      "geometry": {
        "type": "Point",
        "coordinates": [
          90.3654816,
          23.6866143
        ]
      }
    },
    {
      "type": "Feature",
      "properties": {
        "id": 207,
        "predicted_prevalence": 0.0928276,
        "prediction_uncertainty": 0.758379,
        "exceedance_probability": 0,
        "adaptively_selected": 0
      },
      "geometry": {
        "type": "Point",
        "coordinates": [
          90.3691286,
          23.6866143
        ]
      }
    },
    {
      "type": "Feature",
      "properties": {
        "id": 208,
        "predicted_prevalence": 0.1501029,
        "prediction_uncertainty": 0.7224267,
        "exceedance_probability": 0,
        "adaptively_selected": 0
      },
      "geometry": {
        "type": "Point",
        "coordinates": [
          90.3727755,
          23.6866143
        ]
      }
    },
    {
      "type": "Feature",
      "properties": {
        "id": 209,
        "predicted_prevalence": 0.2149566,
        "prediction_uncertainty": 0.6573396,
        "exceedance_probability": 0,
        "adaptively_selected": 0
      },
      "geometry": {
        "type": "Point",
        "coordinates": [
          90.3764224,
          23.6866143
        ]
      }
    },
    {
      "type": "Feature",
      "properties": {
        "id": 210,
        "predicted_prevalence": 0.2714682,
        "prediction_uncertainty": 0.5754706,
        "exceedance_probability": 0,
        "adaptively_selected": 0
      },
      "geometry": {
        "type": "Point",
        "coordinates": [
          90.3800694,
          23.6866143
        ]
      }
    },
    {
      "type": "Feature",
      "properties": {
        "id": 211,
        "predicted_prevalence": 0.3031965,
        "prediction_uncertainty": 0.5228293,
        "exceedance_probability": 0,
        "adaptively_selected": 0
      },
      "geometry": {
        "type": "Point",
        "coordinates": [
          90.3837163,
          23.6866143
        ]
      }
    },
    {
      "type": "Feature",
      "properties": {
        "id": 212,
        "predicted_prevalence": 0.302916,
        "prediction_uncertainty": 0.5449018,
        "exceedance_probability": 0,
        "adaptively_selected": 0
      },
      "geometry": {
        "type": "Point",
        "coordinates": [
          90.3873633,
          23.6866143
        ]
      }
    },
    {
      "type": "Feature",
      "properties": {
        "id": 213,
        "predicted_prevalence": 0.2780448,
        "prediction_uncertainty": 0.6190224,
        "exceedance_probability": 0,
        "adaptively_selected": 0
      },
      "geometry": {
        "type": "Point",
        "coordinates": [
          90.3910102,
          23.6866143
        ]
      }
    },
    {
      "type": "Feature",
      "properties": {
        "id": 214,
        "predicted_prevalence": 0.2465664,
        "prediction_uncertainty": 0.6887122,
        "exceedance_probability": 0,
        "adaptively_selected": 0
      },
      "geometry": {
        "type": "Point",
        "coordinates": [
          90.3946571,
          23.6866143
        ]
      }
    },
    {
      "type": "Feature",
      "properties": {
        "id": 215,
        "predicted_prevalence": 0.2254526,
        "prediction_uncertainty": 0.7257969,
        "exceedance_probability": 0,
        "adaptively_selected": 0
      },
      "geometry": {
        "type": "Point",
        "coordinates": [
          90.3983041,
          23.6866143
        ]
      }
    },
    {
      "type": "Feature",
      "properties": {
        "id": 216,
        "predicted_prevalence": 0.2198077,
        "prediction_uncertainty": 0.7335349,
        "exceedance_probability": 0,
        "adaptively_selected": 0
      },
      "geometry": {
        "type": "Point",
        "coordinates": [
          90.401951,
          23.6866143
        ]
      }
    },
    {
      "type": "Feature",
      "properties": {
        "id": 217,
        "predicted_prevalence": 0.2206767,
        "prediction_uncertainty": 0.7298012,
        "exceedance_probability": 0,
        "adaptively_selected": 0
      },
      "geometry": {
        "type": "Point",
        "coordinates": [
          90.405598,
          23.6866143
        ]
      }
    },
    {
      "type": "Feature",
      "properties": {
        "id": 218,
        "predicted_prevalence": 0.212992,
        "prediction_uncertainty": 0.7307129,
        "exceedance_probability": 0,
        "adaptively_selected": 0
      },
      "geometry": {
        "type": "Point",
        "coordinates": [
          90.4092449,
          23.6866143
        ]
      }
    },
    {
      "type": "Feature",
      "properties": {
        "id": 219,
        "predicted_prevalence": 0.1875334,
        "prediction_uncertainty": 0.7396079,
        "exceedance_probability": 0,
        "adaptively_selected": 0
      },
      "geometry": {
        "type": "Point",
        "coordinates": [
          90.4128918,
          23.6866143
        ]
      }
    },
    {
      "type": "Feature",
      "properties": {
        "id": 220,
        "predicted_prevalence": 0.1477455,
        "prediction_uncertainty": 0.7477373,
        "exceedance_probability": 0,
        "adaptively_selected": 0
      },
      "geometry": {
        "type": "Point",
        "coordinates": [
          90.4165388,
          23.6866143
        ]
      }
    },
    {
      "type": "Feature",
      "properties": {
        "id": 221,
        "predicted_prevalence": 0.1064098,
        "prediction_uncertainty": 0.7447545,
        "exceedance_probability": 0,
        "adaptively_selected": 1
      },
      "geometry": {
        "type": "Point",
        "coordinates": [
          90.4201857,
          23.6866143
        ]
      }
    },
    {
      "type": "Feature",
      "properties": {
        "id": 222,
        "predicted_prevalence": 0.0755945,
        "prediction_uncertainty": 0.7286345,
        "exceedance_probability": 0,
        "adaptively_selected": 0
      },
      "geometry": {
        "type": "Point",
        "coordinates": [
          90.4238327,
          23.6866143
        ]
      }
    },
    {
      "type": "Feature",
      "properties": {
        "id": 223,
        "predicted_prevalence": 0.0586959,
        "prediction_uncertainty": 0.7090915,
        "exceedance_probability": 0,
        "adaptively_selected": 0
      },
      "geometry": {
        "type": "Point",
        "coordinates": [
          90.4274796,
          23.6866143
        ]
      }
    },
    {
      "type": "Feature",
      "properties": {
        "id": 224,
        "predicted_prevalence": 0.0505769,
        "prediction_uncertainty": 0.7017525,
        "exceedance_probability": 0,
        "adaptively_selected": 0
      },
      "geometry": {
        "type": "Point",
        "coordinates": [
          90.4311265,
          23.6866143
        ]
      }
    },
    {
      "type": "Feature",
      "properties": {
        "id": 225,
        "predicted_prevalence": 0.0438765,
        "prediction_uncertainty": 0.7139577,
        "exceedance_probability": 0,
        "adaptively_selected": 0
      },
      "geometry": {
        "type": "Point",
        "coordinates": [
          90.4347735,
          23.6866143
        ]
      }
    },
    {
      "type": "Feature",
      "properties": {
        "id": 226,
        "predicted_prevalence": 0.0347978,
        "prediction_uncertainty": 0.7374255,
        "exceedance_probability": 0,
        "adaptively_selected": 0
      },
      "geometry": {
        "type": "Point",
        "coordinates": [
          90.4384204,
          23.6866143
        ]
      }
    },
    {
      "type": "Feature",
      "properties": {
        "id": 227,
        "predicted_prevalence": 0.024089,
        "prediction_uncertainty": 0.7586981,
        "exceedance_probability": 0,
        "adaptively_selected": 0
      },
      "geometry": {
        "type": "Point",
        "coordinates": [
          90.4420673,
          23.6866143
        ]
      }
    },
    {
      "type": "Feature",
      "properties": {
        "id": 228,
        "predicted_prevalence": 0.0143723,
        "prediction_uncertainty": 0.7713826,
        "exceedance_probability": 0,
        "adaptively_selected": 0
      },
      "geometry": {
        "type": "Point",
        "coordinates": [
          90.4457143,
          23.6866143
        ]
      }
    },
    {
      "type": "Feature",
      "properties": {
        "id": 229,
        "predicted_prevalence": 0.0074199,
        "prediction_uncertainty": 0.7767767,
        "exceedance_probability": 0,
        "adaptively_selected": 0
      },
      "geometry": {
        "type": "Point",
        "coordinates": [
          90.4493612,
          23.6866143
        ]
      }
    },
    {
      "type": "Feature",
      "properties": {
        "id": 230,
        "predicted_prevalence": 0.0033658,
        "prediction_uncertainty": 0.7784598,
        "exceedance_probability": 0,
        "adaptively_selected": 0
      },
      "geometry": {
        "type": "Point",
        "coordinates": [
          90.4530082,
          23.6866143
        ]
      }
    },
    {
      "type": "Feature",
      "properties": {
        "id": 231,
        "predicted_prevalence": 0.0013795,
        "prediction_uncertainty": 0.7788501,
        "exceedance_probability": 0,
        "adaptively_selected": 0
      },
      "geometry": {
        "type": "Point",
        "coordinates": [
          90.4566551,
          23.6866143
        ]
      }
    },
    {
      "type": "Feature",
      "properties": {
        "id": 232,
        "predicted_prevalence": 0.000532,
        "prediction_uncertainty": 0.7789179,
        "exceedance_probability": 0,
        "adaptively_selected": 0
      },
      "geometry": {
        "type": "Point",
        "coordinates": [
          90.460302,
          23.6866143
        ]
      }
    },
    {
      "type": "Feature",
      "properties": {
        "id": 233,
        "predicted_prevalence": 0.0002012,
        "prediction_uncertainty": 0.7789268,
        "exceedance_probability": 0,
        "adaptively_selected": 0
      },
      "geometry": {
        "type": "Point",
        "coordinates": [
          90.463949,
          23.6866143
        ]
      }
    },
    {
      "type": "Feature",
      "properties": {
        "id": 234,
        "predicted_prevalence": 7.59e-05,
        "prediction_uncertainty": 0.7789277,
        "exceedance_probability": 0,
        "adaptively_selected": 0
      },
      "geometry": {
        "type": "Point",
        "coordinates": [
          90.4675959,
          23.6866143
        ]
      }
    },
    {
      "type": "Feature",
      "properties": {
        "id": 235,
        "predicted_prevalence": 2.81e-05,
        "prediction_uncertainty": 0.7789278,
        "exceedance_probability": 0,
        "adaptively_selected": 0
      },
      "geometry": {
        "type": "Point",
        "coordinates": [
          90.4712429,
          23.6866143
        ]
      }
    },
    {
      "type": "Feature",
      "properties": {
        "id": 236,
        "predicted_prevalence": 1.01e-05,
        "prediction_uncertainty": 0.7789278,
        "exceedance_probability": 0,
        "adaptively_selected": 0
      },
      "geometry": {
        "type": "Point",
        "coordinates": [
          90.4748898,
          23.6866143
        ]
      }
    },
    {
      "type": "Feature",
      "properties": {
        "id": 237,
        "predicted_prevalence": 4.7140409e-06,
        "prediction_uncertainty": 0.7789278,
        "exceedance_probability": 0,
        "adaptively_selected": 0
      },
      "geometry": {
        "type": "Point",
        "coordinates": [
          90.4785367,
          23.6866143
        ]
      }
    },
    {
      "type": "Feature",
      "properties": {
        "id": 238,
        "predicted_prevalence": 6.1948659e-06,
        "prediction_uncertainty": 0.7789278,
        "exceedance_probability": 0,
        "adaptively_selected": 0
      },
      "geometry": {
        "type": "Point",
        "coordinates": [
          90.4821837,
          23.6866143
        ]
      }
    },
    {
      "type": "Feature",
      "properties": {
        "id": 239,
        "predicted_prevalence": 1.52e-05,
        "prediction_uncertainty": 0.7789278,
        "exceedance_probability": 0,
        "adaptively_selected": 0
      },
      "geometry": {
        "type": "Point",
        "coordinates": [
          90.4858306,
          23.6866143
        ]
      }
    },
    {
      "type": "Feature",
      "properties": {
        "id": 240,
        "predicted_prevalence": 3.69e-05,
        "prediction_uncertainty": 0.7789278,
        "exceedance_probability": 0,
        "adaptively_selected": 0
      },
      "geometry": {
        "type": "Point",
        "coordinates": [
          90.4894776,
          23.6866143
        ]
      }
    },
    {
      "type": "Feature",
      "properties": {
        "id": 241,
        "predicted_prevalence": 7.92e-05,
        "prediction_uncertainty": 0.7789278,
        "exceedance_probability": 0,
        "adaptively_selected": 0
      },
      "geometry": {
        "type": "Point",
        "coordinates": [
          90.4931245,
          23.6866143
        ]
      }
    },
    {
      "type": "Feature",
      "properties": {
        "id": 242,
        "predicted_prevalence": 0.0001491,
        "prediction_uncertainty": 0.7789277,
        "exceedance_probability": 0,
        "adaptively_selected": 0
      },
      "geometry": {
        "type": "Point",
        "coordinates": [
          90.4967714,
          23.6866143
        ]
      }
    },
    {
      "type": "Feature",
      "properties": {
        "id": 243,
        "predicted_prevalence": 0.0002458,
        "prediction_uncertainty": 0.7789277,
        "exceedance_probability": 0,
        "adaptively_selected": 0
      },
      "geometry": {
        "type": "Point",
        "coordinates": [
          90.5004184,
          23.6866143
        ]
      }
    },
    {
      "type": "Feature",
      "properties": {
        "id": 244,
        "predicted_prevalence": 0.0003547,
        "prediction_uncertainty": 0.7789275,
        "exceedance_probability": 0,
        "adaptively_selected": 0
      },
      "geometry": {
        "type": "Point",
        "coordinates": [
          90.5040653,
          23.6866143
        ]
      }
    },
    {
      "type": "Feature",
      "properties": {
        "id": 245,
        "predicted_prevalence": 0.0004481,
        "prediction_uncertainty": 0.7789274,
        "exceedance_probability": 0,
        "adaptively_selected": 0
      },
      "geometry": {
        "type": "Point",
        "coordinates": [
          90.5077122,
          23.6866143
        ]
      }
    },
    {
      "type": "Feature",
      "properties": {
        "id": 246,
        "predicted_prevalence": 0.0004956,
        "prediction_uncertainty": 0.7789273,
        "exceedance_probability": 0,
        "adaptively_selected": 0
      },
      "geometry": {
        "type": "Point",
        "coordinates": [
          90.5113592,
          23.6866143
        ]
      }
    },
    {
      "type": "Feature",
      "properties": {
        "id": 247,
        "predicted_prevalence": 0.0004799,
        "prediction_uncertainty": 0.7789273,
        "exceedance_probability": 0,
        "adaptively_selected": 0
      },
      "geometry": {
        "type": "Point",
        "coordinates": [
          90.5150061,
          23.6866143
        ]
      }
    },
    {
      "type": "Feature",
      "properties": {
        "id": 248,
        "predicted_prevalence": 0.0004068,
        "prediction_uncertainty": 0.7789274,
        "exceedance_probability": 0,
        "adaptively_selected": 0
      },
      "geometry": {
        "type": "Point",
        "coordinates": [
          90.5186531,
          23.6866143
        ]
      }
    },
    {
      "type": "Feature",
      "properties": {
        "id": 249,
        "predicted_prevalence": 0.0003019,
        "prediction_uncertainty": 0.7789276,
        "exceedance_probability": 0,
        "adaptively_selected": 0
      },
      "geometry": {
        "type": "Point",
        "coordinates": [
          90.5223,
          23.6866143
        ]
      }
    },
    {
      "type": "Feature",
      "properties": {
        "id": 250,
        "predicted_prevalence": 0.0077026,
        "prediction_uncertainty": 0.7788421,
        "exceedance_probability": 0,
        "adaptively_selected": 0
      },
      "geometry": {
        "type": "Point",
        "coordinates": [
          90.3436,
          23.6910429
        ]
      }
    },
    {
      "type": "Feature",
      "properties": {
        "id": 251,
        "predicted_prevalence": 0.0116645,
        "prediction_uncertainty": 0.7787338,
        "exceedance_probability": 0,
        "adaptively_selected": 0
      },
      "geometry": {
        "type": "Point",
        "coordinates": [
          90.3472469,
          23.6910429
        ]
      }
    },
    {
      "type": "Feature",
      "properties": {
        "id": 252,
        "predicted_prevalence": 0.0156462,
        "prediction_uncertainty": 0.7785905,
        "exceedance_probability": 0,
        "adaptively_selected": 0
      },
      "geometry": {
        "type": "Point",
        "coordinates": [
          90.3508939,
          23.6910429
        ]
      }
    },
    {
      "type": "Feature",
      "properties": {
        "id": 253,
        "predicted_prevalence": 0.0189724,
        "prediction_uncertainty": 0.7784701,
        "exceedance_probability": 0,
        "adaptively_selected": 0
      },
      "geometry": {
        "type": "Point",
        "coordinates": [
          90.3545408,
          23.6910429
        ]
      }
    },
    {
      "type": "Feature",
      "properties": {
        "id": 254,
        "predicted_prevalence": 0.0218176,
        "prediction_uncertainty": 0.7783832,
        "exceedance_probability": 0,
        "adaptively_selected": 0
      },
      "geometry": {
        "type": "Point",
        "coordinates": [
          90.3581878,
          23.6910429
        ]
      }
    },
    {
      "type": "Feature",
      "properties": {
        "id": 255,
        "predicted_prevalence": 0.0259157,
        "prediction_uncertainty": 0.778026,
        "exceedance_probability": 0,
        "adaptively_selected": 0
      },
      "geometry": {
        "type": "Point",
        "coordinates": [
          90.3618347,
          23.6910429
        ]
      }
    },
    {
      "type": "Feature",
      "properties": {
        "id": 256,
        "predicted_prevalence": 0.0344502,
        "prediction_uncertainty": 0.7761976,
        "exceedance_probability": 0,
        "adaptively_selected": 0
      },
      "geometry": {
        "type": "Point",
        "coordinates": [
          90.3654816,
          23.6910429
        ]
      }
    },
    {
      "type": "Feature",
      "properties": {
        "id": 257,
        "predicted_prevalence": 0.0506646,
        "prediction_uncertainty": 0.7699638,
        "exceedance_probability": 0,
        "adaptively_selected": 0
      },
      "geometry": {
        "type": "Point",
        "coordinates": [
          90.3691286,
          23.6910429
        ]
      }
    },
    {
      "type": "Feature",
      "properties": {
        "id": 258,
        "predicted_prevalence": 0.0755284,
        "prediction_uncertainty": 0.7548573,
        "exceedance_probability": 0,
        "adaptively_selected": 0
      },
      "geometry": {
        "type": "Point",
        "coordinates": [
          90.3727755,
          23.6910429
        ]
      }
    },
    {
      "type": "Feature",
      "properties": {
        "id": 259,
        "predicted_prevalence": 0.1058653,
        "prediction_uncertainty": 0.7286223,
        "exceedance_probability": 0,
        "adaptively_selected": 0
      },
      "geometry": {
        "type": "Point",
        "coordinates": [
          90.3764224,
          23.6910429
        ]
      }
    },
    {
      "type": "Feature",
      "properties": {
        "id": 260,
        "predicted_prevalence": 0.1348802,
        "prediction_uncertainty": 0.6979735,
        "exceedance_probability": 0,
        "adaptively_selected": 1
      },
      "geometry": {
        "type": "Point",
        "coordinates": [
          90.3800694,
          23.6910429
        ]
      }
    },
    {
      "type": "Feature",
      "properties": {
        "id": 261,
        "predicted_prevalence": 0.1559784,
        "prediction_uncertainty": 0.6795741,
        "exceedance_probability": 0,
        "adaptively_selected": 0
      },
      "geometry": {
        "type": "Point",
        "coordinates": [
          90.3837163,
          23.6910429
        ]
      }
    },
    {
      "type": "Feature",
      "properties": {
        "id": 262,
        "predicted_prevalence": 0.1681158,
        "prediction_uncertainty": 0.6853566,
        "exceedance_probability": 0,
        "adaptively_selected": 0
      },
      "geometry": {
        "type": "Point",
        "coordinates": [
          90.3873633,
          23.6910429
        ]
      }
    },
    {
      "type": "Feature",
      "properties": {
        "id": 263,
        "predicted_prevalence": 0.1785516,
        "prediction_uncertainty": 0.7055623,
        "exceedance_probability": 0,
        "adaptively_selected": 0
      },
      "geometry": {
        "type": "Point",
        "coordinates": [
          90.3910102,
          23.6910429
        ]
      }
    },
    {
      "type": "Feature",
      "properties": {
        "id": 264,
        "predicted_prevalence": 0.1994022,
        "prediction_uncertainty": 0.7159145,
        "exceedance_probability": 0,
        "adaptively_selected": 0
      },
      "geometry": {
        "type": "Point",
        "coordinates": [
          90.3946571,
          23.6910429
        ]
      }
    },
    {
      "type": "Feature",
      "properties": {
        "id": 265,
        "predicted_prevalence": 0.2384809,
        "prediction_uncertainty": 0.6993974,
        "exceedance_probability": 0,
        "adaptively_selected": 0
      },
      "geometry": {
        "type": "Point",
        "coordinates": [
          90.3983041,
          23.6910429
        ]
      }
    },
    {
      "type": "Feature",
      "properties": {
        "id": 266,
        "predicted_prevalence": 0.2901483,
        "prediction_uncertainty": 0.660341,
        "exceedance_probability": 0,
        "adaptively_selected": 0
      },
      "geometry": {
        "type": "Point",
        "coordinates": [
          90.401951,
          23.6910429
        ]
      }
    },
    {
      "type": "Feature",
      "properties": {
        "id": 267,
        "predicted_prevalence": 0.3341532,
        "prediction_uncertainty": 0.6253044,
        "exceedance_probability": 0,
        "adaptively_selected": 0
      },
      "geometry": {
        "type": "Point",
        "coordinates": [
          90.405598,
          23.6910429
        ]
      }
    },
    {
      "type": "Feature",
      "properties": {
        "id": 268,
        "predicted_prevalence": 0.3463917,
        "prediction_uncertainty": 0.6230354,
        "exceedance_probability": 0,
        "adaptively_selected": 0
      },
      "geometry": {
        "type": "Point",
        "coordinates": [
          90.4092449,
          23.6910429
        ]
      }
    },
    {
      "type": "Feature",
      "properties": {
        "id": 269,
        "predicted_prevalence": 0.3159559,
        "prediction_uncertainty": 0.6516679,
        "exceedance_probability": 0,
        "adaptively_selected": 0
      },
      "geometry": {
        "type": "Point",
        "coordinates": [
          90.4128918,
          23.6910429
        ]
      }
    },
    {
      "type": "Feature",
      "properties": {
        "id": 270,
        "predicted_prevalence": 0.2549897,
        "prediction_uncertainty": 0.6792815,
        "exceedance_probability": 0,
        "adaptively_selected": 0
      },
      "geometry": {
        "type": "Point",
        "coordinates": [
          90.4165388,
          23.6910429
        ]
      }
    },
    {
      "type": "Feature",
      "properties": {
        "id": 271,
        "predicted_prevalence": 0.1912438,
        "prediction_uncertainty": 0.6761085,
        "exceedance_probability": 0,
        "adaptively_selected": 0
      },
      "geometry": {
        "type": "Point",
        "coordinates": [
          90.4201857,
          23.6910429
        ]
      }
    },
    {
      "type": "Feature",
      "properties": {
        "id": 272,
        "predicted_prevalence": 0.1481224,
        "prediction_uncertainty": 0.6356598,
        "exceedance_probability": 0,
        "adaptively_selected": 0
      },
      "geometry": {
        "type": "Point",
        "coordinates": [
          90.4238327,
          23.6910429
        ]
      }
    },
    {
      "type": "Feature",
      "properties": {
        "id": 273,
        "predicted_prevalence": 0.1294667,
        "prediction_uncertainty": 0.5809691,
        "exceedance_probability": 0,
        "adaptively_selected": 0
      },
      "geometry": {
        "type": "Point",
        "coordinates": [
          90.4274796,
          23.6910429
        ]
      }
    },
    {
      "type": "Feature",
      "properties": {
        "id": 274,
        "predicted_prevalence": 0.1218102,
        "prediction_uncertainty": 0.5576819,
        "exceedance_probability": 0,
        "adaptively_selected": 0
      },
      "geometry": {
        "type": "Point",
        "coordinates": [
          90.4311265,
          23.6910429
        ]
      }
    },
    {
      "type": "Feature",
      "properties": {
        "id": 275,
        "predicted_prevalence": 0.1094659,
        "prediction_uncertainty": 0.5933669,
        "exceedance_probability": 0,
        "adaptively_selected": 0
      },
      "geometry": {
        "type": "Point",
        "coordinates": [
          90.4347735,
          23.6910429
        ]
      }
    },
    {
      "type": "Feature",
      "properties": {
        "id": 276,
        "predicted_prevalence": 0.0869387,
        "prediction_uncertainty": 0.6618703,
        "exceedance_probability": 0,
        "adaptively_selected": 0
      },
      "geometry": {
        "type": "Point",
        "coordinates": [
          90.4384204,
          23.6910429
        ]
      }
    },
    {
      "type": "Feature",
      "properties": {
        "id": 277,
        "predicted_prevalence": 0.0593414,
        "prediction_uncertainty": 0.7221854,
        "exceedance_probability": 0,
        "adaptively_selected": 0
      },
      "geometry": {
        "type": "Point",
        "coordinates": [
          90.4420673,
          23.6910429
        ]
      }
    },
    {
      "type": "Feature",
      "properties": {
        "id": 278,
        "predicted_prevalence": 0.0347566,
        "prediction_uncertainty": 0.7576594,
        "exceedance_probability": 0,
        "adaptively_selected": 1
      },
      "geometry": {
        "type": "Point",
        "coordinates": [
          90.4457143,
          23.6910429
        ]
      }
    },
    {
      "type": "Feature",
      "properties": {
        "id": 279,
        "predicted_prevalence": 0.0177173,
        "prediction_uncertainty": 0.7727919,
        "exceedance_probability": 0,
        "adaptively_selected": 0
      },
      "geometry": {
        "type": "Point",
        "coordinates": [
          90.4493612,
          23.6910429
        ]
      }
    },
    {
      "type": "Feature",
      "properties": {
        "id": 280,
        "predicted_prevalence": 0.0081046,
        "prediction_uncertainty": 0.7775717,
        "exceedance_probability": 0,
        "adaptively_selected": 0
      },
      "geometry": {
        "type": "Point",
        "coordinates": [
          90.4530082,
          23.6910429
        ]
      }
    },
    {
      "type": "Feature",
      "properties": {
        "id": 281,
        "predicted_prevalence": 0.0034949,
        "prediction_uncertainty": 0.7786978,
        "exceedance_probability": 0,
        "adaptively_selected": 0
      },
      "geometry": {
        "type": "Point",
        "coordinates": [
          90.4566551,
          23.6910429
        ]
      }
    },
    {
      "type": "Feature",
      "properties": {
        "id": 282,
        "predicted_prevalence": 0.0014996,
        "prediction_uncertainty": 0.7788974,
        "exceedance_probability": 0,
        "adaptively_selected": 0
      },
      "geometry": {
        "type": "Point",
        "coordinates": [
          90.460302,
          23.6910429
        ]
      }
    },
    {
      "type": "Feature",
      "properties": {
        "id": 283,
        "predicted_prevalence": 0.0006545,
        "prediction_uncertainty": 0.7789245,
        "exceedance_probability": 0,
        "adaptively_selected": 0
      },
      "geometry": {
        "type": "Point",
        "coordinates": [
          90.463949,
          23.6910429
        ]
      }
    },
    {
      "type": "Feature",
      "properties": {
        "id": 284,
        "predicted_prevalence": 0.0002826,
        "prediction_uncertainty": 0.7789275,
        "exceedance_probability": 0,
        "adaptively_selected": 0
      },
      "geometry": {
        "type": "Point",
        "coordinates": [
          90.4675959,
          23.6910429
        ]
      }
    },
    {
      "type": "Feature",
      "properties": {
        "id": 285,
        "predicted_prevalence": 0.0001151,
        "prediction_uncertainty": 0.7789278,
        "exceedance_probability": 0,
        "adaptively_selected": 0
      },
      "geometry": {
        "type": "Point",
        "coordinates": [
          90.4712429,
          23.6910429
        ]
      }
    },
    {
      "type": "Feature",
      "properties": {
        "id": 286,
        "predicted_prevalence": 4.42e-05,
        "prediction_uncertainty": 0.7789278,
        "exceedance_probability": 0,
        "adaptively_selected": 0
      },
      "geometry": {
        "type": "Point",
        "coordinates": [
          90.4748898,
          23.6910429
        ]
      }
    },
    {
      "type": "Feature",
      "properties": {
        "id": 287,
        "predicted_prevalence": 2.14e-05,
        "prediction_uncertainty": 0.7789278,
        "exceedance_probability": 0,
        "adaptively_selected": 0
      },
      "geometry": {
        "type": "Point",
        "coordinates": [
          90.4785367,
          23.6910429
        ]
      }
    },
    {
      "type": "Feature",
      "properties": {
        "id": 288,
        "predicted_prevalence": 2.86e-05,
        "prediction_uncertainty": 0.7789278,
        "exceedance_probability": 0,
        "adaptively_selected": 0
      },
      "geometry": {
        "type": "Point",
        "coordinates": [
          90.4821837,
          23.6910429
        ]
      }
    },
    {
      "type": "Feature",
      "properties": {
        "id": 289,
        "predicted_prevalence": 7.02e-05,
        "prediction_uncertainty": 0.7789278,
        "exceedance_probability": 0,
        "adaptively_selected": 0
      },
      "geometry": {
        "type": "Point",
        "coordinates": [
          90.4858306,
          23.6910429
        ]
      }
    },
    {
      "type": "Feature",
      "properties": {
        "id": 290,
        "predicted_prevalence": 0.0001704,
        "prediction_uncertainty": 0.7789277,
        "exceedance_probability": 0,
        "adaptively_selected": 1
      },
      "geometry": {
        "type": "Point",
        "coordinates": [
          90.4894776,
          23.6910429
        ]
      }
    },
    {
      "type": "Feature",
      "properties": {
        "id": 291,
        "predicted_prevalence": 0.0003661,
        "prediction_uncertainty": 0.7789275,
        "exceedance_probability": 0,
        "adaptively_selected": 0
      },
      "geometry": {
        "type": "Point",
        "coordinates": [
          90.4931245,
          23.6910429
        ]
      }
    },
    {
      "type": "Feature",
      "properties": {
        "id": 292,
        "predicted_prevalence": 0.0006892,
        "prediction_uncertainty": 0.7789268,
        "exceedance_probability": 0,
        "adaptively_selected": 0
      },
      "geometry": {
        "type": "Point",
        "coordinates": [
          90.4967714,
          23.6910429
        ]
      }
    },
    {
      "type": "Feature",
      "properties": {
        "id": 293,
        "predicted_prevalence": 0.0011361,
        "prediction_uncertainty": 0.7789251,
        "exceedance_probability": 0,
        "adaptively_selected": 0
      },
      "geometry": {
        "type": "Point",
        "coordinates": [
          90.5004184,
          23.6910429
        ]
      }
    },
    {
      "type": "Feature",
      "properties": {
        "id": 294,
        "predicted_prevalence": 0.0016396,
        "prediction_uncertainty": 0.7789222,
        "exceedance_probability": 0,
        "adaptively_selected": 0
      },
      "geometry": {
        "type": "Point",
        "coordinates": [
          90.5040653,
          23.6910429
        ]
      }
    },
    {
      "type": "Feature",
      "properties": {
        "id": 295,
        "predicted_prevalence": 0.0020715,
        "prediction_uncertainty": 0.7789188,
        "exceedance_probability": 0,
        "adaptively_selected": 0
      },
      "geometry": {
        "type": "Point",
        "coordinates": [
          90.5077122,
          23.6910429
        ]
      }
    },
    {
      "type": "Feature",
      "properties": {
        "id": 296,
        "predicted_prevalence": 0.0022912,
        "prediction_uncertainty": 0.7789168,
        "exceedance_probability": 0,
        "adaptively_selected": 0
      },
      "geometry": {
        "type": "Point",
        "coordinates": [
          90.5113592,
          23.6910429
        ]
      }
    },
    {
      "type": "Feature",
      "properties": {
        "id": 297,
        "predicted_prevalence": 0.0022186,
        "prediction_uncertainty": 0.7789175,
        "exceedance_probability": 0,
        "adaptively_selected": 0
      },
      "geometry": {
        "type": "Point",
        "coordinates": [
          90.5150061,
          23.6910429
        ]
      }
    },
    {
      "type": "Feature",
      "properties": {
        "id": 298,
        "predicted_prevalence": 0.0018808,
        "prediction_uncertainty": 0.7789204,
        "exceedance_probability": 0,
        "adaptively_selected": 0
      },
      "geometry": {
        "type": "Point",
        "coordinates": [
          90.5186531,
          23.6910429
        ]
      }
    },
    {
      "type": "Feature",
      "properties": {
        "id": 299,
        "predicted_prevalence": 0.0013958,
        "prediction_uncertainty": 0.7789237,
        "exceedance_probability": 0,
        "adaptively_selected": 0
      },
      "geometry": {
        "type": "Point",
        "coordinates": [
          90.5223,
          23.6910429
        ]
      }
    },
    {
      "type": "Feature",
      "properties": {
        "id": 300,
        "predicted_prevalence": 0.0225153,
        "prediction_uncertainty": 0.7781863,
        "exceedance_probability": 0,
        "adaptively_selected": 0
      },
      "geometry": {
        "type": "Point",
        "coordinates": [
          90.3436,
          23.6954714
        ]
      }
    },
    {
      "type": "Feature",
      "properties": {
        "id": 301,
        "predicted_prevalence": 0.0337538,
        "prediction_uncertainty": 0.7772534,
        "exceedance_probability": 0,
        "adaptively_selected": 0
      },
      "geometry": {
        "type": "Point",
        "coordinates": [
          90.3472469,
          23.6954714
        ]
      }
    },
    {
      "type": "Feature",
      "properties": {
        "id": 302,
        "predicted_prevalence": 0.0441724,
        "prediction_uncertainty": 0.7760342,
        "exceedance_probability": 0,
        "adaptively_selected": 0
      },
      "geometry": {
        "type": "Point",
        "coordinates": [
          90.3508939,
          23.6954714
        ]
      }
    },
    {
      "type": "Feature",
      "properties": {
        "id": 303,
        "predicted_prevalence": 0.0502992,
        "prediction_uncertainty": 0.7750994,
        "exceedance_probability": 0,
        "adaptively_selected": 0
      },
      "geometry": {
        "type": "Point",
        "coordinates": [
          90.3545408,
          23.6954714
        ]
      }
    },
    {
      "type": "Feature",
      "properties": {
        "id": 304,
        "predicted_prevalence": 0.0494272,
        "prediction_uncertainty": 0.7750205,
        "exceedance_probability": 0,
        "adaptively_selected": 0
      },
      "geometry": {
        "type": "Point",
        "coordinates": [
          90.3581878,
          23.6954714
        ]
      }
    },
    {
      "type": "Feature",
      "properties": {
        "id": 305,
        "predicted_prevalence": 0.0409891,
        "prediction_uncertainty": 0.7756558,
        "exceedance_probability": 0,
        "adaptively_selected": 0
      },
      "geometry": {
        "type": "Point",
        "coordinates": [
          90.3618347,
          23.6954714
        ]
      }
    },
    {
      "type": "Feature",
      "properties": {
        "id": 306,
        "predicted_prevalence": 0.0268028,
        "prediction_uncertainty": 0.7758086,
        "exceedance_probability": 0,
        "adaptively_selected": 0
      },
      "geometry": {
        "type": "Point",
        "coordinates": [
          90.3654816,
          23.6954714
        ]
      }
    },
    {
      "type": "Feature",
      "properties": {
        "id": 307,
        "predicted_prevalence": 0.0102119,
        "prediction_uncertainty": 0.7733585,
        "exceedance_probability": 0,
        "adaptively_selected": 0
      },
      "geometry": {
        "type": "Point",
        "coordinates": [
          90.3691286,
          23.6954714
        ]
      }
    },
    {
      "type": "Feature",
      "properties": {
        "id": 308,
        "predicted_prevalence": -0.0050173,
        "prediction_uncertainty": 0.7658721,
        "exceedance_probability": 0,
        "adaptively_selected": 0
      },
      "geometry": {
        "type": "Point",
        "coordinates": [
          90.3727755,
          23.6954714
        ]
      }
    },
    {
      "type": "Feature",
      "properties": {
        "id": 309,
        "predicted_prevalence": -0.0153445,
        "prediction_uncertainty": 0.7526232,
        "exceedance_probability": 0,
        "adaptively_selected": 0
      },
      "geometry": {
        "type": "Point",
        "coordinates": [
          90.3764224,
          23.6954714
        ]
      }
    },
    {
      "type": "Feature",
      "properties": {
        "id": 310,
        "predicted_prevalence": -0.0176223,
        "prediction_uncertainty": 0.7375974,
        "exceedance_probability": 0,
        "adaptively_selected": 0
      },
      "geometry": {
        "type": "Point",
        "coordinates": [
          90.3800694,
          23.6954714
        ]
      }
    },
    {
      "type": "Feature",
      "properties": {
        "id": 311,
        "predicted_prevalence": -0.0088767,
        "prediction_uncertainty": 0.7286595,
        "exceedance_probability": 0,
        "adaptively_selected": 0
      },
      "geometry": {
        "type": "Point",
        "coordinates": [
          90.3837163,
          23.6954714
        ]
      }
    },
    {
      "type": "Feature",
      "properties": {
        "id": 312,
        "predicted_prevalence": 0.0145001,
        "prediction_uncertainty": 0.7287485,
        "exceedance_probability": 0,
        "adaptively_selected": 0
      },
      "geometry": {
        "type": "Point",
        "coordinates": [
          90.3873633,
          23.6954714
        ]
      }
    },
    {
      "type": "Feature",
      "properties": {
        "id": 313,
        "predicted_prevalence": 0.0577077,
        "prediction_uncertainty": 0.7264825,
        "exceedance_probability": 0,
        "adaptively_selected": 0
      },
      "geometry": {
        "type": "Point",
        "coordinates": [
          90.3910102,
          23.6954714
        ]
      }
    },
    {
      "type": "Feature",
      "properties": {
        "id": 314,
        "predicted_prevalence": 0.1264361,
        "prediction_uncertainty": 0.6991845,
        "exceedance_probability": 0,
        "adaptively_selected": 0
      },
      "geometry": {
        "type": "Point",
        "coordinates": [
          90.3946571,
          23.6954714
        ]
      }
    },
    {
      "type": "Feature",
      "properties": {
        "id": 315,
        "predicted_prevalence": 0.2211889,
        "prediction_uncertainty": 0.6287952,
        "exceedance_probability": 0,
        "adaptively_selected": 0
      },
      "geometry": {
        "type": "Point",
        "coordinates": [
          90.3983041,
          23.6954714
        ]
      }
    },
    {
      "type": "Feature",
      "properties": {
        "id": 316,
        "predicted_prevalence": 0.328731,
        "prediction_uncertainty": 0.5225939,
        "exceedance_probability": 0,
        "adaptively_selected": 0
      },
      "geometry": {
        "type": "Point",
        "coordinates": [
          90.401951,
          23.6954714
        ]
      }
    },
    {
      "type": "Feature",
      "properties": {
        "id": 317,
        "predicted_prevalence": 0.419195,
        "prediction_uncertainty": 0.4301659,
        "exceedance_probability": 1,
        "adaptively_selected": 0
      },
      "geometry": {
        "type": "Point",
        "coordinates": [
          90.405598,
          23.6954714
        ]
      }
    },
    {
      "type": "Feature",
      "properties": {
        "id": 318,
        "predicted_prevalence": 0.4581509,
        "prediction_uncertainty": 0.4215631,
        "exceedance_probability": 1,
        "adaptively_selected": 0
      },
      "geometry": {
        "type": "Point",
        "coordinates": [
          90.4092449,
          23.6954714
        ]
      }
    },
    {
      "type": "Feature",
      "properties": {
        "id": 319,
        "predicted_prevalence": 0.430717,
        "prediction_uncertainty": 0.4870952,
        "exceedance_probability": 1,
        "adaptively_selected": 0
      },
      "geometry": {
        "type": "Point",
        "coordinates": [
          90.4128918,
          23.6954714
        ]
      }
    },
    {
      "type": "Feature",
      "properties": {
        "id": 320,
        "predicted_prevalence": 0.3578424,
        "prediction_uncertainty": 0.547283,
        "exceedance_probability": 1,
        "adaptively_selected": 0
      },
      "geometry": {
        "type": "Point",
        "coordinates": [
          90.4165388,
          23.6954714
        ]
      }
    },
    {
      "type": "Feature",
      "properties": {
        "id": 321,
        "predicted_prevalence": 0.2847731,
        "prediction_uncertainty": 0.5486519,
        "exceedance_probability": 0,
        "adaptively_selected": 0
      },
      "geometry": {
        "type": "Point",
        "coordinates": [
          90.4201857,
          23.6954714
        ]
      }
    },
    {
      "type": "Feature",
      "properties": {
        "id": 322,
        "predicted_prevalence": 0.2468452,
        "prediction_uncertainty": 0.4802828,
        "exceedance_probability": 0,
        "adaptively_selected": 0
      },
      "geometry": {
        "type": "Point",
        "coordinates": [
          90.4238327,
          23.6954714
        ]
      }
    },
    {
      "type": "Feature",
      "properties": {
        "id": 323,
        "predicted_prevalence": 0.243557,
        "prediction_uncertainty": 0.3726211,
        "exceedance_probability": 0,
        "adaptively_selected": 0
      },
      "geometry": {
        "type": "Point",
        "coordinates": [
          90.4274796,
          23.6954714
        ]
      }
    },
    {
      "type": "Feature",
      "properties": {
        "id": 324,
        "predicted_prevalence": 0.2455234,
        "prediction_uncertainty": 0.319086,
        "exceedance_probability": 0,
        "adaptively_selected": 0
      },
      "geometry": {
        "type": "Point",
        "coordinates": [
          90.4311265,
          23.6954714
        ]
      }
    },
    {
      "type": "Feature",
      "properties": {
        "id": 325,
        "predicted_prevalence": 0.224755,
        "prediction_uncertainty": 0.4078591,
        "exceedance_probability": 0,
        "adaptively_selected": 0
      },
      "geometry": {
        "type": "Point",
        "coordinates": [
          90.4347735,
          23.6954714
        ]
      }
    },
    {
      "type": "Feature",
      "properties": {
        "id": 326,
        "predicted_prevalence": 0.1769384,
        "prediction_uncertainty": 0.5543009,
        "exceedance_probability": 0,
        "adaptively_selected": 0
      },
      "geometry": {
        "type": "Point",
        "coordinates": [
          90.4384204,
          23.6954714
        ]
      }
    },
    {
      "type": "Feature",
      "properties": {
        "id": 327,
        "predicted_prevalence": 0.1183456,
        "prediction_uncertainty": 0.6714802,
        "exceedance_probability": 0,
        "adaptively_selected": 0
      },
      "geometry": {
        "type": "Point",
        "coordinates": [
          90.4420673,
          23.6954714
        ]
      }
    },
    {
      "type": "Feature",
      "properties": {
        "id": 328,
        "predicted_prevalence": 0.0679448,
        "prediction_uncertainty": 0.7383282,
        "exceedance_probability": 0,
        "adaptively_selected": 0
      },
      "geometry": {
        "type": "Point",
        "coordinates": [
          90.4457143,
          23.6954714
        ]
      }
    },
    {
      "type": "Feature",
      "properties": {
        "id": 329,
        "predicted_prevalence": 0.0345413,
        "prediction_uncertainty": 0.766952,
        "exceedance_probability": 0,
        "adaptively_selected": 0
      },
      "geometry": {
        "type": "Point",
        "coordinates": [
          90.4493612,
          23.6954714
        ]
      }
    },
    {
      "type": "Feature",
      "properties": {
        "id": 330,
        "predicted_prevalence": 0.0164779,
        "prediction_uncertainty": 0.776177,
        "exceedance_probability": 0,
        "adaptively_selected": 0
      },
      "geometry": {
        "type": "Point",
        "coordinates": [
          90.4530082,
          23.6954714
        ]
      }
    },
    {
      "type": "Feature",
      "properties": {
        "id": 331,
        "predicted_prevalence": 0.0079337,
        "prediction_uncertainty": 0.7784232,
        "exceedance_probability": 0,
        "adaptively_selected": 0
      },
      "geometry": {
        "type": "Point",
        "coordinates": [
          90.4566551,
          23.6954714
        ]
      }
    },
    {
      "type": "Feature",
      "properties": {
        "id": 332,
        "predicted_prevalence": 0.0039923,
        "prediction_uncertainty": 0.7788477,
        "exceedance_probability": 0,
        "adaptively_selected": 0
      },
      "geometry": {
        "type": "Point",
        "coordinates": [
          90.460302,
          23.6954714
        ]
      }
    },
    {
      "type": "Feature",
      "properties": {
        "id": 333,
        "predicted_prevalence": 0.0020229,
        "prediction_uncertainty": 0.7789152,
        "exceedance_probability": 0,
        "adaptively_selected": 0
      },
      "geometry": {
        "type": "Point",
        "coordinates": [
          90.463949,
          23.6954714
        ]
      }
    },
    {
      "type": "Feature",
      "properties": {
        "id": 334,
        "predicted_prevalence": 0.0009665,
        "prediction_uncertainty": 0.7789257,
        "exceedance_probability": 0,
        "adaptively_selected": 0
      },
      "geometry": {
        "type": "Point",
        "coordinates": [
          90.4675959,
          23.6954714
        ]
      }
    },
    {
      "type": "Feature",
      "properties": {
        "id": 335,
        "predicted_prevalence": 0.0004167,
        "prediction_uncertainty": 0.7789275,
        "exceedance_probability": 0,
        "adaptively_selected": 0
      },
      "geometry": {
        "type": "Point",
        "coordinates": [
          90.4712429,
          23.6954714
        ]
      }
    },
    {
      "type": "Feature",
      "properties": {
        "id": 336,
        "predicted_prevalence": 0.0001646,
        "prediction_uncertainty": 0.7789277,
        "exceedance_probability": 0,
        "adaptively_selected": 0
      },
      "geometry": {
        "type": "Point",
        "coordinates": [
          90.4748898,
          23.6954714
        ]
      }
    },
    {
      "type": "Feature",
      "properties": {
        "id": 337,
        "predicted_prevalence": 8.08e-05,
        "prediction_uncertainty": 0.7789278,
        "exceedance_probability": 0,
        "adaptively_selected": 0
      },
      "geometry": {
        "type": "Point",
        "coordinates": [
          90.4785367,
          23.6954714
        ]
      }
    },
    {
      "type": "Feature",
      "properties": {
        "id": 338,
        "predicted_prevalence": 0.0001086,
        "prediction_uncertainty": 0.7789278,
        "exceedance_probability": 0,
        "adaptively_selected": 0
      },
      "geometry": {
        "type": "Point",
        "coordinates": [
          90.4821837,
          23.6954714
        ]
      }
    },
    {
      "type": "Feature",
      "properties": {
        "id": 339,
        "predicted_prevalence": 0.0002669,
        "prediction_uncertainty": 0.7789276,
        "exceedance_probability": 0,
        "adaptively_selected": 0
      },
      "geometry": {
        "type": "Point",
        "coordinates": [
          90.4858306,
          23.6954714
        ]
      }
    },
    {
      "type": "Feature",
      "properties": {
        "id": 340,
        "predicted_prevalence": 0.0006475,
        "prediction_uncertainty": 0.7789269,
        "exceedance_probability": 0,
        "adaptively_selected": 0
      },
      "geometry": {
        "type": "Point",
        "coordinates": [
          90.4894776,
          23.6954714
        ]
      }
    },
    {
      "type": "Feature",
      "properties": {
        "id": 341,
        "predicted_prevalence": 0.001391,
        "prediction_uncertainty": 0.7789238,
        "exceedance_probability": 0,
        "adaptively_selected": 0
      },
      "geometry": {
        "type": "Point",
        "coordinates": [
          90.4931245,
          23.6954714
        ]
      }
    },
    {
      "type": "Feature",
      "properties": {
        "id": 342,
        "predicted_prevalence": 0.0026188,
        "prediction_uncertainty": 0.7789135,
        "exceedance_probability": 0,
        "adaptively_selected": 0
      },
      "geometry": {
        "type": "Point",
        "coordinates": [
          90.4967714,
          23.6954714
        ]
      }
    },
    {
      "type": "Feature",
      "properties": {
        "id": 343,
        "predicted_prevalence": 0.0043169,
        "prediction_uncertainty": 0.7788889,
        "exceedance_probability": 0,
        "adaptively_selected": 0
      },
      "geometry": {
        "type": "Point",
        "coordinates": [
          90.5004184,
          23.6954714
        ]
      }
    },
    {
      "type": "Feature",
      "properties": {
        "id": 344,
        "predicted_prevalence": 0.0062298,
        "prediction_uncertainty": 0.7788468,
        "exceedance_probability": 0,
        "adaptively_selected": 0
      },
      "geometry": {
        "type": "Point",
        "coordinates": [
          90.5040653,
          23.6954714
        ]
      }
    },
    {
      "type": "Feature",
      "properties": {
        "id": 345,
        "predicted_prevalence": 0.0078708,
        "prediction_uncertainty": 0.7787985,
        "exceedance_probability": 0,
        "adaptively_selected": 0
      },
      "geometry": {
        "type": "Point",
        "coordinates": [
          90.5077122,
          23.6954714
        ]
      }
    },
    {
      "type": "Feature",
      "properties": {
        "id": 346,
        "predicted_prevalence": 0.0087057,
        "prediction_uncertainty": 0.7787696,
        "exceedance_probability": 0,
        "adaptively_selected": 0
      },
      "geometry": {
        "type": "Point",
        "coordinates": [
          90.5113592,
          23.6954714
        ]
      }
    },
    {
      "type": "Feature",
      "properties": {
        "id": 347,
        "predicted_prevalence": 0.0084299,
        "prediction_uncertainty": 0.7787795,
        "exceedance_probability": 0,
        "adaptively_selected": 0
      },
      "geometry": {
        "type": "Point",
        "coordinates": [
          90.5150061,
          23.6954714
        ]
      }
    },
    {
      "type": "Feature",
      "properties": {
        "id": 348,
        "predicted_prevalence": 0.0071463,
        "prediction_uncertainty": 0.7788212,
        "exceedance_probability": 0,
        "adaptively_selected": 0
      },
      "geometry": {
        "type": "Point",
        "coordinates": [
          90.5186531,
          23.6954714
        ]
      }
    },
    {
      "type": "Feature",
      "properties": {
        "id": 349,
        "predicted_prevalence": 0.0053037,
        "prediction_uncertainty": 0.7788691,
        "exceedance_probability": 0,
        "adaptively_selected": 0
      },
      "geometry": {
        "type": "Point",
        "coordinates": [
          90.5223,
          23.6954714
        ]
      }
    },
    {
      "type": "Feature",
      "properties": {
        "id": 350,
        "predicted_prevalence": 0.054023,
        "prediction_uncertainty": 0.7746234,
        "exceedance_probability": 0,
        "adaptively_selected": 0
      },
      "geometry": {
        "type": "Point",
        "coordinates": [
          90.3436,
          23.6999
        ]
      }
    },
    {
      "type": "Feature",
      "properties": {
        "id": 351,
        "predicted_prevalence": 0.0806696,
        "prediction_uncertainty": 0.7692277,
        "exceedance_probability": 0,
        "adaptively_selected": 0
      },
      "geometry": {
        "type": "Point",
        "coordinates": [
          90.3472469,
          23.6999
        ]
      }
    },
    {
      "type": "Feature",
      "properties": {
        "id": 352,
        "predicted_prevalence": 0.1049063,
        "prediction_uncertainty": 0.7621985,
        "exceedance_probability": 0,
        "adaptively_selected": 0
      },
      "geometry": {
        "type": "Point",
        "coordinates": [
          90.3508939,
          23.6999
        ]
      }
    },
    {
      "type": "Feature",
      "properties": {
        "id": 353,
        "predicted_prevalence": 0.1180289,
        "prediction_uncertainty": 0.7568985,
        "exceedance_probability": 0,
        "adaptively_selected": 0
      },
      "geometry": {
        "type": "Point",
        "coordinates": [
          90.3545408,
          23.6999
        ]
      }
    },
    {
      "type": "Feature",
      "properties": {
        "id": 354,
        "predicted_prevalence": 0.1128117,
        "prediction_uncertainty": 0.7567773,
        "exceedance_probability": 0,
        "adaptively_selected": 0
      },
      "geometry": {
        "type": "Point",
        "coordinates": [
          90.3581878,
          23.6999
        ]
      }
    },
    {
      "type": "Feature",
      "properties": {
        "id": 355,
        "predicted_prevalence": 0.0865855,
        "prediction_uncertainty": 0.7615294,
        "exceedance_probability": 0,
        "adaptively_selected": 0
      },
      "geometry": {
        "type": "Point",
        "coordinates": [
          90.3618347,
          23.6999
        ]
      }
    },
    {
      "type": "Feature",
      "properties": {
        "id": 356,
        "predicted_prevalence": 0.0419186,
        "prediction_uncertainty": 0.7664226,
        "exceedance_probability": 0,
        "adaptively_selected": 0
      },
      "geometry": {
        "type": "Point",
        "coordinates": [
          90.3654816,
          23.6999
        ]
      }
    },
    {
      "type": "Feature",
      "properties": {
        "id": 357,
        "predicted_prevalence": -0.0146198,
        "prediction_uncertainty": 0.7650336,
        "exceedance_probability": 0,
        "adaptively_selected": 0
      },
      "geometry": {
        "type": "Point",
        "coordinates": [
          90.3691286,
          23.6999
        ]
      }
    },
    {
      "type": "Feature",
      "properties": {
        "id": 358,
        "predicted_prevalence": -0.073664,
        "prediction_uncertainty": 0.7520326,
        "exceedance_probability": 0,
        "adaptively_selected": 0
      },
      "geometry": {
        "type": "Point",
        "coordinates": [
          90.3727755,
          23.6999
        ]
      }
    },
    {
      "type": "Feature",
      "properties": {
        "id": 359,
        "predicted_prevalence": -0.1237224,
        "prediction_uncertainty": 0.72663,
        "exceedance_probability": 0,
        "adaptively_selected": 0
      },
      "geometry": {
        "type": "Point",
        "coordinates": [
          90.3764224,
          23.6999
        ]
      }
    },
    {
      "type": "Feature",
      "properties": {
        "id": 360,
        "predicted_prevalence": -0.1529934,
        "prediction_uncertainty": 0.6976179,
        "exceedance_probability": 0,
        "adaptively_selected": 0
      },
      "geometry": {
        "type": "Point",
        "coordinates": [
          90.3800694,
          23.6999
        ]
      }
    },
    {
      "type": "Feature",
      "properties": {
        "id": 361,
        "predicted_prevalence": -0.1530397,
        "prediction_uncertainty": 0.6816513,
        "exceedance_probability": 0,
        "adaptively_selected": 0
      },
      "geometry": {
        "type": "Point",
        "coordinates": [
          90.3837163,
          23.6999
        ]
      }
    },
    {
      "type": "Feature",
      "properties": {
        "id": 362,
        "predicted_prevalence": -0.1213939,
        "prediction_uncertainty": 0.6851764,
        "exceedance_probability": 0,
        "adaptively_selected": 0
      },
      "geometry": {
        "type": "Point",
        "coordinates": [
          90.3873633,
          23.6999
        ]
      }
    },
    {
      "type": "Feature",
      "properties": {
        "id": 363,
        "predicted_prevalence": -0.0594657,
        "prediction_uncertainty": 0.686916,
        "exceedance_probability": 0,
        "adaptively_selected": 0
      },
      "geometry": {
        "type": "Point",
        "coordinates": [
          90.3910102,
          23.6999
        ]
      }
    },
    {
      "type": "Feature",
      "properties": {
        "id": 364,
        "predicted_prevalence": 0.0322554,
        "prediction_uncertainty": 0.6487303,
        "exceedance_probability": 0,
        "adaptively_selected": 0
      },
      "geometry": {
        "type": "Point",
        "coordinates": [
          90.3946571,
          23.6999
        ]
      }
    },
    {
      "type": "Feature",
      "properties": {
        "id": 365,
        "predicted_prevalence": 0.153481,
        "prediction_uncertainty": 0.5440737,
        "exceedance_probability": 0,
        "adaptively_selected": 0
      },
      "geometry": {
        "type": "Point",
        "coordinates": [
          90.3983041,
          23.6999
        ]
      }
    },
    {
      "type": "Feature",
      "properties": {
        "id": 366,
        "predicted_prevalence": 0.293382,
        "prediction_uncertainty": 0.380426,
        "exceedance_probability": 0,
        "adaptively_selected": 0
      },
      "geometry": {
        "type": "Point",
        "coordinates": [
          90.401951,
          23.6999
        ]
      }
    },
    {
      "type": "Feature",
      "properties": {
        "id": 367,
        "predicted_prevalence": 0.4200592,
        "prediction_uncertainty": 0.2121082,
        "exceedance_probability": 1,
        "adaptively_selected": 0
      },
      "geometry": {
        "type": "Point",
        "coordinates": [
          90.405598,
          23.6999
        ]
      }
    },
    {
      "type": "Feature",
      "properties": {
        "id": 368,
        "predicted_prevalence": 0.4896943,
        "prediction_uncertainty": 0.1770558,
        "exceedance_probability": 1,
        "adaptively_selected": 0
      },
      "geometry": {
        "type": "Point",
        "coordinates": [
          90.4092449,
          23.6999
        ]
      }
    },
    {
      "type": "Feature",
      "properties": {
        "id": 369,
        "predicted_prevalence": 0.4792199,
        "prediction_uncertainty": 0.280238,
        "exceedance_probability": 1,
        "adaptively_selected": 0
      },
      "geometry": {
        "type": "Point",
        "coordinates": [
          90.4128918,
          23.6999
        ]
      }
    },
    {
      "type": "Feature",
      "properties": {
        "id": 370,
        "predicted_prevalence": 0.4142405,
        "prediction_uncertainty": 0.3617597,
        "exceedance_probability": 1,
        "adaptively_selected": 0
      },
      "geometry": {
        "type": "Point",
        "coordinates": [
          90.4165388,
          23.6999
        ]
      }
    },
    {
      "type": "Feature",
      "properties": {
        "id": 371,
        "predicted_prevalence": 0.3557471,
        "prediction_uncertainty": 0.3688232,
        "exceedance_probability": 1,
        "adaptively_selected": 0
      },
      "geometry": {
        "type": "Point",
        "coordinates": [
          90.4201857,
          23.6999
        ]
      }
    },
    {
      "type": "Feature",
      "properties": {
        "id": 372,
        "predicted_prevalence": 0.3485317,
        "prediction_uncertainty": 0.2946345,
        "exceedance_probability": 0,
        "adaptively_selected": 0
      },
      "geometry": {
        "type": "Point",
        "coordinates": [
          90.4238327,
          23.6999
        ]
      }
    },
    {
      "type": "Feature",
      "properties": {
        "id": 373,
        "predicted_prevalence": 0.3815192,
        "prediction_uncertainty": 0.1555428,
        "exceedance_probability": 1,
        "adaptively_selected": 0
      },
      "geometry": {
        "type": "Point",
        "coordinates": [
          90.4274796,
          23.6999
        ]
      }
    },
    {
      "type": "Feature",
      "properties": {
        "id": 374,
        "predicted_prevalence": 0.4024182,
        "prediction_uncertainty": 0.080219,
        "exceedance_probability": 1,
        "adaptively_selected": 0
      },
      "geometry": {
        "type": "Point",
        "coordinates": [
          90.4311265,
          23.6999
        ]
      }
    },
    {
      "type": "Feature",
      "properties": {
        "id": 375,
        "predicted_prevalence": 0.3695044,
        "prediction_uncertainty": 0.2841397,
        "exceedance_probability": 1,
        "adaptively_selected": 0
      },
      "geometry": {
        "type": "Point",
        "coordinates": [
          90.4347735,
          23.6999
        ]
      }
    },
    {
      "type": "Feature",
      "properties": {
        "id": 376,
        "predicted_prevalence": 0.2855109,
        "prediction_uncertainty": 0.4876514,
        "exceedance_probability": 0,
        "adaptively_selected": 0
      },
      "geometry": {
        "type": "Point",
        "coordinates": [
          90.4384204,
          23.6999
        ]
      }
    },
    {
      "type": "Feature",
      "properties": {
        "id": 377,
        "predicted_prevalence": 0.185971,
        "prediction_uncertainty": 0.637582,
        "exceedance_probability": 0,
        "adaptively_selected": 0
      },
      "geometry": {
        "type": "Point",
        "coordinates": [
          90.4420673,
          23.6999
        ]
      }
    },
    {
      "type": "Feature",
      "properties": {
        "id": 378,
        "predicted_prevalence": 0.1050154,
        "prediction_uncertainty": 0.7234546,
        "exceedance_probability": 0,
        "adaptively_selected": 0
      },
      "geometry": {
        "type": "Point",
        "coordinates": [
          90.4457143,
          23.6999
        ]
      }
    },
    {
      "type": "Feature",
      "properties": {
        "id": 379,
        "predicted_prevalence": 0.0548553,
        "prediction_uncertainty": 0.7613748,
        "exceedance_probability": 0,
        "adaptively_selected": 0
      },
      "geometry": {
        "type": "Point",
        "coordinates": [
          90.4493612,
          23.6999
        ]
      }
    },
    {
      "type": "Feature",
      "properties": {
        "id": 380,
        "predicted_prevalence": 0.0292582,
        "prediction_uncertainty": 0.7742716,
        "exceedance_probability": 0,
        "adaptively_selected": 0
      },
      "geometry": {
        "type": "Point",
        "coordinates": [
          90.4530082,
          23.6999
        ]
      }
    },
    {
      "type": "Feature",
      "properties": {
        "id": 381,
        "predicted_prevalence": 0.0169308,
        "prediction_uncertainty": 0.7777765,
        "exceedance_probability": 0,
        "adaptively_selected": 0
      },
      "geometry": {
        "type": "Point",
        "coordinates": [
          90.4566551,
          23.6999
        ]
      }
    },
    {
      "type": "Feature",
      "properties": {
        "id": 382,
        "predicted_prevalence": 0.0101454,
        "prediction_uncertainty": 0.7786328,
        "exceedance_probability": 0,
        "adaptively_selected": 0
      },
      "geometry": {
        "type": "Point",
        "coordinates": [
          90.460302,
          23.6999
        ]
      }
    },
    {
      "type": "Feature",
      "properties": {
        "id": 383,
        "predicted_prevalence": 0.0057509,
        "prediction_uncertainty": 0.7788525,
        "exceedance_probability": 0,
        "adaptively_selected": 0
      },
      "geometry": {
        "type": "Point",
        "coordinates": [
          90.463949,
          23.6999
        ]
      }
    },
    {
      "type": "Feature",
      "properties": {
        "id": 384,
        "predicted_prevalence": 0.0029084,
        "prediction_uncertainty": 0.778911,
        "exceedance_probability": 0,
        "adaptively_selected": 0
      },
      "geometry": {
        "type": "Point",
        "coordinates": [
          90.4675959,
          23.6999
        ]
      }
    },
    {
      "type": "Feature",
      "properties": {
        "id": 385,
        "predicted_prevalence": 0.0012861,
        "prediction_uncertainty": 0.7789248,
        "exceedance_probability": 0,
        "adaptively_selected": 0
      },
      "geometry": {
        "type": "Point",
        "coordinates": [
          90.4712429,
          23.6999
        ]
      }
    },
    {
      "type": "Feature",
      "properties": {
        "id": 386,
        "predicted_prevalence": 0.000513,
        "prediction_uncertainty": 0.7789274,
        "exceedance_probability": 0,
        "adaptively_selected": 0
      },
      "geometry": {
        "type": "Point",
        "coordinates": [
          90.4748898,
          23.6999
        ]
      }
    },
    {
      "type": "Feature",
      "properties": {
        "id": 387,
        "predicted_prevalence": 0.0002526,
        "prediction_uncertainty": 0.7789277,
        "exceedance_probability": 0,
        "adaptively_selected": 0
      },
      "geometry": {
        "type": "Point",
        "coordinates": [
          90.4785367,
          23.6999
        ]
      }
    },
    {
      "type": "Feature",
      "properties": {
        "id": 388,
        "predicted_prevalence": 0.0003391,
        "prediction_uncertainty": 0.7789276,
        "exceedance_probability": 0,
        "adaptively_selected": 0
      },
      "geometry": {
        "type": "Point",
        "coordinates": [
          90.4821837,
          23.6999
        ]
      }
    },
    {
      "type": "Feature",
      "properties": {
        "id": 389,
        "predicted_prevalence": 0.0008336,
        "prediction_uncertainty": 0.7789264,
        "exceedance_probability": 0,
        "adaptively_selected": 0
      },
      "geometry": {
        "type": "Point",
        "coordinates": [
          90.4858306,
          23.6999
        ]
      }
    },
    {
      "type": "Feature",
      "properties": {
        "id": 390,
        "predicted_prevalence": 0.002022,
        "prediction_uncertainty": 0.7789193,
        "exceedance_probability": 0,
        "adaptively_selected": 0
      },
      "geometry": {
        "type": "Point",
        "coordinates": [
          90.4894776,
          23.6999
        ]
      }
    },
    {
      "type": "Feature",
      "properties": {
        "id": 391,
        "predicted_prevalence": 0.004344,
        "prediction_uncertainty": 0.7788884,
        "exceedance_probability": 0,
        "adaptively_selected": 0
      },
      "geometry": {
        "type": "Point",
        "coordinates": [
          90.4931245,
          23.6999
        ]
      }
    },
    {
      "type": "Feature",
      "properties": {
        "id": 392,
        "predicted_prevalence": 0.0081784,
        "prediction_uncertainty": 0.7787882,
        "exceedance_probability": 0,
        "adaptively_selected": 0
      },
      "geometry": {
        "type": "Point",
        "coordinates": [
          90.4967714,
          23.6999
        ]
      }
    },
    {
      "type": "Feature",
      "properties": {
        "id": 393,
        "predicted_prevalence": 0.0134814,
        "prediction_uncertainty": 0.7785484,
        "exceedance_probability": 0,
        "adaptively_selected": 0
      },
      "geometry": {
        "type": "Point",
        "coordinates": [
          90.5004184,
          23.6999
        ]
      }
    },
    {
      "type": "Feature",
      "properties": {
        "id": 394,
        "predicted_prevalence": 0.0194554,
        "prediction_uncertainty": 0.7781375,
        "exceedance_probability": 0,
        "adaptively_selected": 0
      },
      "geometry": {
        "type": "Point",
        "coordinates": [
          90.5040653,
          23.6999
        ]
      }
    },
    {
      "type": "Feature",
      "properties": {
        "id": 395,
        "predicted_prevalence": 0.0245801,
        "prediction_uncertainty": 0.7776659,
        "exceedance_probability": 0,
        "adaptively_selected": 0
      },
      "geometry": {
        "type": "Point",
        "coordinates": [
          90.5077122,
          23.6999
        ]
      }
    },
    {
      "type": "Feature",
      "properties": {
        "id": 396,
        "predicted_prevalence": 0.0271873,
        "prediction_uncertainty": 0.7773837,
        "exceedance_probability": 0,
        "adaptively_selected": 0
      },
      "geometry": {
        "type": "Point",
        "coordinates": [
          90.5113592,
          23.6999
        ]
      }
    },
    {
      "type": "Feature",
      "properties": {
        "id": 397,
        "predicted_prevalence": 0.0263261,
        "prediction_uncertainty": 0.7774801,
        "exceedance_probability": 0,
        "adaptively_selected": 0
      },
      "geometry": {
        "type": "Point",
        "coordinates": [
          90.5150061,
          23.6999
        ]
      }
    },
    {
      "type": "Feature",
      "properties": {
        "id": 398,
        "predicted_prevalence": 0.0223174,
        "prediction_uncertainty": 0.7778877,
        "exceedance_probability": 0,
        "adaptively_selected": 0
      },
      "geometry": {
        "type": "Point",
        "coordinates": [
          90.5186531,
          23.6999
        ]
      }
    },
    {
      "type": "Feature",
      "properties": {
        "id": 399,
        "predicted_prevalence": 0.0165631,
        "prediction_uncertainty": 0.7783551,
        "exceedance_probability": 0,
        "adaptively_selected": 1
      },
      "geometry": {
        "type": "Point",
        "coordinates": [
          90.5223,
          23.6999
        ]
      }
    },
    {
      "type": "Feature",
      "properties": {
        "id": 400,
        "predicted_prevalence": 0.1057565,
        "prediction_uncertainty": 0.7621826,
        "exceedance_probability": 0,
        "adaptively_selected": 0
      },
      "geometry": {
        "type": "Point",
        "coordinates": [
          90.3436,
          23.7043286
        ]
      }
    },
    {
      "type": "Feature",
      "properties": {
        "id": 401,
        "predicted_prevalence": 0.1572511,
        "prediction_uncertainty": 0.7410711,
        "exceedance_probability": 0,
        "adaptively_selected": 0
      },
      "geometry": {
        "type": "Point",
        "coordinates": [
          90.3472469,
          23.7043286
        ]
      }
    },
    {
      "type": "Feature",
      "properties": {
        "id": 402,
        "predicted_prevalence": 0.2035446,
        "prediction_uncertainty": 0.7132666,
        "exceedance_probability": 0,
        "adaptively_selected": 0
      },
      "geometry": {
        "type": "Point",
        "coordinates": [
          90.3508939,
          23.7043286
        ]
      }
    },
    {
      "type": "Feature",
      "properties": {
        "id": 403,
        "predicted_prevalence": 0.2280064,
        "prediction_uncertainty": 0.6923656,
        "exceedance_probability": 0,
        "adaptively_selected": 0
      },
      "geometry": {
        "type": "Point",
        "coordinates": [
          90.3545408,
          23.7043286
        ]
      }
    },
    {
      "type": "Feature",
      "properties": {
        "id": 404,
        "predicted_prevalence": 0.2176005,
        "prediction_uncertainty": 0.6929537,
        "exceedance_probability": 0,
        "adaptively_selected": 0
      },
      "geometry": {
        "type": "Point",
        "coordinates": [
          90.3581878,
          23.7043286
        ]
      }
    },
    {
      "type": "Feature",
      "properties": {
        "id": 405,
        "predicted_prevalence": 0.1689505,
        "prediction_uncertainty": 0.713579,
        "exceedance_probability": 0,
        "adaptively_selected": 0
      },
      "geometry": {
        "type": "Point",
        "coordinates": [
          90.3618347,
          23.7043286
        ]
      }
    },
    {
      "type": "Feature",
      "properties": {
        "id": 406,
        "predicted_prevalence": 0.0893973,
        "prediction_uncertainty": 0.7360162,
        "exceedance_probability": 0,
        "adaptively_selected": 0
      },
      "geometry": {
        "type": "Point",
        "coordinates": [
          90.3654816,
          23.7043286
        ]
      }
    },
    {
      "type": "Feature",
      "properties": {
        "id": 407,
        "predicted_prevalence": -0.0061272,
        "prediction_uncertainty": 0.7399319,
        "exceedance_probability": 0,
        "adaptively_selected": 0
      },
      "geometry": {
        "type": "Point",
        "coordinates": [
          90.3691286,
          23.7043286
        ]
      }
    },
    {
      "type": "Feature",
      "properties": {
        "id": 408,
        "predicted_prevalence": -0.0987483,
        "prediction_uncertainty": 0.7115018,
        "exceedance_probability": 0,
        "adaptively_selected": 0
      },
      "geometry": {
        "type": "Point",
        "coordinates": [
          90.3727755,
          23.7043286
        ]
      }
    },
    {
      "type": "Feature",
      "properties": {
        "id": 409,
        "predicted_prevalence": -0.1687694,
        "prediction_uncertainty": 0.6479213,
        "exceedance_probability": 0,
        "adaptively_selected": 0
      },
      "geometry": {
        "type": "Point",
        "coordinates": [
          90.3764224,
          23.7043286
        ]
      }
    },
    {
      "type": "Feature",
      "properties": {
        "id": 410,
        "predicted_prevalence": -0.2007922,
        "prediction_uncertainty": 0.5695612,
        "exceedance_probability": 0,
        "adaptively_selected": 0
      },
      "geometry": {
        "type": "Point",
        "coordinates": [
          90.3800694,
          23.7043286
        ]
      }
    },
    {
      "type": "Feature",
      "properties": {
        "id": 411,
        "predicted_prevalence": -0.1908659,
        "prediction_uncertainty": 0.5263047,
        "exceedance_probability": 0,
        "adaptively_selected": 0
      },
      "geometry": {
        "type": "Point",
        "coordinates": [
          90.3837163,
          23.7043286
        ]
      }
    },
    {
      "type": "Feature",
      "properties": {
        "id": 412,
        "predicted_prevalence": -0.1489126,
        "prediction_uncertainty": 0.5492455,
        "exceedance_probability": 0,
        "adaptively_selected": 0
      },
      "geometry": {
        "type": "Point",
        "coordinates": [
          90.3873633,
          23.7043286
        ]
      }
    },
    {
      "type": "Feature",
      "properties": {
        "id": 413,
        "predicted_prevalence": -0.0895437,
        "prediction_uncertainty": 0.5904478,
        "exceedance_probability": 0,
        "adaptively_selected": 0
      },
      "geometry": {
        "type": "Point",
        "coordinates": [
          90.3910102,
          23.7043286
        ]
      }
    },
    {
      "type": "Feature",
      "properties": {
        "id": 414,
        "predicted_prevalence": -0.0164494,
        "prediction_uncertainty": 0.575975,
        "exceedance_probability": 0,
        "adaptively_selected": 0
      },
      "geometry": {
        "type": "Point",
        "coordinates": [
          90.3946571,
          23.7043286
        ]
      }
    },
    {
      "type": "Feature",
      "properties": {
        "id": 415,
        "predicted_prevalence": 0.0817518,
        "prediction_uncertainty": 0.4721653,
        "exceedance_probability": 0,
        "adaptively_selected": 0
      },
      "geometry": {
        "type": "Point",
        "coordinates": [
          90.3983041,
          23.7043286
        ]
      }
    },
    {
      "type": "Feature",
      "properties": {
        "id": 416,
        "predicted_prevalence": 0.2124251,
        "prediction_uncertainty": 0.3015225,
        "exceedance_probability": 0,
        "adaptively_selected": 0
      },
      "geometry": {
        "type": "Point",
        "coordinates": [
          90.401951,
          23.7043286
        ]
      }
    },
    {
      "type": "Feature",
      "properties": {
        "id": 417,
        "predicted_prevalence": 0.3521557,
        "prediction_uncertainty": 0.1248897,
        "exceedance_probability": 1,
        "adaptively_selected": 0
      },
      "geometry": {
        "type": "Point",
        "coordinates": [
          90.405598,
          23.7043286
        ]
      }
    },
    {
      "type": "Feature",
      "properties": {
        "id": 418,
        "predicted_prevalence": 0.4481683,
        "prediction_uncertainty": 0.009479,
        "exceedance_probability": 1,
        "adaptively_selected": 0
      },
      "geometry": {
        "type": "Point",
        "coordinates": [
          90.4092449,
          23.7043286
        ]
      }
    },
    {
      "type": "Feature",
      "properties": {
        "id": 419,
        "predicted_prevalence": 0.4620934,
        "prediction_uncertainty": 0.1016465,
        "exceedance_probability": 1,
        "adaptively_selected": 0
      },
      "geometry": {
        "type": "Point",
        "coordinates": [
          90.4128918,
          23.7043286
        ]
      }
    },
    {
      "type": "Feature",
      "properties": {
        "id": 420,
        "predicted_prevalence": 0.4163242,
        "prediction_uncertainty": 0.1607383,
        "exceedance_probability": 1,
        "adaptively_selected": 0
      },
      "geometry": {
        "type": "Point",
        "coordinates": [
          90.4165388,
          23.7043286
        ]
      }
    },
    {
      "type": "Feature",
      "properties": {
        "id": 421,
        "predicted_prevalence": 0.3831451,
        "prediction_uncertainty": 0.167932,
        "exceedance_probability": 1,
        "adaptively_selected": 0
      },
      "geometry": {
        "type": "Point",
        "coordinates": [
          90.4201857,
          23.7043286
        ]
      }
    },
    {
      "type": "Feature",
      "properties": {
        "id": 422,
        "predicted_prevalence": 0.4146048,
        "prediction_uncertainty": 0.1241768,
        "exceedance_probability": 1,
        "adaptively_selected": 0
      },
      "geometry": {
        "type": "Point",
        "coordinates": [
          90.4238327,
          23.7043286
        ]
      }
    },
    {
      "type": "Feature",
      "properties": {
        "id": 423,
        "predicted_prevalence": 0.4870288,
        "prediction_uncertainty": 0.0742724,
        "exceedance_probability": 1,
        "adaptively_selected": 0
      },
      "geometry": {
        "type": "Point",
        "coordinates": [
          90.4274796,
          23.7043286
        ]
      }
    },
    {
      "type": "Feature",
      "properties": {
        "id": 424,
        "predicted_prevalence": 0.5247888,
        "prediction_uncertainty": 0.1474232,
        "exceedance_probability": 1,
        "adaptively_selected": 0
      },
      "geometry": {
        "type": "Point",
        "coordinates": [
          90.4311265,
          23.7043286
        ]
      }
    },
    {
      "type": "Feature",
      "properties": {
        "id": 425,
        "predicted_prevalence": 0.476084,
        "prediction_uncertainty": 0.3108962,
        "exceedance_probability": 1,
        "adaptively_selected": 0
      },
      "geometry": {
        "type": "Point",
        "coordinates": [
          90.4347735,
          23.7043286
        ]
      }
    },
    {
      "type": "Feature",
      "properties": {
        "id": 426,
        "predicted_prevalence": 0.3568025,
        "prediction_uncertainty": 0.4860782,
        "exceedance_probability": 1,
        "adaptively_selected": 0
      },
      "geometry": {
        "type": "Point",
        "coordinates": [
          90.4384204,
          23.7043286
        ]
      }
    },
    {
      "type": "Feature",
      "properties": {
        "id": 427,
        "predicted_prevalence": 0.2250401,
        "prediction_uncertainty": 0.6255293,
        "exceedance_probability": 0,
        "adaptively_selected": 0
      },
      "geometry": {
        "type": "Point",
        "coordinates": [
          90.4420673,
          23.7043286
        ]
      }
    },
    {
      "type": "Feature",
      "properties": {
        "id": 428,
        "predicted_prevalence": 0.1275625,
        "prediction_uncertainty": 0.7110746,
        "exceedance_probability": 0,
        "adaptively_selected": 1
      },
      "geometry": {
        "type": "Point",
        "coordinates": [
          90.4457143,
          23.7043286
        ]
      }
    },
    {
      "type": "Feature",
      "properties": {
        "id": 429,
        "predicted_prevalence": 0.0740411,
        "prediction_uncertainty": 0.7522299,
        "exceedance_probability": 0,
        "adaptively_selected": 0
      },
      "geometry": {
        "type": "Point",
        "coordinates": [
          90.4493612,
          23.7043286
        ]
      }
    },
    {
      "type": "Feature",
      "properties": {
        "id": 430,
        "predicted_prevalence": 0.0490919,
        "prediction_uncertainty": 0.7686235,
        "exceedance_probability": 0,
        "adaptively_selected": 0
      },
      "geometry": {
        "type": "Point",
        "coordinates": [
          90.4530082,
          23.7043286
        ]
      }
    },
    {
      "type": "Feature",
      "properties": {
        "id": 431,
        "predicted_prevalence": 0.0352231,
        "prediction_uncertainty": 0.7748641,
        "exceedance_probability": 0,
        "adaptively_selected": 0
      },
      "geometry": {
        "type": "Point",
        "coordinates": [
          90.4566551,
          23.7043286
        ]
      }
    },
    {
      "type": "Feature",
      "properties": {
        "id": 432,
        "predicted_prevalence": 0.0240194,
        "prediction_uncertainty": 0.7774344,
        "exceedance_probability": 0,
        "adaptively_selected": 0
      },
      "geometry": {
        "type": "Point",
        "coordinates": [
          90.460302,
          23.7043286
        ]
      }
    },
    {
      "type": "Feature",
      "properties": {
        "id": 433,
        "predicted_prevalence": 0.0144307,
        "prediction_uncertainty": 0.7784723,
        "exceedance_probability": 0,
        "adaptively_selected": 0
      },
      "geometry": {
        "type": "Point",
        "coordinates": [
          90.463949,
          23.7043286
        ]
      }
    },
    {
      "type": "Feature",
      "properties": {
        "id": 434,
        "predicted_prevalence": 0.0074593,
        "prediction_uncertainty": 0.7788194,
        "exceedance_probability": 0,
        "adaptively_selected": 0
      },
      "geometry": {
        "type": "Point",
        "coordinates": [
          90.4675959,
          23.7043286
        ]
      }
    },
    {
      "type": "Feature",
      "properties": {
        "id": 435,
        "predicted_prevalence": 0.0033201,
        "prediction_uncertainty": 0.7789081,
        "exceedance_probability": 0,
        "adaptively_selected": 0
      },
      "geometry": {
        "type": "Point",
        "coordinates": [
          90.4712429,
          23.7043286
        ]
      }
    },
    {
      "type": "Feature",
      "properties": {
        "id": 436,
        "predicted_prevalence": 0.001325,
        "prediction_uncertainty": 0.7789251,
        "exceedance_probability": 0,
        "adaptively_selected": 0
      },
      "geometry": {
        "type": "Point",
        "coordinates": [
          90.4748898,
          23.7043286
        ]
      }
    },
    {
      "type": "Feature",
      "properties": {
        "id": 437,
        "predicted_prevalence": 0.0006506,
        "prediction_uncertainty": 0.7789274,
        "exceedance_probability": 0,
        "adaptively_selected": 0
      },
      "geometry": {
        "type": "Point",
        "coordinates": [
          90.4785367,
          23.7043286
        ]
      }
    },
    {
      "type": "Feature",
      "properties": {
        "id": 438,
        "predicted_prevalence": 0.000871,
        "prediction_uncertainty": 0.7789266,
        "exceedance_probability": 0,
        "adaptively_selected": 0
      },
      "geometry": {
        "type": "Point",
        "coordinates": [
          90.4821837,
          23.7043286
        ]
      }
    },
    {
      "type": "Feature",
      "properties": {
        "id": 439,
        "predicted_prevalence": 0.0021397,
        "prediction_uncertainty": 0.7789185,
        "exceedance_probability": 0,
        "adaptively_selected": 0
      },
      "geometry": {
        "type": "Point",
        "coordinates": [
          90.4858306,
          23.7043286
        ]
      }
    },
    {
      "type": "Feature",
      "properties": {
        "id": 440,
        "predicted_prevalence": 0.0051901,
        "prediction_uncertainty": 0.7788717,
        "exceedance_probability": 0,
        "adaptively_selected": 0
      },
      "geometry": {
        "type": "Point",
        "coordinates": [
          90.4894776,
          23.7043286
        ]
      }
    },
    {
      "type": "Feature",
      "properties": {
        "id": 441,
        "predicted_prevalence": 0.01115,
        "prediction_uncertainty": 0.7786684,
        "exceedance_probability": 0,
        "adaptively_selected": 0
      },
      "geometry": {
        "type": "Point",
        "coordinates": [
          90.4931245,
          23.7043286
        ]
      }
    },
    {
      "type": "Feature",
      "properties": {
        "id": 442,
        "predicted_prevalence": 0.0209923,
        "prediction_uncertainty": 0.7780076,
        "exceedance_probability": 0,
        "adaptively_selected": 0
      },
      "geometry": {
        "type": "Point",
        "coordinates": [
          90.4967714,
          23.7043286
        ]
      }
    },
    {
      "type": "Feature",
      "properties": {
        "id": 443,
        "predicted_prevalence": 0.0346038,
        "prediction_uncertainty": 0.7764249,
        "exceedance_probability": 0,
        "adaptively_selected": 0
      },
      "geometry": {
        "type": "Point",
        "coordinates": [
          90.5004184,
          23.7043286
        ]
      }
    },
    {
      "type": "Feature",
      "properties": {
        "id": 444,
        "predicted_prevalence": 0.0499378,
        "prediction_uncertainty": 0.773706,
        "exceedance_probability": 0,
        "adaptively_selected": 0
      },
      "geometry": {
        "type": "Point",
        "coordinates": [
          90.5040653,
          23.7043286
        ]
      }
    },
    {
      "type": "Feature",
      "properties": {
        "id": 445,
        "predicted_prevalence": 0.0630918,
        "prediction_uncertainty": 0.770576,
        "exceedance_probability": 0,
        "adaptively_selected": 0
      },
      "geometry": {
        "type": "Point",
        "coordinates": [
          90.5077122,
          23.7043286
        ]
      }
    },
    {
      "type": "Feature",
      "properties": {
        "id": 446,
        "predicted_prevalence": 0.0697839,
        "prediction_uncertainty": 0.7686979,
        "exceedance_probability": 0,
        "adaptively_selected": 0
      },
      "geometry": {
        "type": "Point",
        "coordinates": [
          90.5113592,
          23.7043286
        ]
      }
    },
    {
      "type": "Feature",
      "properties": {
        "id": 447,
        "predicted_prevalence": 0.0675733,
        "prediction_uncertainty": 0.7693397,
        "exceedance_probability": 0,
        "adaptively_selected": 0
      },
      "geometry": {
        "type": "Point",
        "coordinates": [
          90.5150061,
          23.7043286
        ]
      }
    },
    {
      "type": "Feature",
      "properties": {
        "id": 448,
        "predicted_prevalence": 0.057284,
        "prediction_uncertainty": 0.7720494,
        "exceedance_probability": 0,
        "adaptively_selected": 0
      },
      "geometry": {
        "type": "Point",
        "coordinates": [
          90.5186531,
          23.7043286
        ]
      }
    },
    {
      "type": "Feature",
      "properties": {
        "id": 449,
        "predicted_prevalence": 0.0425138,
        "prediction_uncertainty": 0.7751467,
        "exceedance_probability": 0,
        "adaptively_selected": 0
      },
      "geometry": {
        "type": "Point",
        "coordinates": [
          90.5223,
          23.7043286
        ]
      }
    },
    {
      "type": "Feature",
      "properties": {
        "id": 450,
        "predicted_prevalence": 0.1682215,
        "prediction_uncertainty": 0.7353556,
        "exceedance_probability": 0,
        "adaptively_selected": 0
      },
      "geometry": {
        "type": "Point",
        "coordinates": [
          90.3436,
          23.7087571
        ]
      }
    },
    {
      "type": "Feature",
      "properties": {
        "id": 451,
        "predicted_prevalence": 0.2485922,
        "prediction_uncertainty": 0.6789935,
        "exceedance_probability": 0,
        "adaptively_selected": 0
      },
      "geometry": {
        "type": "Point",
        "coordinates": [
          90.3472469,
          23.7087571
        ]
      }
    },
    {
      "type": "Feature",
      "properties": {
        "id": 452,
        "predicted_prevalence": 0.3196574,
        "prediction_uncertainty": 0.601069,
        "exceedance_probability": 0,
        "adaptively_selected": 0
      },
      "geometry": {
        "type": "Point",
        "coordinates": [
          90.3508939,
          23.7087571
        ]
      }
    },
    {
      "type": "Feature",
      "properties": {
        "id": 453,
        "predicted_prevalence": 0.3560635,
        "prediction_uncertainty": 0.5397069,
        "exceedance_probability": 1,
        "adaptively_selected": 0
      },
      "geometry": {
        "type": "Point",
        "coordinates": [
          90.3545408,
          23.7087571
        ]
      }
    },
    {
      "type": "Feature",
      "properties": {
        "id": 454,
        "predicted_prevalence": 0.3399164,
        "prediction_uncertainty": 0.5449579,
        "exceedance_probability": 0,
        "adaptively_selected": 0
      },
      "geometry": {
        "type": "Point",
        "coordinates": [
          90.3581878,
          23.7087571
        ]
      }
    },
    {
      "type": "Feature",
      "properties": {
        "id": 455,
        "predicted_prevalence": 0.270551,
        "prediction_uncertainty": 0.6096573,
        "exceedance_probability": 0,
        "adaptively_selected": 0
      },
      "geometry": {
        "type": "Point",
        "coordinates": [
          90.3618347,
          23.7087571
        ]
      }
    },
    {
      "type": "Feature",
      "properties": {
        "id": 456,
        "predicted_prevalence": 0.165537,
        "prediction_uncertainty": 0.6763484,
        "exceedance_probability": 0,
        "adaptively_selected": 0
      },
      "geometry": {
        "type": "Point",
        "coordinates": [
          90.3654816,
          23.7087571
        ]
      }
    },
    {
      "type": "Feature",
      "properties": {
        "id": 457,
        "predicted_prevalence": 0.053893,
        "prediction_uncertainty": 0.7002464,
        "exceedance_probability": 0,
        "adaptively_selected": 0
      },
      "geometry": {
        "type": "Point",
        "coordinates": [
          90.3691286,
          23.7087571
        ]
      }
    },
    {
      "type": "Feature",
      "properties": {
        "id": 458,
        "predicted_prevalence": -0.0329742,
        "prediction_uncertainty": 0.6592054,
        "exceedance_probability": 0,
        "adaptively_selected": 0
      },
      "geometry": {
        "type": "Point",
        "coordinates": [
          90.3727755,
          23.7087571
        ]
      }
    },
    {
      "type": "Feature",
      "properties": {
        "id": 459,
        "predicted_prevalence": -0.0703292,
        "prediction_uncertainty": 0.5457419,
        "exceedance_probability": 0,
        "adaptively_selected": 0
      },
      "geometry": {
        "type": "Point",
        "coordinates": [
          90.3764224,
          23.7087571
        ]
      }
    },
    {
      "type": "Feature",
      "properties": {
        "id": 460,
        "predicted_prevalence": -0.0506078,
        "prediction_uncertainty": 0.3800158,
        "exceedance_probability": 0,
        "adaptively_selected": 0
      },
      "geometry": {
        "type": "Point",
        "coordinates": [
          90.3800694,
          23.7087571
        ]
      }
    },
    {
      "type": "Feature",
      "properties": {
        "id": 461,
        "predicted_prevalence": 0.0081699,
        "prediction_uncertainty": 0.2649356,
        "exceedance_probability": 0,
        "adaptively_selected": 0
      },
      "geometry": {
        "type": "Point",
        "coordinates": [
          90.3837163,
          23.7087571
        ]
      }
    },
    {
      "type": "Feature",
      "properties": {
        "id": 462,
        "predicted_prevalence": 0.0677727,
        "prediction_uncertainty": 0.3442431,
        "exceedance_probability": 0,
        "adaptively_selected": 0
      },
      "geometry": {
        "type": "Point",
        "coordinates": [
          90.3873633,
          23.7087571
        ]
      }
    },
    {
      "type": "Feature",
      "properties": {
        "id": 463,
        "predicted_prevalence": 0.0954487,
        "prediction_uncertainty": 0.4689805,
        "exceedance_probability": 0,
        "adaptively_selected": 0
      },
      "geometry": {
        "type": "Point",
        "coordinates": [
          90.3910102,
          23.7087571
        ]
      }
    },
    {
      "type": "Feature",
      "properties": {
        "id": 464,
        "predicted_prevalence": 0.0945228,
        "prediction_uncertainty": 0.5019139,
        "exceedance_probability": 0,
        "adaptively_selected": 0
      },
      "geometry": {
        "type": "Point",
        "coordinates": [
          90.3946571,
          23.7087571
        ]
      }
    },
    {
      "type": "Feature",
      "properties": {
        "id": 465,
        "predicted_prevalence": 0.1080602,
        "prediction_uncertainty": 0.4146852,
        "exceedance_probability": 0,
        "adaptively_selected": 0
      },
      "geometry": {
        "type": "Point",
        "coordinates": [
          90.3983041,
          23.7087571
        ]
      }
    },
    {
      "type": "Feature",
      "properties": {
        "id": 466,
        "predicted_prevalence": 0.1799505,
        "prediction_uncertainty": 0.2481152,
        "exceedance_probability": 0,
        "adaptively_selected": 0
      },
      "geometry": {
        "type": "Point",
        "coordinates": [
          90.401951,
          23.7087571
        ]
      }
    },
    {
      "type": "Feature",
      "properties": {
        "id": 467,
        "predicted_prevalence": 0.3028421,
        "prediction_uncertainty": 0.0878893,
        "exceedance_probability": 0,
        "adaptively_selected": 0
      },
      "geometry": {
        "type": "Point",
        "coordinates": [
          90.405598,
          23.7087571
        ]
      }
    },
    {
      "type": "Feature",
      "properties": {
        "id": 468,
        "predicted_prevalence": 0.4109878,
        "prediction_uncertainty": 0.0272488,
        "exceedance_probability": 1,
        "adaptively_selected": 0
      },
      "geometry": {
        "type": "Point",
        "coordinates": [
          90.4092449,
          23.7087571
        ]
      }
    },
    {
      "type": "Feature",
      "properties": {
        "id": 469,
        "predicted_prevalence": 0.4409365,
        "prediction_uncertainty": 0.0146702,
        "exceedance_probability": 1,
        "adaptively_selected": 0
      },
      "geometry": {
        "type": "Point",
        "coordinates": [
          90.4128918,
          23.7087571
        ]
      }
    },
    {
      "type": "Feature",
      "properties": {
        "id": 470,
        "predicted_prevalence": 0.4029588,
        "prediction_uncertainty": 0.0207874,
        "exceedance_probability": 1,
        "adaptively_selected": 0
      },
      "geometry": {
        "type": "Point",
        "coordinates": [
          90.4165388,
          23.7087571
        ]
      }
    },
    {
      "type": "Feature",
      "properties": {
        "id": 471,
        "predicted_prevalence": 0.37613,
        "prediction_uncertainty": 0.0265728,
        "exceedance_probability": 1,
        "adaptively_selected": 0
      },
      "geometry": {
        "type": "Point",
        "coordinates": [
          90.4201857,
          23.7087571
        ]
      }
    },
    {
      "type": "Feature",
      "properties": {
        "id": 472,
        "predicted_prevalence": 0.4205479,
        "prediction_uncertainty": 0.0062385,
        "exceedance_probability": 1,
        "adaptively_selected": 0
      },
      "geometry": {
        "type": "Point",
        "coordinates": [
          90.4238327,
          23.7087571
        ]
      }
    },
    {
      "type": "Feature",
      "properties": {
        "id": 473,
        "predicted_prevalence": 0.5058975,
        "prediction_uncertainty": 0.0628942,
        "exceedance_probability": 1,
        "adaptively_selected": 0
      },
      "geometry": {
        "type": "Point",
        "coordinates": [
          90.4274796,
          23.7087571
        ]
      }
    },
    {
      "type": "Feature",
      "properties": {
        "id": 474,
        "predicted_prevalence": 0.5427161,
        "prediction_uncertainty": 0.1594084,
        "exceedance_probability": 1,
        "adaptively_selected": 0
      },
      "geometry": {
        "type": "Point",
        "coordinates": [
          90.4311265,
          23.7087571
        ]
      }
    },
    {
      "type": "Feature",
      "properties": {
        "id": 475,
        "predicted_prevalence": 0.4777529,
        "prediction_uncertainty": 0.3003848,
        "exceedance_probability": 1,
        "adaptively_selected": 0
      },
      "geometry": {
        "type": "Point",
        "coordinates": [
          90.4347735,
          23.7087571
        ]
      }
    },
    {
      "type": "Feature",
      "properties": {
        "id": 476,
        "predicted_prevalence": 0.3422123,
        "prediction_uncertainty": 0.4544683,
        "exceedance_probability": 0,
        "adaptively_selected": 0
      },
      "geometry": {
        "type": "Point",
        "coordinates": [
          90.4384204,
          23.7087571
        ]
      }
    },
    {
      "type": "Feature",
      "properties": {
        "id": 477,
        "predicted_prevalence": 0.2101798,
        "prediction_uncertainty": 0.584287,
        "exceedance_probability": 0,
        "adaptively_selected": 0
      },
      "geometry": {
        "type": "Point",
        "coordinates": [
          90.4420673,
          23.7087571
        ]
      }
    },
    {
      "type": "Feature",
      "properties": {
        "id": 478,
        "predicted_prevalence": 0.1293524,
        "prediction_uncertainty": 0.671194,
        "exceedance_probability": 0,
        "adaptively_selected": 0
      },
      "geometry": {
        "type": "Point",
        "coordinates": [
          90.4457143,
          23.7087571
        ]
      }
    },
    {
      "type": "Feature",
      "properties": {
        "id": 479,
        "predicted_prevalence": 0.0967968,
        "prediction_uncertainty": 0.7200346,
        "exceedance_probability": 0,
        "adaptively_selected": 0
      },
      "geometry": {
        "type": "Point",
        "coordinates": [
          90.4493612,
          23.7087571
        ]
      }
    },
    {
      "type": "Feature",
      "properties": {
        "id": 480,
        "predicted_prevalence": 0.0841982,
        "prediction_uncertainty": 0.7468445,
        "exceedance_probability": 0,
        "adaptively_selected": 0
      },
      "geometry": {
        "type": "Point",
        "coordinates": [
          90.4530082,
          23.7087571
        ]
      }
    },
    {
      "type": "Feature",
      "properties": {
        "id": 481,
        "predicted_prevalence": 0.0701861,
        "prediction_uncertainty": 0.7630538,
        "exceedance_probability": 0,
        "adaptively_selected": 0
      },
      "geometry": {
        "type": "Point",
        "coordinates": [
          90.4566551,
          23.7087571
        ]
      }
    },
    {
      "type": "Feature",
      "properties": {
        "id": 482,
        "predicted_prevalence": 0.0506432,
        "prediction_uncertainty": 0.7724872,
        "exceedance_probability": 0,
        "adaptively_selected": 0
      },
      "geometry": {
        "type": "Point",
        "coordinates": [
          90.460302,
          23.7087571
        ]
      }
    },
    {
      "type": "Feature",
      "properties": {
        "id": 483,
        "predicted_prevalence": 0.0309039,
        "prediction_uncertainty": 0.7768987,
        "exceedance_probability": 0,
        "adaptively_selected": 0
      },
      "geometry": {
        "type": "Point",
        "coordinates": [
          90.463949,
          23.7087571
        ]
      }
    },
    {
      "type": "Feature",
      "properties": {
        "id": 484,
        "predicted_prevalence": 0.0159937,
        "prediction_uncertainty": 0.7784411,
        "exceedance_probability": 0,
        "adaptively_selected": 0
      },
      "geometry": {
        "type": "Point",
        "coordinates": [
          90.4675959,
          23.7087571
        ]
      }
    },
    {
      "type": "Feature",
      "properties": {
        "id": 485,
        "predicted_prevalence": 0.0070977,
        "prediction_uncertainty": 0.7788393,
        "exceedance_probability": 0,
        "adaptively_selected": 0
      },
      "geometry": {
        "type": "Point",
        "coordinates": [
          90.4712429,
          23.7087571
        ]
      }
    },
    {
      "type": "Feature",
      "properties": {
        "id": 486,
        "predicted_prevalence": 0.0028216,
        "prediction_uncertainty": 0.7789155,
        "exceedance_probability": 0,
        "adaptively_selected": 0
      },
      "geometry": {
        "type": "Point",
        "coordinates": [
          90.4748898,
          23.7087571
        ]
      }
    },
    {
      "type": "Feature",
      "properties": {
        "id": 487,
        "predicted_prevalence": 0.0013785,
        "prediction_uncertainty": 0.778926,
        "exceedance_probability": 0,
        "adaptively_selected": 0
      },
      "geometry": {
        "type": "Point",
        "coordinates": [
          90.4785367,
          23.7087571
        ]
      }
    },
    {
      "type": "Feature",
      "properties": {
        "id": 488,
        "predicted_prevalence": 0.0018387,
        "prediction_uncertainty": 0.7789224,
        "exceedance_probability": 0,
        "adaptively_selected": 0
      },
      "geometry": {
        "type": "Point",
        "coordinates": [
          90.4821837,
          23.7087571
        ]
      }
    },
    {
      "type": "Feature",
      "properties": {
        "id": 489,
        "predicted_prevalence": 0.0045142,
        "prediction_uncertainty": 0.7788864,
        "exceedance_probability": 0,
        "adaptively_selected": 0
      },
      "geometry": {
        "type": "Point",
        "coordinates": [
          90.4858306,
          23.7087571
        ]
      }
    },
    {
      "type": "Feature",
      "properties": {
        "id": 490,
        "predicted_prevalence": 0.0109494,
        "prediction_uncertainty": 0.7786782,
        "exceedance_probability": 0,
        "adaptively_selected": 0
      },
      "geometry": {
        "type": "Point",
        "coordinates": [
          90.4894776,
          23.7087571
        ]
      }
    },
    {
      "type": "Feature",
      "properties": {
        "id": 491,
        "predicted_prevalence": 0.0235228,
        "prediction_uncertainty": 0.7777725,
        "exceedance_probability": 0,
        "adaptively_selected": 0
      },
      "geometry": {
        "type": "Point",
        "coordinates": [
          90.4931245,
          23.7087571
        ]
      }
    },
    {
      "type": "Feature",
      "properties": {
        "id": 492,
        "predicted_prevalence": 0.0442868,
        "prediction_uncertainty": 0.774824,
        "exceedance_probability": 0,
        "adaptively_selected": 0
      },
      "geometry": {
        "type": "Point",
        "coordinates": [
          90.4967714,
          23.7087571
        ]
      }
    },
    {
      "type": "Feature",
      "properties": {
        "id": 493,
        "predicted_prevalence": 0.0730025,
        "prediction_uncertainty": 0.7677254,
        "exceedance_probability": 0,
        "adaptively_selected": 0
      },
      "geometry": {
        "type": "Point",
        "coordinates": [
          90.5004184,
          23.7087571
        ]
      }
    },
    {
      "type": "Feature",
      "properties": {
        "id": 494,
        "predicted_prevalence": 0.1053521,
        "prediction_uncertainty": 0.7554102,
        "exceedance_probability": 0,
        "adaptively_selected": 0
      },
      "geometry": {
        "type": "Point",
        "coordinates": [
          90.5040653,
          23.7087571
        ]
      }
    },
    {
      "type": "Feature",
      "properties": {
        "id": 495,
        "predicted_prevalence": 0.1331028,
        "prediction_uncertainty": 0.7410339,
        "exceedance_probability": 0,
        "adaptively_selected": 0
      },
      "geometry": {
        "type": "Point",
        "coordinates": [
          90.5077122,
          23.7087571
        ]
      }
    },
    {
      "type": "Feature",
      "properties": {
        "id": 496,
        "predicted_prevalence": 0.1472208,
        "prediction_uncertainty": 0.732301,
        "exceedance_probability": 0,
        "adaptively_selected": 0
      },
      "geometry": {
        "type": "Point",
        "coordinates": [
          90.5113592,
          23.7087571
        ]
      }
    },
    {
      "type": "Feature",
      "properties": {
        "id": 497,
        "predicted_prevalence": 0.1425573,
        "prediction_uncertainty": 0.7352947,
        "exceedance_probability": 0,
        "adaptively_selected": 0
      },
      "geometry": {
        "type": "Point",
        "coordinates": [
          90.5150061,
          23.7087571
        ]
      }
    },
    {
      "type": "Feature",
      "properties": {
        "id": 498,
        "predicted_prevalence": 0.1208503,
        "prediction_uncertainty": 0.7478284,
        "exceedance_probability": 0,
        "adaptively_selected": 0
      },
      "geometry": {
        "type": "Point",
        "coordinates": [
          90.5186531,
          23.7087571
        ]
      }
    },
    {
      "type": "Feature",
      "properties": {
        "id": 499,
        "predicted_prevalence": 0.08969,
        "prediction_uncertainty": 0.7619553,
        "exceedance_probability": 0,
        "adaptively_selected": 0
      },
      "geometry": {
        "type": "Point",
        "coordinates": [
          90.5223,
          23.7087571
        ]
      }
    },
    {
      "type": "Feature",
      "properties": {
        "id": 500,
        "predicted_prevalence": 0.2165931,
        "prediction_uncertainty": 0.7039573,
        "exceedance_probability": 0,
        "adaptively_selected": 0
      },
      "geometry": {
        "type": "Point",
        "coordinates": [
          90.3436,
          23.7131857
        ]
      }
    },
    {
      "type": "Feature",
      "properties": {
        "id": 501,
        "predicted_prevalence": 0.3173183,
        "prediction_uncertainty": 0.603262,
        "exceedance_probability": 0,
        "adaptively_selected": 0
      },
      "geometry": {
        "type": "Point",
        "coordinates": [
          90.3472469,
          23.7131857
        ]
      }
    },
    {
      "type": "Feature",
      "properties": {
        "id": 502,
        "predicted_prevalence": 0.4042613,
        "prediction_uncertainty": 0.449249,
        "exceedance_probability": 1,
        "adaptively_selected": 0
      },
      "geometry": {
        "type": "Point",
        "coordinates": [
          90.3508939,
          23.7131857
        ]
      }
    },
    {
      "type": "Feature",
      "properties": {
        "id": 503,
        "predicted_prevalence": 0.4466958,
        "prediction_uncertainty": 0.3002982,
        "exceedance_probability": 1,
        "adaptively_selected": 0
      },
      "geometry": {
        "type": "Point",
        "coordinates": [
          90.3545408,
          23.7131857
        ]
      }
    },
    {
      "type": "Feature",
      "properties": {
        "id": 504,
        "predicted_prevalence": 0.4263465,
        "prediction_uncertainty": 0.3168126,
        "exceedance_probability": 1,
        "adaptively_selected": 0
      },
      "geometry": {
        "type": "Point",
        "coordinates": [
          90.3581878,
          23.7131857
        ]
      }
    },
    {
      "type": "Feature",
      "properties": {
        "id": 505,
        "predicted_prevalence": 0.3499865,
        "prediction_uncertainty": 0.4693226,
        "exceedance_probability": 0,
        "adaptively_selected": 0
      },
      "geometry": {
        "type": "Point",
        "coordinates": [
          90.3618347,
          23.7131857
        ]
      }
    },
    {
      "type": "Feature",
      "properties": {
        "id": 506,
        "predicted_prevalence": 0.2494957,
        "prediction_uncertainty": 0.602278,
        "exceedance_probability": 0,
        "adaptively_selected": 0
      },
      "geometry": {
        "type": "Point",
        "coordinates": [
          90.3654816,
          23.7131857
        ]
      }
    },
    {
      "type": "Feature",
      "properties": {
        "id": 507,
        "predicted_prevalence": 0.1702361,
        "prediction_uncertainty": 0.6616689,
        "exceedance_probability": 0,
        "adaptively_selected": 0
      },
      "geometry": {
        "type": "Point",
        "coordinates": [
          90.3691286,
          23.7131857
        ]
      }
    },
    {
      "type": "Feature",
      "properties": {
        "id": 508,
        "predicted_prevalence": 0.1543237,
        "prediction_uncertainty": 0.6324445,
        "exceedance_probability": 0,
        "adaptively_selected": 0
      },
      "geometry": {
        "type": "Point",
        "coordinates": [
          90.3727755,
          23.7131857
        ]
      }
    },
    {
      "type": "Feature",
      "properties": {
        "id": 509,
        "predicted_prevalence": 0.2225656,
        "prediction_uncertainty": 0.5099329,
        "exceedance_probability": 0,
        "adaptively_selected": 0
      },
      "geometry": {
        "type": "Point",
        "coordinates": [
          90.3764224,
          23.7131857
        ]
      }
    },
    {
      "type": "Feature",
      "properties": {
        "id": 510,
        "predicted_prevalence": 0.3574954,
        "prediction_uncertainty": 0.302576,
        "exceedance_probability": 1,
        "adaptively_selected": 0
      },
      "geometry": {
        "type": "Point",
        "coordinates": [
          90.3800694,
          23.7131857
        ]
      }
    },
    {
      "type": "Feature",
      "properties": {
        "id": 511,
        "predicted_prevalence": 0.4984497,
        "prediction_uncertainty": 0.0501206,
        "exceedance_probability": 1,
        "adaptively_selected": 0
      },
      "geometry": {
        "type": "Point",
        "coordinates": [
          90.3837163,
          23.7131857
        ]
      }
    },
    {
      "type": "Feature",
      "properties": {
        "id": 512,
        "predicted_prevalence": 0.5655321,
        "prediction_uncertainty": 0.2184656,
        "exceedance_probability": 1,
        "adaptively_selected": 0
      },
      "geometry": {
        "type": "Point",
        "coordinates": [
          90.3873633,
          23.7131857
        ]
      }
    },
    {
      "type": "Feature",
      "properties": {
        "id": 513,
        "predicted_prevalence": 0.5119172,
        "prediction_uncertainty": 0.4056952,
        "exceedance_probability": 1,
        "adaptively_selected": 0
      },
      "geometry": {
        "type": "Point",
        "coordinates": [
          90.3910102,
          23.7131857
        ]
      }
    },
    {
      "type": "Feature",
      "properties": {
        "id": 514,
        "predicted_prevalence": 0.3693,
        "prediction_uncertainty": 0.4771484,
        "exceedance_probability": 1,
        "adaptively_selected": 0
      },
      "geometry": {
        "type": "Point",
        "coordinates": [
          90.3946571,
          23.7131857
        ]
      }
    },
    {
      "type": "Feature",
      "properties": {
        "id": 515,
        "predicted_prevalence": 0.2383414,
        "prediction_uncertainty": 0.4241681,
        "exceedance_probability": 0,
        "adaptively_selected": 0
      },
      "geometry": {
        "type": "Point",
        "coordinates": [
          90.3983041,
          23.7131857
        ]
      }
    },
    {
      "type": "Feature",
      "properties": {
        "id": 516,
        "predicted_prevalence": 0.2143095,
        "prediction_uncertainty": 0.2899755,
        "exceedance_probability": 0,
        "adaptively_selected": 0
      },
      "geometry": {
        "type": "Point",
        "coordinates": [
          90.401951,
          23.7131857
        ]
      }
    },
    {
      "type": "Feature",
      "properties": {
        "id": 517,
        "predicted_prevalence": 0.3042609,
        "prediction_uncertainty": 0.1516197,
        "exceedance_probability": 0,
        "adaptively_selected": 0
      },
      "geometry": {
        "type": "Point",
        "coordinates": [
          90.405598,
          23.7131857
        ]
      }
    },
    {
      "type": "Feature",
      "properties": {
        "id": 518,
        "predicted_prevalence": 0.4184136,
        "prediction_uncertainty": 0.0651224,
        "exceedance_probability": 1,
        "adaptively_selected": 0
      },
      "geometry": {
        "type": "Point",
        "coordinates": [
          90.4092449,
          23.7131857
        ]
      }
    },
    {
      "type": "Feature",
      "properties": {
        "id": 519,
        "predicted_prevalence": 0.457461,
        "prediction_uncertainty": 0.0313128,
        "exceedance_probability": 1,
        "adaptively_selected": 0
      },
      "geometry": {
        "type": "Point",
        "coordinates": [
          90.4128918,
          23.7131857
        ]
      }
    },
    {
      "type": "Feature",
      "properties": {
        "id": 520,
        "predicted_prevalence": 0.4125582,
        "prediction_uncertainty": 0.0426326,
        "exceedance_probability": 1,
        "adaptively_selected": 0
      },
      "geometry": {
        "type": "Point",
        "coordinates": [
          90.4165388,
          23.7131857
        ]
      }
    },
    {
      "type": "Feature",
      "properties": {
        "id": 521,
        "predicted_prevalence": 0.3660134,
        "prediction_uncertainty": 0.0440343,
        "exceedance_probability": 1,
        "adaptively_selected": 0
      },
      "geometry": {
        "type": "Point",
        "coordinates": [
          90.4201857,
          23.7131857
        ]
      }
    },
    {
      "type": "Feature",
      "properties": {
        "id": 522,
        "predicted_prevalence": 0.3879498,
        "prediction_uncertainty": 0.0335658,
        "exceedance_probability": 1,
        "adaptively_selected": 0
      },
      "geometry": {
        "type": "Point",
        "coordinates": [
          90.4238327,
          23.7131857
        ]
      }
    },
    {
      "type": "Feature",
      "properties": {
        "id": 523,
        "predicted_prevalence": 0.4516977,
        "prediction_uncertainty": 0.0036144,
        "exceedance_probability": 1,
        "adaptively_selected": 0
      },
      "geometry": {
        "type": "Point",
        "coordinates": [
          90.4274796,
          23.7131857
        ]
      }
    },
    {
      "type": "Feature",
      "properties": {
        "id": 524,
        "predicted_prevalence": 0.4688234,
        "prediction_uncertainty": 0.0758796,
        "exceedance_probability": 1,
        "adaptively_selected": 0
      },
      "geometry": {
        "type": "Point",
        "coordinates": [
          90.4311265,
          23.7131857
        ]
      }
    },
    {
      "type": "Feature",
      "properties": {
        "id": 525,
        "predicted_prevalence": 0.3938892,
        "prediction_uncertainty": 0.1983616,
        "exceedance_probability": 1,
        "adaptively_selected": 0
      },
      "geometry": {
        "type": "Point",
        "coordinates": [
          90.4347735,
          23.7131857
        ]
      }
    },
    {
      "type": "Feature",
      "properties": {
        "id": 526,
        "predicted_prevalence": 0.2698486,
        "prediction_uncertainty": 0.3398711,
        "exceedance_probability": 0,
        "adaptively_selected": 0
      },
      "geometry": {
        "type": "Point",
        "coordinates": [
          90.4384204,
          23.7131857
        ]
      }
    },
    {
      "type": "Feature",
      "properties": {
        "id": 527,
        "predicted_prevalence": 0.173174,
        "prediction_uncertainty": 0.4687488,
        "exceedance_probability": 0,
        "adaptively_selected": 0
      },
      "geometry": {
        "type": "Point",
        "coordinates": [
          90.4420673,
          23.7131857
        ]
      }
    },
    {
      "type": "Feature",
      "properties": {
        "id": 528,
        "predicted_prevalence": 0.1383129,
        "prediction_uncertainty": 0.5644402,
        "exceedance_probability": 0,
        "adaptively_selected": 0
      },
      "geometry": {
        "type": "Point",
        "coordinates": [
          90.4457143,
          23.7131857
        ]
      }
    },
    {
      "type": "Feature",
      "properties": {
        "id": 529,
        "predicted_prevalence": 0.1424879,
        "prediction_uncertainty": 0.6319677,
        "exceedance_probability": 0,
        "adaptively_selected": 0
      },
      "geometry": {
        "type": "Point",
        "coordinates": [
          90.4493612,
          23.7131857
        ]
      }
    },
    {
      "type": "Feature",
      "properties": {
        "id": 530,
        "predicted_prevalence": 0.1451979,
        "prediction_uncertainty": 0.6865768,
        "exceedance_probability": 0,
        "adaptively_selected": 0
      },
      "geometry": {
        "type": "Point",
        "coordinates": [
          90.4530082,
          23.7131857
        ]
      }
    },
    {
      "type": "Feature",
      "properties": {
        "id": 531,
        "predicted_prevalence": 0.1263082,
        "prediction_uncertainty": 0.7306965,
        "exceedance_probability": 0,
        "adaptively_selected": 0
      },
      "geometry": {
        "type": "Point",
        "coordinates": [
          90.4566551,
          23.7131857
        ]
      }
    },
    {
      "type": "Feature",
      "properties": {
        "id": 532,
        "predicted_prevalence": 0.0913282,
        "prediction_uncertainty": 0.7591541,
        "exceedance_probability": 0,
        "adaptively_selected": 0
      },
      "geometry": {
        "type": "Point",
        "coordinates": [
          90.460302,
          23.7131857
        ]
      }
    },
    {
      "type": "Feature",
      "properties": {
        "id": 533,
        "predicted_prevalence": 0.0552909,
        "prediction_uncertainty": 0.772714,
        "exceedance_probability": 0,
        "adaptively_selected": 1
      },
      "geometry": {
        "type": "Point",
        "coordinates": [
          90.463949,
          23.7131857
        ]
      }
    },
    {
      "type": "Feature",
      "properties": {
        "id": 534,
        "predicted_prevalence": 0.0283685,
        "prediction_uncertainty": 0.7774443,
        "exceedance_probability": 0,
        "adaptively_selected": 0
      },
      "geometry": {
        "type": "Point",
        "coordinates": [
          90.4675959,
          23.7131857
        ]
      }
    },
    {
      "type": "Feature",
      "properties": {
        "id": 535,
        "predicted_prevalence": 0.0125005,
        "prediction_uncertainty": 0.7786592,
        "exceedance_probability": 0,
        "adaptively_selected": 0
      },
      "geometry": {
        "type": "Point",
        "coordinates": [
          90.4712429,
          23.7131857
        ]
      }
    },
    {
      "type": "Feature",
      "properties": {
        "id": 536,
        "predicted_prevalence": 0.0049418,
        "prediction_uncertainty": 0.7788907,
        "exceedance_probability": 0,
        "adaptively_selected": 0
      },
      "geometry": {
        "type": "Point",
        "coordinates": [
          90.4748898,
          23.7131857
        ]
      }
    },
    {
      "type": "Feature",
      "properties": {
        "id": 537,
        "predicted_prevalence": 0.0024009,
        "prediction_uncertainty": 0.7789224,
        "exceedance_probability": 0,
        "adaptively_selected": 0
      },
      "geometry": {
        "type": "Point",
        "coordinates": [
          90.4785367,
          23.7131857
        ]
      }
    },
    {
      "type": "Feature",
      "properties": {
        "id": 538,
        "predicted_prevalence": 0.0031902,
        "prediction_uncertainty": 0.7789117,
        "exceedance_probability": 0,
        "adaptively_selected": 0
      },
      "geometry": {
        "type": "Point",
        "coordinates": [
          90.4821837,
          23.7131857
        ]
      }
    },
    {
      "type": "Feature",
      "properties": {
        "id": 539,
        "predicted_prevalence": 0.0078277,
        "prediction_uncertainty": 0.7788034,
        "exceedance_probability": 0,
        "adaptively_selected": 0
      },
      "geometry": {
        "type": "Point",
        "coordinates": [
          90.4858306,
          23.7131857
        ]
      }
    },
    {
      "type": "Feature",
      "properties": {
        "id": 540,
        "predicted_prevalence": 0.0189859,
        "prediction_uncertainty": 0.7781771,
        "exceedance_probability": 0,
        "adaptively_selected": 0
      },
      "geometry": {
        "type": "Point",
        "coordinates": [
          90.4894776,
          23.7131857
        ]
      }
    },
    {
      "type": "Feature",
      "properties": {
        "id": 541,
        "predicted_prevalence": 0.0407875,
        "prediction_uncertainty": 0.775449,
        "exceedance_probability": 0,
        "adaptively_selected": 0
      },
      "geometry": {
        "type": "Point",
        "coordinates": [
          90.4931245,
          23.7131857
        ]
      }
    },
    {
      "type": "Feature",
      "properties": {
        "id": 542,
        "predicted_prevalence": 0.0767915,
        "prediction_uncertainty": 0.766523,
        "exceedance_probability": 0,
        "adaptively_selected": 0
      },
      "geometry": {
        "type": "Point",
        "coordinates": [
          90.4967714,
          23.7131857
        ]
      }
    },
    {
      "type": "Feature",
      "properties": {
        "id": 543,
        "predicted_prevalence": 0.1265835,
        "prediction_uncertainty": 0.7447385,
        "exceedance_probability": 0,
        "adaptively_selected": 0
      },
      "geometry": {
        "type": "Point",
        "coordinates": [
          90.5004184,
          23.7131857
        ]
      }
    },
    {
      "type": "Feature",
      "properties": {
        "id": 544,
        "predicted_prevalence": 0.1826765,
        "prediction_uncertainty": 0.7058597,
        "exceedance_probability": 0,
        "adaptively_selected": 0
      },
      "geometry": {
        "type": "Point",
        "coordinates": [
          90.5040653,
          23.7131857
        ]
      }
    },
    {
      "type": "Feature",
      "properties": {
        "id": 545,
        "predicted_prevalence": 0.230795,
        "prediction_uncertainty": 0.6584494,
        "exceedance_probability": 0,
        "adaptively_selected": 0
      },
      "geometry": {
        "type": "Point",
        "coordinates": [
          90.5077122,
          23.7131857
        ]
      }
    },
    {
      "type": "Feature",
      "properties": {
        "id": 546,
        "predicted_prevalence": 0.2552751,
        "prediction_uncertainty": 0.6283876,
        "exceedance_probability": 0,
        "adaptively_selected": 0
      },
      "geometry": {
        "type": "Point",
        "coordinates": [
          90.5113592,
          23.7131857
        ]
      }
    },
    {
      "type": "Feature",
      "properties": {
        "id": 547,
        "predicted_prevalence": 0.2471887,
        "prediction_uncertainty": 0.6388118,
        "exceedance_probability": 0,
        "adaptively_selected": 0
      },
      "geometry": {
        "type": "Point",
        "coordinates": [
          90.5150061,
          23.7131857
        ]
      }
    },
    {
      "type": "Feature",
      "properties": {
        "id": 548,
        "predicted_prevalence": 0.2095496,
        "prediction_uncertainty": 0.6811538,
        "exceedance_probability": 0,
        "adaptively_selected": 0
      },
      "geometry": {
        "type": "Point",
        "coordinates": [
          90.5186531,
          23.7131857
        ]
      }
    },
    {
      "type": "Feature",
      "properties": {
        "id": 549,
        "predicted_prevalence": 0.1555189,
        "prediction_uncertainty": 0.7267032,
        "exceedance_probability": 0,
        "adaptively_selected": 0
      },
      "geometry": {
        "type": "Point",
        "coordinates": [
          90.5223,
          23.7131857
        ]
      }
    },
    {
      "type": "Feature",
      "properties": {
        "id": 550,
        "predicted_prevalence": 0.2255285,
        "prediction_uncertainty": 0.6950276,
        "exceedance_probability": 0,
        "adaptively_selected": 0
      },
      "geometry": {
        "type": "Point",
        "coordinates": [
          90.3436,
          23.7176143
        ]
      }
    },
    {
      "type": "Feature",
      "properties": {
        "id": 551,
        "predicted_prevalence": 0.3270408,
        "prediction_uncertainty": 0.5813506,
        "exceedance_probability": 0,
        "adaptively_selected": 0
      },
      "geometry": {
        "type": "Point",
        "coordinates": [
          90.3472469,
          23.7176143
        ]
      }
    },
    {
      "type": "Feature",
      "properties": {
        "id": 552,
        "predicted_prevalence": 0.4123739,
        "prediction_uncertainty": 0.3964989,
        "exceedance_probability": 1,
        "adaptively_selected": 0
      },
      "geometry": {
        "type": "Point",
        "coordinates": [
          90.3508939,
          23.7176143
        ]
      }
    },
    {
      "type": "Feature",
      "properties": {
        "id": 553,
        "predicted_prevalence": 0.4524404,
        "prediction_uncertainty": 0.1532824,
        "exceedance_probability": 1,
        "adaptively_selected": 0
      },
      "geometry": {
        "type": "Point",
        "coordinates": [
          90.3545408,
          23.7176143
        ]
      }
    },
    {
      "type": "Feature",
      "properties": {
        "id": 554,
        "predicted_prevalence": 0.4347493,
        "prediction_uncertainty": 0.1112949,
        "exceedance_probability": 1,
        "adaptively_selected": 0
      },
      "geometry": {
        "type": "Point",
        "coordinates": [
          90.3581878,
          23.7176143
        ]
      }
    },
    {
      "type": "Feature",
      "properties": {
        "id": 555,
        "predicted_prevalence": 0.3762453,
        "prediction_uncertainty": 0.349016,
        "exceedance_probability": 1,
        "adaptively_selected": 0
      },
      "geometry": {
        "type": "Point",
        "coordinates": [
          90.3618347,
          23.7176143
        ]
      }
    },
    {
      "type": "Feature",
      "properties": {
        "id": 556,
        "predicted_prevalence": 0.3213243,
        "prediction_uncertainty": 0.5259092,
        "exceedance_probability": 0,
        "adaptively_selected": 0
      },
      "geometry": {
        "type": "Point",
        "coordinates": [
          90.3654816,
          23.7176143
        ]
      }
    },
    {
      "type": "Feature",
      "properties": {
        "id": 557,
        "predicted_prevalence": 0.3254878,
        "prediction_uncertainty": 0.6238308,
        "exceedance_probability": 0,
        "adaptively_selected": 0
      },
      "geometry": {
        "type": "Point",
        "coordinates": [
          90.3691286,
          23.7176143
        ]
      }
    },
    {
      "type": "Feature",
      "properties": {
        "id": 558,
        "predicted_prevalence": 0.4311556,
        "prediction_uncertainty": 0.6357447,
        "exceedance_probability": 1,
        "adaptively_selected": 0
      },
      "geometry": {
        "type": "Point",
        "coordinates": [
          90.3727755,
          23.7176143
        ]
      }
    },
    {
      "type": "Feature",
      "properties": {
        "id": 559,
        "predicted_prevalence": 0.6411368,
        "prediction_uncertainty": 0.5610461,
        "exceedance_probability": 1,
        "adaptively_selected": 0
      },
      "geometry": {
        "type": "Point",
        "coordinates": [
          90.3764224,
          23.7176143
        ]
      }
    },
    {
      "type": "Feature",
      "properties": {
        "id": 560,
        "predicted_prevalence": 0.8981494,
        "prediction_uncertainty": 0.4133986,
        "exceedance_probability": 1,
        "adaptively_selected": 0
      },
      "geometry": {
        "type": "Point",
        "coordinates": [
          90.3800694,
          23.7176143
        ]
      }
    },
    {
      "type": "Feature",
      "properties": {
        "id": 561,
        "predicted_prevalence": 1.0900855,
        "prediction_uncertainty": 0.2499665,
        "exceedance_probability": 1,
        "adaptively_selected": 0
      },
      "geometry": {
        "type": "Point",
        "coordinates": [
          90.3837163,
          23.7176143
        ]
      }
    },
    {
      "type": "Feature",
      "properties": {
        "id": 562,
        "predicted_prevalence": 1.100381,
        "prediction_uncertainty": 0.241692,
        "exceedance_probability": 1,
        "adaptively_selected": 0
      },
      "geometry": {
        "type": "Point",
        "coordinates": [
          90.3873633,
          23.7176143
        ]
      }
    },
    {
      "type": "Feature",
      "properties": {
        "id": 563,
        "predicted_prevalence": 0.889291,
        "prediction_uncertainty": 0.3788918,
        "exceedance_probability": 1,
        "adaptively_selected": 0
      },
      "geometry": {
        "type": "Point",
        "coordinates": [
          90.3910102,
          23.7176143
        ]
      }
    },
    {
      "type": "Feature",
      "properties": {
        "id": 564,
        "predicted_prevalence": 0.5457479,
        "prediction_uncertainty": 0.4788183,
        "exceedance_probability": 1,
        "adaptively_selected": 0
      },
      "geometry": {
        "type": "Point",
        "coordinates": [
          90.3946571,
          23.7176143
        ]
      }
    },
    {
      "type": "Feature",
      "properties": {
        "id": 565,
        "predicted_prevalence": 0.2483459,
        "prediction_uncertainty": 0.4917871,
        "exceedance_probability": 0,
        "adaptively_selected": 0
      },
      "geometry": {
        "type": "Point",
        "coordinates": [
          90.3983041,
          23.7176143
        ]
      }
    },
    {
      "type": "Feature",
      "properties": {
        "id": 566,
        "predicted_prevalence": 0.1436965,
        "prediction_uncertainty": 0.4312932,
        "exceedance_probability": 0,
        "adaptively_selected": 0
      },
      "geometry": {
        "type": "Point",
        "coordinates": [
          90.401951,
          23.7176143
        ]
      }
    },
    {
      "type": "Feature",
      "properties": {
        "id": 567,
        "predicted_prevalence": 0.2362021,
        "prediction_uncertainty": 0.3300814,
        "exceedance_probability": 0,
        "adaptively_selected": 0
      },
      "geometry": {
        "type": "Point",
        "coordinates": [
          90.405598,
          23.7176143
        ]
      }
    },
    {
      "type": "Feature",
      "properties": {
        "id": 568,
        "predicted_prevalence": 0.3929075,
        "prediction_uncertainty": 0.2131229,
        "exceedance_probability": 1,
        "adaptively_selected": 0
      },
      "geometry": {
        "type": "Point",
        "coordinates": [
          90.4092449,
          23.7176143
        ]
      }
    },
    {
      "type": "Feature",
      "properties": {
        "id": 569,
        "predicted_prevalence": 0.468582,
        "prediction_uncertainty": 0.1110716,
        "exceedance_probability": 1,
        "adaptively_selected": 0
      },
      "geometry": {
        "type": "Point",
        "coordinates": [
          90.4128918,
          23.7176143
        ]
      }
    },
    {
      "type": "Feature",
      "properties": {
        "id": 570,
        "predicted_prevalence": 0.4329083,
        "prediction_uncertainty": 0.0650997,
        "exceedance_probability": 1,
        "adaptively_selected": 0
      },
      "geometry": {
        "type": "Point",
        "coordinates": [
          90.4165388,
          23.7176143
        ]
      }
    },
    {
      "type": "Feature",
      "properties": {
        "id": 571,
        "predicted_prevalence": 0.3710002,
        "prediction_uncertainty": 0.0516291,
        "exceedance_probability": 1,
        "adaptively_selected": 0
      },
      "geometry": {
        "type": "Point",
        "coordinates": [
          90.4201857,
          23.7176143
        ]
      }
    },
    {
      "type": "Feature",
      "properties": {
        "id": 572,
        "predicted_prevalence": 0.3651225,
        "prediction_uncertainty": 0.0479616,
        "exceedance_probability": 1,
        "adaptively_selected": 0
      },
      "geometry": {
        "type": "Point",
        "coordinates": [
          90.4238327,
          23.7176143
        ]
      }
    },
    {
      "type": "Feature",
      "properties": {
        "id": 573,
        "predicted_prevalence": 0.4005423,
        "prediction_uncertainty": 0.0440009,
        "exceedance_probability": 1,
        "adaptively_selected": 0
      },
      "geometry": {
        "type": "Point",
        "coordinates": [
          90.4274796,
          23.7176143
        ]
      }
    },
    {
      "type": "Feature",
      "properties": {
        "id": 574,
        "predicted_prevalence": 0.4005054,
        "prediction_uncertainty": 0.0142574,
        "exceedance_probability": 1,
        "adaptively_selected": 0
      },
      "geometry": {
        "type": "Point",
        "coordinates": [
          90.4311265,
          23.7176143
        ]
      }
    },
    {
      "type": "Feature",
      "properties": {
        "id": 575,
        "predicted_prevalence": 0.3304345,
        "prediction_uncertainty": 0.0810781,
        "exceedance_probability": 0,
        "adaptively_selected": 0
      },
      "geometry": {
        "type": "Point",
        "coordinates": [
          90.4347735,
          23.7176143
        ]
      }
    },
    {
      "type": "Feature",
      "properties": {
        "id": 576,
        "predicted_prevalence": 0.2367965,
        "prediction_uncertainty": 0.1862895,
        "exceedance_probability": 0,
        "adaptively_selected": 0
      },
      "geometry": {
        "type": "Point",
        "coordinates": [
          90.4384204,
          23.7176143
        ]
      }
    },
    {
      "type": "Feature",
      "properties": {
        "id": 577,
        "predicted_prevalence": 0.1866278,
        "prediction_uncertainty": 0.2852189,
        "exceedance_probability": 0,
        "adaptively_selected": 0
      },
      "geometry": {
        "type": "Point",
        "coordinates": [
          90.4420673,
          23.7176143
        ]
      }
    },
    {
      "type": "Feature",
      "properties": {
        "id": 578,
        "predicted_prevalence": 0.1957973,
        "prediction_uncertainty": 0.3691191,
        "exceedance_probability": 0,
        "adaptively_selected": 0
      },
      "geometry": {
        "type": "Point",
        "coordinates": [
          90.4457143,
          23.7176143
        ]
      }
    },
    {
      "type": "Feature",
      "properties": {
        "id": 579,
        "predicted_prevalence": 0.2251932,
        "prediction_uncertainty": 0.4641723,
        "exceedance_probability": 0,
        "adaptively_selected": 0
      },
      "geometry": {
        "type": "Point",
        "coordinates": [
          90.4493612,
          23.7176143
        ]
      }
    },
    {
      "type": "Feature",
      "properties": {
        "id": 580,
        "predicted_prevalence": 0.2293243,
        "prediction_uncertainty": 0.5764568,
        "exceedance_probability": 0,
        "adaptively_selected": 0
      },
      "geometry": {
        "type": "Point",
        "coordinates": [
          90.4530082,
          23.7176143
        ]
      }
    },
    {
      "type": "Feature",
      "properties": {
        "id": 581,
        "predicted_prevalence": 0.1945082,
        "prediction_uncertainty": 0.6750482,
        "exceedance_probability": 0,
        "adaptively_selected": 0
      },
      "geometry": {
        "type": "Point",
        "coordinates": [
          90.4566551,
          23.7176143
        ]
      }
    },
    {
      "type": "Feature",
      "properties": {
        "id": 582,
        "predicted_prevalence": 0.1373611,
        "prediction_uncertainty": 0.7372372,
        "exceedance_probability": 0,
        "adaptively_selected": 0
      },
      "geometry": {
        "type": "Point",
        "coordinates": [
          90.460302,
          23.7176143
        ]
      }
    },
    {
      "type": "Feature",
      "properties": {
        "id": 583,
        "predicted_prevalence": 0.0817083,
        "prediction_uncertainty": 0.7660145,
        "exceedance_probability": 0,
        "adaptively_selected": 0
      },
      "geometry": {
        "type": "Point",
        "coordinates": [
          90.463949,
          23.7176143
        ]
      }
    },
    {
      "type": "Feature",
      "properties": {
        "id": 584,
        "predicted_prevalence": 0.0414108,
        "prediction_uncertainty": 0.7758708,
        "exceedance_probability": 0,
        "adaptively_selected": 0
      },
      "geometry": {
        "type": "Point",
        "coordinates": [
          90.4675959,
          23.7176143
        ]
      }
    },
    {
      "type": "Feature",
      "properties": {
        "id": 585,
        "predicted_prevalence": 0.0180955,
        "prediction_uncertainty": 0.7783771,
        "exceedance_probability": 0,
        "adaptively_selected": 0
      },
      "geometry": {
        "type": "Point",
        "coordinates": [
          90.4712429,
          23.7176143
        ]
      }
    },
    {
      "type": "Feature",
      "properties": {
        "id": 586,
        "predicted_prevalence": 0.0071112,
        "prediction_uncertainty": 0.7788521,
        "exceedance_probability": 0,
        "adaptively_selected": 0
      },
      "geometry": {
        "type": "Point",
        "coordinates": [
          90.4748898,
          23.7176143
        ]
      }
    },
    {
      "type": "Feature",
      "properties": {
        "id": 587,
        "predicted_prevalence": 0.003436,
        "prediction_uncertainty": 0.7789168,
        "exceedance_probability": 0,
        "adaptively_selected": 0
      },
      "geometry": {
        "type": "Point",
        "coordinates": [
          90.4785367,
          23.7176143
        ]
      }
    },
    {
      "type": "Feature",
      "properties": {
        "id": 588,
        "predicted_prevalence": 0.0045491,
        "prediction_uncertainty": 0.7788951,
        "exceedance_probability": 0,
        "adaptively_selected": 0
      },
      "geometry": {
        "type": "Point",
        "coordinates": [
          90.4821837,
          23.7176143
        ]
      }
    },
    {
      "type": "Feature",
      "properties": {
        "id": 589,
        "predicted_prevalence": 0.0111562,
        "prediction_uncertainty": 0.7786752,
        "exceedance_probability": 0,
        "adaptively_selected": 0
      },
      "geometry": {
        "type": "Point",
        "coordinates": [
          90.4858306,
          23.7176143
        ]
      }
    },
    {
      "type": "Feature",
      "properties": {
        "id": 590,
        "predicted_prevalence": 0.027058,
        "prediction_uncertainty": 0.7774022,
        "exceedance_probability": 0,
        "adaptively_selected": 0
      },
      "geometry": {
        "type": "Point",
        "coordinates": [
          90.4894776,
          23.7176143
        ]
      }
    },
    {
      "type": "Feature",
      "properties": {
        "id": 591,
        "predicted_prevalence": 0.0581289,
        "prediction_uncertainty": 0.7718456,
        "exceedance_probability": 0,
        "adaptively_selected": 0
      },
      "geometry": {
        "type": "Point",
        "coordinates": [
          90.4931245,
          23.7176143
        ]
      }
    },
    {
      "type": "Feature",
      "properties": {
        "id": 592,
        "predicted_prevalence": 0.1094404,
        "prediction_uncertainty": 0.7535187,
        "exceedance_probability": 0,
        "adaptively_selected": 0
      },
      "geometry": {
        "type": "Point",
        "coordinates": [
          90.4967714,
          23.7176143
        ]
      }
    },
    {
      "type": "Feature",
      "properties": {
        "id": 593,
        "predicted_prevalence": 0.1804021,
        "prediction_uncertainty": 0.707759,
        "exceedance_probability": 0,
        "adaptively_selected": 0
      },
      "geometry": {
        "type": "Point",
        "coordinates": [
          90.5004184,
          23.7176143
        ]
      }
    },
    {
      "type": "Feature",
      "properties": {
        "id": 594,
        "predicted_prevalence": 0.2603436,
        "prediction_uncertainty": 0.6215904,
        "exceedance_probability": 0,
        "adaptively_selected": 0
      },
      "geometry": {
        "type": "Point",
        "coordinates": [
          90.5040653,
          23.7176143
        ]
      }
    },
    {
      "type": "Feature",
      "properties": {
        "id": 595,
        "predicted_prevalence": 0.3289204,
        "prediction_uncertainty": 0.5049746,
        "exceedance_probability": 0,
        "adaptively_selected": 0
      },
      "geometry": {
        "type": "Point",
        "coordinates": [
          90.5077122,
          23.7176143
        ]
      }
    },
    {
      "type": "Feature",
      "properties": {
        "id": 596,
        "predicted_prevalence": 0.3638084,
        "prediction_uncertainty": 0.4200326,
        "exceedance_probability": 1,
        "adaptively_selected": 0
      },
      "geometry": {
        "type": "Point",
        "coordinates": [
          90.5113592,
          23.7176143
        ]
      }
    },
    {
      "type": "Feature",
      "properties": {
        "id": 597,
        "predicted_prevalence": 0.352284,
        "prediction_uncertainty": 0.4508405,
        "exceedance_probability": 1,
        "adaptively_selected": 0
      },
      "geometry": {
        "type": "Point",
        "coordinates": [
          90.5150061,
          23.7176143
        ]
      }
    },
    {
      "type": "Feature",
      "properties": {
        "id": 598,
        "predicted_prevalence": 0.2986422,
        "prediction_uncertainty": 0.5628271,
        "exceedance_probability": 0,
        "adaptively_selected": 0
      },
      "geometry": {
        "type": "Point",
        "coordinates": [
          90.5186531,
          23.7176143
        ]
      }
    },
    {
      "type": "Feature",
      "properties": {
        "id": 599,
        "predicted_prevalence": 0.2216397,
        "prediction_uncertainty": 0.6685972,
        "exceedance_probability": 0,
        "adaptively_selected": 0
      },
      "geometry": {
        "type": "Point",
        "coordinates": [
          90.5223,
          23.7176143
        ]
      }
    },
    {
      "type": "Feature",
      "properties": {
        "id": 600,
        "predicted_prevalence": 0.1924606,
        "prediction_uncertainty": 0.7163966,
        "exceedance_probability": 0,
        "adaptively_selected": 0
      },
      "geometry": {
        "type": "Point",
        "coordinates": [
          90.3436,
          23.7220429
        ]
      }
    },
    {
      "type": "Feature",
      "properties": {
        "id": 601,
        "predicted_prevalence": 0.2773695,
        "prediction_uncertainty": 0.6313143,
        "exceedance_probability": 0,
        "adaptively_selected": 0
      },
      "geometry": {
        "type": "Point",
        "coordinates": [
          90.3472469,
          23.7220429
        ]
      }
    },
    {
      "type": "Feature",
      "properties": {
        "id": 602,
        "predicted_prevalence": 0.3487053,
        "prediction_uncertainty": 0.491096,
        "exceedance_probability": 0,
        "adaptively_selected": 0
      },
      "geometry": {
        "type": "Point",
        "coordinates": [
          90.3508939,
          23.7220429
        ]
      }
    },
    {
      "type": "Feature",
      "properties": {
        "id": 603,
        "predicted_prevalence": 0.385351,
        "prediction_uncertainty": 0.303859,
        "exceedance_probability": 1,
        "adaptively_selected": 0
      },
      "geometry": {
        "type": "Point",
        "coordinates": [
          90.3545408,
          23.7220429
        ]
      }
    },
    {
      "type": "Feature",
      "properties": {
        "id": 604,
        "predicted_prevalence": 0.3837728,
        "prediction_uncertainty": 0.1342512,
        "exceedance_probability": 1,
        "adaptively_selected": 0
      },
      "geometry": {
        "type": "Point",
        "coordinates": [
          90.3581878,
          23.7220429
        ]
      }
    },
    {
      "type": "Feature",
      "properties": {
        "id": 605,
        "predicted_prevalence": 0.3684019,
        "prediction_uncertainty": 0.231884,
        "exceedance_probability": 1,
        "adaptively_selected": 0
      },
      "geometry": {
        "type": "Point",
        "coordinates": [
          90.3618347,
          23.7220429
        ]
      }
    },
    {
      "type": "Feature",
      "properties": {
        "id": 606,
        "predicted_prevalence": 0.3867187,
        "prediction_uncertainty": 0.4211755,
        "exceedance_probability": 1,
        "adaptively_selected": 0
      },
      "geometry": {
        "type": "Point",
        "coordinates": [
          90.3654816,
          23.7220429
        ]
      }
    },
    {
      "type": "Feature",
      "properties": {
        "id": 607,
        "predicted_prevalence": 0.4889487,
        "prediction_uncertainty": 0.5638141,
        "exceedance_probability": 1,
        "adaptively_selected": 0
      },
      "geometry": {
        "type": "Point",
        "coordinates": [
          90.3691286,
          23.7220429
        ]
      }
    },
    {
      "type": "Feature",
      "properties": {
        "id": 608,
        "predicted_prevalence": 0.6995759,
        "prediction_uncertainty": 0.6286969,
        "exceedance_probability": 1,
        "adaptively_selected": 0
      },
      "geometry": {
        "type": "Point",
        "coordinates": [
          90.3727755,
          23.7220429
        ]
      }
    },
    {
      "type": "Feature",
      "properties": {
        "id": 609,
        "predicted_prevalence": 0.9897644,
        "prediction_uncertainty": 0.6044101,
        "exceedance_probability": 1,
        "adaptively_selected": 0
      },
      "geometry": {
        "type": "Point",
        "coordinates": [
          90.3764224,
          23.7220429
        ]
      }
    },
    {
      "type": "Feature",
      "properties": {
        "id": 610,
        "predicted_prevalence": 1.2637308,
        "prediction_uncertainty": 0.4933243,
        "exceedance_probability": 1,
        "adaptively_selected": 0
      },
      "geometry": {
        "type": "Point",
        "coordinates": [
          90.3800694,
          23.7220429
        ]
      }
    },
    {
      "type": "Feature",
      "properties": {
        "id": 611,
        "predicted_prevalence": 1.3802156,
        "prediction_uncertainty": 0.3190255,
        "exceedance_probability": 1,
        "adaptively_selected": 0
      },
      "geometry": {
        "type": "Point",
        "coordinates": [
          90.3837163,
          23.7220429
        ]
      }
    },
    {
      "type": "Feature",
      "properties": {
        "id": 612,
        "predicted_prevalence": 1.2232279,
        "prediction_uncertainty": 0.1798077,
        "exceedance_probability": 1,
        "adaptively_selected": 0
      },
      "geometry": {
        "type": "Point",
        "coordinates": [
          90.3873633,
          23.7220429
        ]
      }
    },
    {
      "type": "Feature",
      "properties": {
        "id": 613,
        "predicted_prevalence": 0.7953926,
        "prediction_uncertainty": 0.273825,
        "exceedance_probability": 1,
        "adaptively_selected": 0
      },
      "geometry": {
        "type": "Point",
        "coordinates": [
          90.3910102,
          23.7220429
        ]
      }
    },
    {
      "type": "Feature",
      "properties": {
        "id": 614,
        "predicted_prevalence": 0.2591716,
        "prediction_uncertainty": 0.4246293,
        "exceedance_probability": 0,
        "adaptively_selected": 0
      },
      "geometry": {
        "type": "Point",
        "coordinates": [
          90.3946571,
          23.7220429
        ]
      }
    },
    {
      "type": "Feature",
      "properties": {
        "id": 615,
        "predicted_prevalence": -0.1379914,
        "prediction_uncertainty": 0.5122389,
        "exceedance_probability": 0,
        "adaptively_selected": 0
      },
      "geometry": {
        "type": "Point",
        "coordinates": [
          90.3983041,
          23.7220429
        ]
      }
    },
    {
      "type": "Feature",
      "properties": {
        "id": 616,
        "predicted_prevalence": -0.2255645,
        "prediction_uncertainty": 0.5227131,
        "exceedance_probability": 0,
        "adaptively_selected": 0
      },
      "geometry": {
        "type": "Point",
        "coordinates": [
          90.401951,
          23.7220429
        ]
      }
    },
    {
      "type": "Feature",
      "properties": {
        "id": 617,
        "predicted_prevalence": -0.0323596,
        "prediction_uncertainty": 0.4669372,
        "exceedance_probability": 0,
        "adaptively_selected": 0
      },
      "geometry": {
        "type": "Point",
        "coordinates": [
          90.405598,
          23.7220429
        ]
      }
    },
    {
      "type": "Feature",
      "properties": {
        "id": 618,
        "predicted_prevalence": 0.2458388,
        "prediction_uncertainty": 0.3723293,
        "exceedance_probability": 0,
        "adaptively_selected": 0
      },
      "geometry": {
        "type": "Point",
        "coordinates": [
          90.4092449,
          23.7220429
        ]
      }
    },
    {
      "type": "Feature",
      "properties": {
        "id": 619,
        "predicted_prevalence": 0.4136082,
        "prediction_uncertainty": 0.2869015,
        "exceedance_probability": 1,
        "adaptively_selected": 0
      },
      "geometry": {
        "type": "Point",
        "coordinates": [
          90.4128918,
          23.7220429
        ]
      }
    },
    {
      "type": "Feature",
      "properties": {
        "id": 620,
        "predicted_prevalence": 0.4244574,
        "prediction_uncertainty": 0.2363775,
        "exceedance_probability": 1,
        "adaptively_selected": 0
      },
      "geometry": {
        "type": "Point",
        "coordinates": [
          90.4165388,
          23.7220429
        ]
      }
    },
    {
      "type": "Feature",
      "properties": {
        "id": 621,
        "predicted_prevalence": 0.3734244,
        "prediction_uncertainty": 0.1902166,
        "exceedance_probability": 1,
        "adaptively_selected": 0
      },
      "geometry": {
        "type": "Point",
        "coordinates": [
          90.4201857,
          23.7220429
        ]
      }
    },
    {
      "type": "Feature",
      "properties": {
        "id": 622,
        "predicted_prevalence": 0.3614844,
        "prediction_uncertainty": 0.1248757,
        "exceedance_probability": 1,
        "adaptively_selected": 0
      },
      "geometry": {
        "type": "Point",
        "coordinates": [
          90.4238327,
          23.7220429
        ]
      }
    },
    {
      "type": "Feature",
      "properties": {
        "id": 623,
        "predicted_prevalence": 0.3917737,
        "prediction_uncertainty": 0.043133,
        "exceedance_probability": 1,
        "adaptively_selected": 0
      },
      "geometry": {
        "type": "Point",
        "coordinates": [
          90.4274796,
          23.7220429
        ]
      }
    },
    {
      "type": "Feature",
      "properties": {
        "id": 624,
        "predicted_prevalence": 0.4006073,
        "prediction_uncertainty": 0.0603385,
        "exceedance_probability": 1,
        "adaptively_selected": 0
      },
      "geometry": {
        "type": "Point",
        "coordinates": [
          90.4311265,
          23.7220429
        ]
      }
    },
    {
      "type": "Feature",
      "properties": {
        "id": 625,
        "predicted_prevalence": 0.3569496,
        "prediction_uncertainty": 0.1408196,
        "exceedance_probability": 1,
        "adaptively_selected": 0
      },
      "geometry": {
        "type": "Point",
        "coordinates": [
          90.4347735,
          23.7220429
        ]
      }
    },
    {
      "type": "Feature",
      "properties": {
        "id": 626,
        "predicted_prevalence": 0.2989134,
        "prediction_uncertainty": 0.1765465,
        "exceedance_probability": 0,
        "adaptively_selected": 0
      },
      "geometry": {
        "type": "Point",
        "coordinates": [
          90.4384204,
          23.7220429
        ]
      }
    },
    {
      "type": "Feature",
      "properties": {
        "id": 627,
        "predicted_prevalence": 0.2786633,
        "prediction_uncertainty": 0.1373814,
        "exceedance_probability": 0,
        "adaptively_selected": 0
      },
      "geometry": {
        "type": "Point",
        "coordinates": [
          90.4420673,
          23.7220429
        ]
      }
    },
    {
      "type": "Feature",
      "properties": {
        "id": 628,
        "predicted_prevalence": 0.3005471,
        "prediction_uncertainty": 0.0951574,
        "exceedance_probability": 0,
        "adaptively_selected": 0
      },
      "geometry": {
        "type": "Point",
        "coordinates": [
          90.4457143,
          23.7220429
        ]
      }
    },
    {
      "type": "Feature",
      "properties": {
        "id": 629,
        "predicted_prevalence": 0.3233541,
        "prediction_uncertainty": 0.2631627,
        "exceedance_probability": 0,
        "adaptively_selected": 0
      },
      "geometry": {
        "type": "Point",
        "coordinates": [
          90.4493612,
          23.7220429
        ]
      }
    },
    {
      "type": "Feature",
      "properties": {
        "id": 630,
        "predicted_prevalence": 0.3076809,
        "prediction_uncertainty": 0.4682251,
        "exceedance_probability": 0,
        "adaptively_selected": 0
      },
      "geometry": {
        "type": "Point",
        "coordinates": [
          90.4530082,
          23.7220429
        ]
      }
    },
    {
      "type": "Feature",
      "properties": {
        "id": 631,
        "predicted_prevalence": 0.2487701,
        "prediction_uncertainty": 0.6268781,
        "exceedance_probability": 0,
        "adaptively_selected": 0
      },
      "geometry": {
        "type": "Point",
        "coordinates": [
          90.4566551,
          23.7220429
        ]
      }
    },
    {
      "type": "Feature",
      "properties": {
        "id": 632,
        "predicted_prevalence": 0.1702697,
        "prediction_uncertainty": 0.7195845,
        "exceedance_probability": 0,
        "adaptively_selected": 0
      },
      "geometry": {
        "type": "Point",
        "coordinates": [
          90.460302,
          23.7220429
        ]
      }
    },
    {
      "type": "Feature",
      "properties": {
        "id": 633,
        "predicted_prevalence": 0.0992608,
        "prediction_uncertainty": 0.7608262,
        "exceedance_probability": 0,
        "adaptively_selected": 0
      },
      "geometry": {
        "type": "Point",
        "coordinates": [
          90.463949,
          23.7220429
        ]
      }
    },
    {
      "type": "Feature",
      "properties": {
        "id": 634,
        "predicted_prevalence": 0.0496561,
        "prediction_uncertainty": 0.7746784,
        "exceedance_probability": 0,
        "adaptively_selected": 0
      },
      "geometry": {
        "type": "Point",
        "coordinates": [
          90.4675959,
          23.7220429
        ]
      }
    },
    {
      "type": "Feature",
      "properties": {
        "id": 635,
        "predicted_prevalence": 0.0215158,
        "prediction_uncertainty": 0.778166,
        "exceedance_probability": 0,
        "adaptively_selected": 0
      },
      "geometry": {
        "type": "Point",
        "coordinates": [
          90.4712429,
          23.7220429
        ]
      }
    },
    {
      "type": "Feature",
      "properties": {
        "id": 636,
        "predicted_prevalence": 0.0084065,
        "prediction_uncertainty": 0.7788234,
        "exceedance_probability": 0,
        "adaptively_selected": 0
      },
      "geometry": {
        "type": "Point",
        "coordinates": [
          90.4748898,
          23.7220429
        ]
      }
    },
    {
      "type": "Feature",
      "properties": {
        "id": 637,
        "predicted_prevalence": 0.0040408,
        "prediction_uncertainty": 0.7789127,
        "exceedance_probability": 0,
        "adaptively_selected": 0
      },
      "geometry": {
        "type": "Point",
        "coordinates": [
          90.4785367,
          23.7220429
        ]
      }
    },
    {
      "type": "Feature",
      "properties": {
        "id": 638,
        "predicted_prevalence": 0.0053315,
        "prediction_uncertainty": 0.7788829,
        "exceedance_probability": 0,
        "adaptively_selected": 0
      },
      "geometry": {
        "type": "Point",
        "coordinates": [
          90.4821837,
          23.7220429
        ]
      }
    },
    {
      "type": "Feature",
      "properties": {
        "id": 639,
        "predicted_prevalence": 0.0130683,
        "prediction_uncertainty": 0.7785812,
        "exceedance_probability": 0,
        "adaptively_selected": 0
      },
      "geometry": {
        "type": "Point",
        "coordinates": [
          90.4858306,
          23.7220429
        ]
      }
    },
    {
      "type": "Feature",
      "properties": {
        "id": 640,
        "predicted_prevalence": 0.0316946,
        "prediction_uncertainty": 0.7768338,
        "exceedance_probability": 0,
        "adaptively_selected": 0
      },
      "geometry": {
        "type": "Point",
        "coordinates": [
          90.4894776,
          23.7220429
        ]
      }
    },
    {
      "type": "Feature",
      "properties": {
        "id": 641,
        "predicted_prevalence": 0.0680897,
        "prediction_uncertainty": 0.7691938,
        "exceedance_probability": 0,
        "adaptively_selected": 0
      },
      "geometry": {
        "type": "Point",
        "coordinates": [
          90.4931245,
          23.7220429
        ]
      }
    },
    {
      "type": "Feature",
      "properties": {
        "id": 642,
        "predicted_prevalence": 0.1281938,
        "prediction_uncertainty": 0.7438431,
        "exceedance_probability": 0,
        "adaptively_selected": 0
      },
      "geometry": {
        "type": "Point",
        "coordinates": [
          90.4967714,
          23.7220429
        ]
      }
    },
    {
      "type": "Feature",
      "properties": {
        "id": 643,
        "predicted_prevalence": 0.2113153,
        "prediction_uncertainty": 0.6793782,
        "exceedance_probability": 0,
        "adaptively_selected": 0
      },
      "geometry": {
        "type": "Point",
        "coordinates": [
          90.5004184,
          23.7220429
        ]
      }
    },
    {
      "type": "Feature",
      "properties": {
        "id": 644,
        "predicted_prevalence": 0.3049554,
        "prediction_uncertainty": 0.5517117,
        "exceedance_probability": 0,
        "adaptively_selected": 0
      },
      "geometry": {
        "type": "Point",
        "coordinates": [
          90.5040653,
          23.7220429
        ]
      }
    },
    {
      "type": "Feature",
      "properties": {
        "id": 645,
        "predicted_prevalence": 0.3852833,
        "prediction_uncertainty": 0.3523188,
        "exceedance_probability": 1,
        "adaptively_selected": 0
      },
      "geometry": {
        "type": "Point",
        "coordinates": [
          90.5077122,
          23.7220429
        ]
      }
    },
    {
      "type": "Feature",
      "properties": {
        "id": 646,
        "predicted_prevalence": 0.4261497,
        "prediction_uncertainty": 0.1277566,
        "exceedance_probability": 1,
        "adaptively_selected": 0
      },
      "geometry": {
        "type": "Point",
        "coordinates": [
          90.5113592,
          23.7220429
        ]
      }
    },
    {
      "type": "Feature",
      "properties": {
        "id": 647,
        "predicted_prevalence": 0.4126505,
        "prediction_uncertainty": 0.2305086,
        "exceedance_probability": 1,
        "adaptively_selected": 0
      },
      "geometry": {
        "type": "Point",
        "coordinates": [
          90.5150061,
          23.7220429
        ]
      }
    },
    {
      "type": "Feature",
      "properties": {
        "id": 648,
        "predicted_prevalence": 0.3498168,
        "prediction_uncertainty": 0.4570435,
        "exceedance_probability": 0,
        "adaptively_selected": 0
      },
      "geometry": {
        "type": "Point",
        "coordinates": [
          90.5186531,
          23.7220429
        ]
      }
    },
    {
      "type": "Feature",
      "properties": {
        "id": 649,
        "predicted_prevalence": 0.2596193,
        "prediction_uncertainty": 0.6225745,
        "exceedance_probability": 0,
        "adaptively_selected": 0
      },
      "geometry": {
        "type": "Point",
        "coordinates": [
          90.5223,
          23.7220429
        ]
      }
    },
    {
      "type": "Feature",
      "properties": {
        "id": 650,
        "predicted_prevalence": 0.1434912,
        "prediction_uncertainty": 0.7440696,
        "exceedance_probability": 0,
        "adaptively_selected": 0
      },
      "geometry": {
        "type": "Point",
        "coordinates": [
          90.3436,
          23.7264714
        ]
      }
    },
    {
      "type": "Feature",
      "properties": {
        "id": 651,
        "predicted_prevalence": 0.2099802,
        "prediction_uncertainty": 0.6906751,
        "exceedance_probability": 0,
        "adaptively_selected": 0
      },
      "geometry": {
        "type": "Point",
        "coordinates": [
          90.3472469,
          23.7264714
        ]
      }
    },
    {
      "type": "Feature",
      "properties": {
        "id": 652,
        "predicted_prevalence": 0.2707951,
        "prediction_uncertainty": 0.5902454,
        "exceedance_probability": 0,
        "adaptively_selected": 0
      },
      "geometry": {
        "type": "Point",
        "coordinates": [
          90.3508939,
          23.7264714
        ]
      }
    },
    {
      "type": "Feature",
      "properties": {
        "id": 653,
        "predicted_prevalence": 0.3133662,
        "prediction_uncertainty": 0.4302926,
        "exceedance_probability": 0,
        "adaptively_selected": 0
      },
      "geometry": {
        "type": "Point",
        "coordinates": [
          90.3545408,
          23.7264714
        ]
      }
    },
    {
      "type": "Feature",
      "properties": {
        "id": 654,
        "predicted_prevalence": 0.3402915,
        "prediction_uncertainty": 0.2146114,
        "exceedance_probability": 0,
        "adaptively_selected": 0
      },
      "geometry": {
        "type": "Point",
        "coordinates": [
          90.3581878,
          23.7264714
        ]
      }
    },
    {
      "type": "Feature",
      "properties": {
        "id": 655,
        "predicted_prevalence": 0.3769179,
        "prediction_uncertainty": 0.0763903,
        "exceedance_probability": 1,
        "adaptively_selected": 0
      },
      "geometry": {
        "type": "Point",
        "coordinates": [
          90.3618347,
          23.7264714
        ]
      }
    },
    {
      "type": "Feature",
      "properties": {
        "id": 656,
        "predicted_prevalence": 0.4628245,
        "prediction_uncertainty": 0.3015184,
        "exceedance_probability": 1,
        "adaptively_selected": 0
      },
      "geometry": {
        "type": "Point",
        "coordinates": [
          90.3654816,
          23.7264714
        ]
      }
    },
    {
      "type": "Feature",
      "properties": {
        "id": 657,
        "predicted_prevalence": 0.626568,
        "prediction_uncertainty": 0.4911242,
        "exceedance_probability": 1,
        "adaptively_selected": 0
      },
      "geometry": {
        "type": "Point",
        "coordinates": [
          90.3691286,
          23.7264714
        ]
      }
    },
    {
      "type": "Feature",
      "properties": {
        "id": 658,
        "predicted_prevalence": 0.8567215,
        "prediction_uncertainty": 0.5948439,
        "exceedance_probability": 1,
        "adaptively_selected": 0
      },
      "geometry": {
        "type": "Point",
        "coordinates": [
          90.3727755,
          23.7264714
        ]
      }
    },
    {
      "type": "Feature",
      "properties": {
        "id": 659,
        "predicted_prevalence": 1.0873394,
        "prediction_uncertainty": 0.6001567,
        "exceedance_probability": 1,
        "adaptively_selected": 0
      },
      "geometry": {
        "type": "Point",
        "coordinates": [
          90.3764224,
          23.7264714
        ]
      }
    },
    {
      "type": "Feature",
      "properties": {
        "id": 660,
        "predicted_prevalence": 1.2089788,
        "prediction_uncertainty": 0.5095403,
        "exceedance_probability": 1,
        "adaptively_selected": 0
      },
      "geometry": {
        "type": "Point",
        "coordinates": [
          90.3800694,
          23.7264714
        ]
      }
    },
    {
      "type": "Feature",
      "properties": {
        "id": 661,
        "predicted_prevalence": 1.1076747,
        "prediction_uncertainty": 0.336568,
        "exceedance_probability": 1,
        "adaptively_selected": 1
      },
      "geometry": {
        "type": "Point",
        "coordinates": [
          90.3837163,
          23.7264714
        ]
      }
    },
    {
      "type": "Feature",
      "properties": {
        "id": 662,
        "predicted_prevalence": 0.728053,
        "prediction_uncertainty": 0.1127038,
        "exceedance_probability": 1,
        "adaptively_selected": 0
      },
      "geometry": {
        "type": "Point",
        "coordinates": [
          90.3873633,
          23.7264714
        ]
      }
    },
    {
      "type": "Feature",
      "properties": {
        "id": 663,
        "predicted_prevalence": 0.1383489,
        "prediction_uncertainty": 0.115889,
        "exceedance_probability": 0,
        "adaptively_selected": 0
      },
      "geometry": {
        "type": "Point",
        "coordinates": [
          90.3910102,
          23.7264714
        ]
      }
    },
    {
      "type": "Feature",
      "properties": {
        "id": 664,
        "predicted_prevalence": -0.4557955,
        "prediction_uncertainty": 0.3049509,
        "exceedance_probability": 0,
        "adaptively_selected": 0
      },
      "geometry": {
        "type": "Point",
        "coordinates": [
          90.3946571,
          23.7264714
        ]
      }
    },
    {
      "type": "Feature",
      "properties": {
        "id": 665,
        "predicted_prevalence": -0.7987834,
        "prediction_uncertainty": 0.4348071,
        "exceedance_probability": 0,
        "adaptively_selected": 0
      },
      "geometry": {
        "type": "Point",
        "coordinates": [
          90.3983041,
          23.7264714
        ]
      }
    },
    {
      "type": "Feature",
      "properties": {
        "id": 666,
        "predicted_prevalence": -0.7464829,
        "prediction_uncertainty": 0.5000706,
        "exceedance_probability": 0,
        "adaptively_selected": 0
      },
      "geometry": {
        "type": "Point",
        "coordinates": [
          90.401951,
          23.7264714
        ]
      }
    },
    {
      "type": "Feature",
      "properties": {
        "id": 667,
        "predicted_prevalence": -0.3782973,
        "prediction_uncertainty": 0.5025001,
        "exceedance_probability": 0,
        "adaptively_selected": 0
      },
      "geometry": {
        "type": "Point",
        "coordinates": [
          90.405598,
          23.7264714
        ]
      }
    },
    {
      "type": "Feature",
      "properties": {
        "id": 668,
        "predicted_prevalence": 0.055961,
        "prediction_uncertainty": 0.4594643,
        "exceedance_probability": 0,
        "adaptively_selected": 0
      },
      "geometry": {
        "type": "Point",
        "coordinates": [
          90.4092449,
          23.7264714
        ]
      }
    },
    {
      "type": "Feature",
      "properties": {
        "id": 669,
        "predicted_prevalence": 0.3268693,
        "prediction_uncertainty": 0.3991048,
        "exceedance_probability": 0,
        "adaptively_selected": 0
      },
      "geometry": {
        "type": "Point",
        "coordinates": [
          90.4128918,
          23.7264714
        ]
      }
    },
    {
      "type": "Feature",
      "properties": {
        "id": 670,
        "predicted_prevalence": 0.3844454,
        "prediction_uncertainty": 0.3286001,
        "exceedance_probability": 1,
        "adaptively_selected": 0
      },
      "geometry": {
        "type": "Point",
        "coordinates": [
          90.4165388,
          23.7264714
        ]
      }
    },
    {
      "type": "Feature",
      "properties": {
        "id": 671,
        "predicted_prevalence": 0.3431338,
        "prediction_uncertainty": 0.2357486,
        "exceedance_probability": 0,
        "adaptively_selected": 0
      },
      "geometry": {
        "type": "Point",
        "coordinates": [
          90.4201857,
          23.7264714
        ]
      }
    },
    {
      "type": "Feature",
      "properties": {
        "id": 672,
        "predicted_prevalence": 0.3312757,
        "prediction_uncertainty": 0.1302428,
        "exceedance_probability": 0,
        "adaptively_selected": 0
      },
      "geometry": {
        "type": "Point",
        "coordinates": [
          90.4238327,
          23.7264714
        ]
      }
    },
    {
      "type": "Feature",
      "properties": {
        "id": 673,
        "predicted_prevalence": 0.374804,
        "prediction_uncertainty": 0.1069871,
        "exceedance_probability": 1,
        "adaptively_selected": 0
      },
      "geometry": {
        "type": "Point",
        "coordinates": [
          90.4274796,
          23.7264714
        ]
      }
    },
    {
      "type": "Feature",
      "properties": {
        "id": 674,
        "predicted_prevalence": 0.4186472,
        "prediction_uncertainty": 0.2118423,
        "exceedance_probability": 1,
        "adaptively_selected": 0
      },
      "geometry": {
        "type": "Point",
        "coordinates": [
          90.4311265,
          23.7264714
        ]
      }
    },
    {
      "type": "Feature",
      "properties": {
        "id": 675,
        "predicted_prevalence": 0.4216517,
        "prediction_uncertainty": 0.3110333,
        "exceedance_probability": 1,
        "adaptively_selected": 0
      },
      "geometry": {
        "type": "Point",
        "coordinates": [
          90.4347735,
          23.7264714
        ]
      }
    },
    {
      "type": "Feature",
      "properties": {
        "id": 676,
        "predicted_prevalence": 0.4001942,
        "prediction_uncertainty": 0.344524,
        "exceedance_probability": 1,
        "adaptively_selected": 0
      },
      "geometry": {
        "type": "Point",
        "coordinates": [
          90.4384204,
          23.7264714
        ]
      }
    },
    {
      "type": "Feature",
      "properties": {
        "id": 677,
        "predicted_prevalence": 0.3895897,
        "prediction_uncertainty": 0.2893839,
        "exceedance_probability": 1,
        "adaptively_selected": 0
      },
      "geometry": {
        "type": "Point",
        "coordinates": [
          90.4420673,
          23.7264714
        ]
      }
    },
    {
      "type": "Feature",
      "properties": {
        "id": 678,
        "predicted_prevalence": 0.3939613,
        "prediction_uncertainty": 0.2085159,
        "exceedance_probability": 1,
        "adaptively_selected": 0
      },
      "geometry": {
        "type": "Point",
        "coordinates": [
          90.4457143,
          23.7264714
        ]
      }
    },
    {
      "type": "Feature",
      "properties": {
        "id": 679,
        "predicted_prevalence": 0.3856248,
        "prediction_uncertainty": 0.29605,
        "exceedance_probability": 1,
        "adaptively_selected": 0
      },
      "geometry": {
        "type": "Point",
        "coordinates": [
          90.4493612,
          23.7264714
        ]
      }
    },
    {
      "type": "Feature",
      "properties": {
        "id": 680,
        "predicted_prevalence": 0.3404733,
        "prediction_uncertainty": 0.4820622,
        "exceedance_probability": 0,
        "adaptively_selected": 0
      },
      "geometry": {
        "type": "Point",
        "coordinates": [
          90.4530082,
          23.7264714
        ]
      }
    },
    {
      "type": "Feature",
      "properties": {
        "id": 681,
        "predicted_prevalence": 0.2618423,
        "prediction_uncertainty": 0.6340079,
        "exceedance_probability": 0,
        "adaptively_selected": 0
      },
      "geometry": {
        "type": "Point",
        "coordinates": [
          90.4566551,
          23.7264714
        ]
      }
    },
    {
      "type": "Feature",
      "properties": {
        "id": 682,
        "predicted_prevalence": 0.1735624,
        "prediction_uncertainty": 0.7227271,
        "exceedance_probability": 0,
        "adaptively_selected": 0
      },
      "geometry": {
        "type": "Point",
        "coordinates": [
          90.460302,
          23.7264714
        ]
      }
    },
    {
      "type": "Feature",
      "properties": {
        "id": 683,
        "predicted_prevalence": 0.0991356,
        "prediction_uncertainty": 0.7618915,
        "exceedance_probability": 0,
        "adaptively_selected": 0
      },
      "geometry": {
        "type": "Point",
        "coordinates": [
          90.463949,
          23.7264714
        ]
      }
    },
    {
      "type": "Feature",
      "properties": {
        "id": 684,
        "predicted_prevalence": 0.04895,
        "prediction_uncertainty": 0.7749485,
        "exceedance_probability": 0,
        "adaptively_selected": 0
      },
      "geometry": {
        "type": "Point",
        "coordinates": [
          90.4675959,
          23.7264714
        ]
      }
    },
    {
      "type": "Feature",
      "properties": {
        "id": 685,
        "predicted_prevalence": 0.0210317,
        "prediction_uncertainty": 0.778217,
        "exceedance_probability": 0,
        "adaptively_selected": 0
      },
      "geometry": {
        "type": "Point",
        "coordinates": [
          90.4712429,
          23.7264714
        ]
      }
    },
    {
      "type": "Feature",
      "properties": {
        "id": 686,
        "predicted_prevalence": 0.0081699,
        "prediction_uncertainty": 0.7788306,
        "exceedance_probability": 0,
        "adaptively_selected": 0
      },
      "geometry": {
        "type": "Point",
        "coordinates": [
          90.4748898,
          23.7264714
        ]
      }
    },
    {
      "type": "Feature",
      "properties": {
        "id": 687,
        "predicted_prevalence": 0.0039063,
        "prediction_uncertainty": 0.7789137,
        "exceedance_probability": 0,
        "adaptively_selected": 0
      },
      "geometry": {
        "type": "Point",
        "coordinates": [
          90.4785367,
          23.7264714
        ]
      }
    },
    {
      "type": "Feature",
      "properties": {
        "id": 688,
        "predicted_prevalence": 0.0051359,
        "prediction_uncertainty": 0.7788862,
        "exceedance_probability": 0,
        "adaptively_selected": 0
      },
      "geometry": {
        "type": "Point",
        "coordinates": [
          90.4821837,
          23.7264714
        ]
      }
    },
    {
      "type": "Feature",
      "properties": {
        "id": 689,
        "predicted_prevalence": 0.012582,
        "prediction_uncertainty": 0.7786065,
        "exceedance_probability": 0,
        "adaptively_selected": 0
      },
      "geometry": {
        "type": "Point",
        "coordinates": [
          90.4858306,
          23.7264714
        ]
      }
    },
    {
      "type": "Feature",
      "properties": {
        "id": 690,
        "predicted_prevalence": 0.0305141,
        "prediction_uncertainty": 0.7769871,
        "exceedance_probability": 0,
        "adaptively_selected": 0
      },
      "geometry": {
        "type": "Point",
        "coordinates": [
          90.4894776,
          23.7264714
        ]
      }
    },
    {
      "type": "Feature",
      "properties": {
        "id": 691,
        "predicted_prevalence": 0.0655535,
        "prediction_uncertainty": 0.7699096,
        "exceedance_probability": 0,
        "adaptively_selected": 0
      },
      "geometry": {
        "type": "Point",
        "coordinates": [
          90.4931245,
          23.7264714
        ]
      }
    },
    {
      "type": "Feature",
      "properties": {
        "id": 692,
        "predicted_prevalence": 0.1234189,
        "prediction_uncertainty": 0.7464639,
        "exceedance_probability": 0,
        "adaptively_selected": 0
      },
      "geometry": {
        "type": "Point",
        "coordinates": [
          90.4967714,
          23.7264714
        ]
      }
    },
    {
      "type": "Feature",
      "properties": {
        "id": 693,
        "predicted_prevalence": 0.2034443,
        "prediction_uncertainty": 0.6871449,
        "exceedance_probability": 0,
        "adaptively_selected": 0
      },
      "geometry": {
        "type": "Point",
        "coordinates": [
          90.5004184,
          23.7264714
        ]
      }
    },
    {
      "type": "Feature",
      "properties": {
        "id": 694,
        "predicted_prevalence": 0.2935965,
        "prediction_uncertainty": 0.5713926,
        "exceedance_probability": 0,
        "adaptively_selected": 0
      },
      "geometry": {
        "type": "Point",
        "coordinates": [
          90.5040653,
          23.7264714
        ]
      }
    },
    {
      "type": "Feature",
      "properties": {
        "id": 695,
        "predicted_prevalence": 0.3709324,
        "prediction_uncertainty": 0.3992625,
        "exceedance_probability": 1,
        "adaptively_selected": 0
      },
      "geometry": {
        "type": "Point",
        "coordinates": [
          90.5077122,
          23.7264714
        ]
      }
    },
    {
      "type": "Feature",
      "properties": {
        "id": 696,
        "predicted_prevalence": 0.4102766,
        "prediction_uncertainty": 0.2438961,
        "exceedance_probability": 1,
        "adaptively_selected": 0
      },
      "geometry": {
        "type": "Point",
        "coordinates": [
          90.5113592,
          23.7264714
        ]
      }
    },
    {
      "type": "Feature",
      "properties": {
        "id": 697,
        "predicted_prevalence": 0.3972802,
        "prediction_uncertainty": 0.3059517,
        "exceedance_probability": 1,
        "adaptively_selected": 0
      },
      "geometry": {
        "type": "Point",
        "coordinates": [
          90.5150061,
          23.7264714
        ]
      }
    },
    {
      "type": "Feature",
      "properties": {
        "id": 698,
        "predicted_prevalence": 0.3367869,
        "prediction_uncertainty": 0.4878259,
        "exceedance_probability": 0,
        "adaptively_selected": 0
      },
      "geometry": {
        "type": "Point",
        "coordinates": [
          90.5186531,
          23.7264714
        ]
      }
    },
    {
      "type": "Feature",
      "properties": {
        "id": 699,
        "predicted_prevalence": 0.2499491,
        "prediction_uncertainty": 0.6353103,
        "exceedance_probability": 0,
        "adaptively_selected": 0
      },
      "geometry": {
        "type": "Point",
        "coordinates": [
          90.5223,
          23.7264714
        ]
      }
    },
    {
      "type": "Feature",
      "properties": {
        "id": 700,
        "predicted_prevalence": 0.1120325,
        "prediction_uncertainty": 0.7609695,
        "exceedance_probability": 0,
        "adaptively_selected": 0
      },
      "geometry": {
        "type": "Point",
        "coordinates": [
          90.3436,
          23.7309
        ]
      }
    },
    {
      "type": "Feature",
      "properties": {
        "id": 701,
        "predicted_prevalence": 0.1730253,
        "prediction_uncertainty": 0.7262525,
        "exceedance_probability": 0,
        "adaptively_selected": 0
      },
      "geometry": {
        "type": "Point",
        "coordinates": [
          90.3472469,
          23.7309
        ]
      }
    },
    {
      "type": "Feature",
      "properties": {
        "id": 702,
        "predicted_prevalence": 0.2366586,
        "prediction_uncertainty": 0.6494394,
        "exceedance_probability": 0,
        "adaptively_selected": 0
      },
      "geometry": {
        "type": "Point",
        "coordinates": [
          90.3508939,
          23.7309
        ]
      }
    },
    {
      "type": "Feature",
      "properties": {
        "id": 703,
        "predicted_prevalence": 0.2924141,
        "prediction_uncertainty": 0.5099254,
        "exceedance_probability": 0,
        "adaptively_selected": 0
      },
      "geometry": {
        "type": "Point",
        "coordinates": [
          90.3545408,
          23.7309
        ]
      }
    },
    {
      "type": "Feature",
      "properties": {
        "id": 704,
        "predicted_prevalence": 0.3423584,
        "prediction_uncertainty": 0.3017183,
        "exceedance_probability": 0,
        "adaptively_selected": 0
      },
      "geometry": {
        "type": "Point",
        "coordinates": [
          90.3581878,
          23.7309
        ]
      }
    },
    {
      "type": "Feature",
      "properties": {
        "id": 705,
        "predicted_prevalence": 0.4094503,
        "prediction_uncertainty": 0.0520702,
        "exceedance_probability": 1,
        "adaptively_selected": 0
      },
      "geometry": {
        "type": "Point",
        "coordinates": [
          90.3618347,
          23.7309
        ]
      }
    },
    {
      "type": "Feature",
      "properties": {
        "id": 706,
        "predicted_prevalence": 0.5247895,
        "prediction_uncertainty": 0.2134315,
        "exceedance_probability": 1,
        "adaptively_selected": 0
      },
      "geometry": {
        "type": "Point",
        "coordinates": [
          90.3654816,
          23.7309
        ]
      }
    },
    {
      "type": "Feature",
      "properties": {
        "id": 707,
        "predicted_prevalence": 0.6923727,
        "prediction_uncertainty": 0.4131653,
        "exceedance_probability": 1,
        "adaptively_selected": 0
      },
      "geometry": {
        "type": "Point",
        "coordinates": [
          90.3691286,
          23.7309
        ]
      }
    },
    {
      "type": "Feature",
      "properties": {
        "id": 708,
        "predicted_prevalence": 0.8594747,
        "prediction_uncertainty": 0.5234784,
        "exceedance_probability": 1,
        "adaptively_selected": 0
      },
      "geometry": {
        "type": "Point",
        "coordinates": [
          90.3727755,
          23.7309
        ]
      }
    },
    {
      "type": "Feature",
      "properties": {
        "id": 709,
        "predicted_prevalence": 0.9291309,
        "prediction_uncertainty": 0.5406306,
        "exceedance_probability": 1,
        "adaptively_selected": 0
      },
      "geometry": {
        "type": "Point",
        "coordinates": [
          90.3764224,
          23.7309
        ]
      }
    },
    {
      "type": "Feature",
      "properties": {
        "id": 710,
        "predicted_prevalence": 0.8145096,
        "prediction_uncertainty": 0.4799132,
        "exceedance_probability": 1,
        "adaptively_selected": 0
      },
      "geometry": {
        "type": "Point",
        "coordinates": [
          90.3800694,
          23.7309
        ]
      }
    },
    {
      "type": "Feature",
      "properties": {
        "id": 711,
        "predicted_prevalence": 0.4905441,
        "prediction_uncertainty": 0.3602828,
        "exceedance_probability": 1,
        "adaptively_selected": 0
      },
      "geometry": {
        "type": "Point",
        "coordinates": [
          90.3837163,
          23.7309
        ]
      }
    },
    {
      "type": "Feature",
      "properties": {
        "id": 712,
        "predicted_prevalence": 0.0068123,
        "prediction_uncertainty": 0.2120041,
        "exceedance_probability": 0,
        "adaptively_selected": 0
      },
      "geometry": {
        "type": "Point",
        "coordinates": [
          90.3873633,
          23.7309
        ]
      }
    },
    {
      "type": "Feature",
      "properties": {
        "id": 713,
        "predicted_prevalence": -0.5253485,
        "prediction_uncertainty": 0.1022658,
        "exceedance_probability": 0,
        "adaptively_selected": 0
      },
      "geometry": {
        "type": "Point",
        "coordinates": [
          90.3910102,
          23.7309
        ]
      }
    },
    {
      "type": "Feature",
      "properties": {
        "id": 714,
        "predicted_prevalence": -0.9489246,
        "prediction_uncertainty": 0.1578154,
        "exceedance_probability": 0,
        "adaptively_selected": 0
      },
      "geometry": {
        "type": "Point",
        "coordinates": [
          90.3946571,
          23.7309
        ]
      }
    },
    {
      "type": "Feature",
      "properties": {
        "id": 715,
        "predicted_prevalence": -1.1018259,
        "prediction_uncertainty": 0.2737157,
        "exceedance_probability": 0,
        "adaptively_selected": 0
      },
      "geometry": {
        "type": "Point",
        "coordinates": [
          90.3983041,
          23.7309
        ]
      }
    },
    {
      "type": "Feature",
      "properties": {
        "id": 716,
        "predicted_prevalence": -0.9072453,
        "prediction_uncertainty": 0.367971,
        "exceedance_probability": 0,
        "adaptively_selected": 0
      },
      "geometry": {
        "type": "Point",
        "coordinates": [
          90.401951,
          23.7309
        ]
      }
    },
    {
      "type": "Feature",
      "properties": {
        "id": 717,
        "predicted_prevalence": -0.4580677,
        "prediction_uncertainty": 0.4108816,
        "exceedance_probability": 0,
        "adaptively_selected": 0
      },
      "geometry": {
        "type": "Point",
        "coordinates": [
          90.405598,
          23.7309
        ]
      }
    },
    {
      "type": "Feature",
      "properties": {
        "id": 718,
        "predicted_prevalence": 0.0128865,
        "prediction_uncertainty": 0.4024883,
        "exceedance_probability": 0,
        "adaptively_selected": 0
      },
      "geometry": {
        "type": "Point",
        "coordinates": [
          90.4092449,
          23.7309
        ]
      }
    },
    {
      "type": "Feature",
      "properties": {
        "id": 719,
        "predicted_prevalence": 0.2921609,
        "prediction_uncertainty": 0.3541293,
        "exceedance_probability": 0,
        "adaptively_selected": 0
      },
      "geometry": {
        "type": "Point",
        "coordinates": [
          90.4128918,
          23.7309
        ]
      }
    },
    {
      "type": "Feature",
      "properties": {
        "id": 720,
        "predicted_prevalence": 0.3371104,
        "prediction_uncertainty": 0.2631584,
        "exceedance_probability": 0,
        "adaptively_selected": 0
      },
      "geometry": {
        "type": "Point",
        "coordinates": [
          90.4165388,
          23.7309
        ]
      }
    },
    {
      "type": "Feature",
      "properties": {
        "id": 721,
        "predicted_prevalence": 0.2714746,
        "prediction_uncertainty": 0.1297734,
        "exceedance_probability": 0,
        "adaptively_selected": 0
      },
      "geometry": {
        "type": "Point",
        "coordinates": [
          90.4201857,
          23.7309
        ]
      }
    },
    {
      "type": "Feature",
      "properties": {
        "id": 722,
        "predicted_prevalence": 0.2420037,
        "prediction_uncertainty": 0.0767572,
        "exceedance_probability": 0,
        "adaptively_selected": 0
      },
      "geometry": {
        "type": "Point",
        "coordinates": [
          90.4238327,
          23.7309
        ]
      }
    },
    {
      "type": "Feature",
      "properties": {
        "id": 723,
        "predicted_prevalence": 0.2944004,
        "prediction_uncertainty": 0.2285677,
        "exceedance_probability": 0,
        "adaptively_selected": 0
      },
      "geometry": {
        "type": "Point",
        "coordinates": [
          90.4274796,
          23.7309
        ]
      }
    },
    {
      "type": "Feature",
      "properties": {
        "id": 724,
        "predicted_prevalence": 0.3782675,
        "prediction_uncertainty": 0.3656085,
        "exceedance_probability": 1,
        "adaptively_selected": 0
      },
      "geometry": {
        "type": "Point",
        "coordinates": [
          90.4311265,
          23.7309
        ]
      }
    },
    {
      "type": "Feature",
      "properties": {
        "id": 725,
        "predicted_prevalence": 0.4341529,
        "prediction_uncertainty": 0.4572671,
        "exceedance_probability": 1,
        "adaptively_selected": 0
      },
      "geometry": {
        "type": "Point",
        "coordinates": [
          90.4347735,
          23.7309
        ]
      }
    },
    {
      "type": "Feature",
      "properties": {
        "id": 726,
        "predicted_prevalence": 0.449167,
        "prediction_uncertainty": 0.4917852,
        "exceedance_probability": 1,
        "adaptively_selected": 0
      },
      "geometry": {
        "type": "Point",
        "coordinates": [
          90.4384204,
          23.7309
        ]
      }
    },
    {
      "type": "Feature",
      "properties": {
        "id": 727,
        "predicted_prevalence": 0.4410556,
        "prediction_uncertainty": 0.4766942,
        "exceedance_probability": 1,
        "adaptively_selected": 0
      },
      "geometry": {
        "type": "Point",
        "coordinates": [
          90.4420673,
          23.7309
        ]
      }
    },
    {
      "type": "Feature",
      "properties": {
        "id": 728,
        "predicted_prevalence": 0.4199043,
        "prediction_uncertainty": 0.4601352,
        "exceedance_probability": 1,
        "adaptively_selected": 0
      },
      "geometry": {
        "type": "Point",
        "coordinates": [
          90.4457143,
          23.7309
        ]
      }
    },
    {
      "type": "Feature",
      "properties": {
        "id": 729,
        "predicted_prevalence": 0.3789381,
        "prediction_uncertainty": 0.5044863,
        "exceedance_probability": 1,
        "adaptively_selected": 0
      },
      "geometry": {
        "type": "Point",
        "coordinates": [
          90.4493612,
          23.7309
        ]
      }
    },
    {
      "type": "Feature",
      "properties": {
        "id": 730,
        "predicted_prevalence": 0.3122407,
        "prediction_uncertainty": 0.5994312,
        "exceedance_probability": 0,
        "adaptively_selected": 0
      },
      "geometry": {
        "type": "Point",
        "coordinates": [
          90.4530082,
          23.7309
        ]
      }
    },
    {
      "type": "Feature",
      "properties": {
        "id": 731,
        "predicted_prevalence": 0.2285313,
        "prediction_uncertainty": 0.6884335,
        "exceedance_probability": 0,
        "adaptively_selected": 0
      },
      "geometry": {
        "type": "Point",
        "coordinates": [
          90.4566551,
          23.7309
        ]
      }
    },
    {
      "type": "Feature",
      "properties": {
        "id": 732,
        "predicted_prevalence": 0.146521,
        "prediction_uncertainty": 0.743439,
        "exceedance_probability": 0,
        "adaptively_selected": 0
      },
      "geometry": {
        "type": "Point",
        "coordinates": [
          90.460302,
          23.7309
        ]
      }
    },
    {
      "type": "Feature",
      "properties": {
        "id": 733,
        "predicted_prevalence": 0.0818732,
        "prediction_uncertainty": 0.7681574,
        "exceedance_probability": 0,
        "adaptively_selected": 0
      },
      "geometry": {
        "type": "Point",
        "coordinates": [
          90.463949,
          23.7309
        ]
      }
    },
    {
      "type": "Feature",
      "properties": {
        "id": 734,
        "predicted_prevalence": 0.0398477,
        "prediction_uncertainty": 0.7764179,
        "exceedance_probability": 0,
        "adaptively_selected": 0
      },
      "geometry": {
        "type": "Point",
        "coordinates": [
          90.4675959,
          23.7309
        ]
      }
    },
    {
      "type": "Feature",
      "properties": {
        "id": 735,
        "predicted_prevalence": 0.0169581,
        "prediction_uncertainty": 0.7784806,
        "exceedance_probability": 0,
        "adaptively_selected": 0
      },
      "geometry": {
        "type": "Point",
        "coordinates": [
          90.4712429,
          23.7309
        ]
      }
    },
    {
      "type": "Feature",
      "properties": {
        "id": 736,
        "predicted_prevalence": 0.0065431,
        "prediction_uncertainty": 0.7788668,
        "exceedance_probability": 0,
        "adaptively_selected": 0
      },
      "geometry": {
        "type": "Point",
        "coordinates": [
          90.4748898,
          23.7309
        ]
      }
    },
    {
      "type": "Feature",
      "properties": {
        "id": 737,
        "predicted_prevalence": 0.0031081,
        "prediction_uncertainty": 0.778919,
        "exceedance_probability": 0,
        "adaptively_selected": 1
      },
      "geometry": {
        "type": "Point",
        "coordinates": [
          90.4785367,
          23.7309
        ]
      }
    },
    {
      "type": "Feature",
      "properties": {
        "id": 738,
        "predicted_prevalence": 0.0040673,
        "prediction_uncertainty": 0.7789017,
        "exceedance_probability": 0,
        "adaptively_selected": 0
      },
      "geometry": {
        "type": "Point",
        "coordinates": [
          90.4821837,
          23.7309
        ]
      }
    },
    {
      "type": "Feature",
      "properties": {
        "id": 739,
        "predicted_prevalence": 0.0099567,
        "prediction_uncertainty": 0.7787266,
        "exceedance_probability": 0,
        "adaptively_selected": 0
      },
      "geometry": {
        "type": "Point",
        "coordinates": [
          90.4858306,
          23.7309
        ]
      }
    },
    {
      "type": "Feature",
      "properties": {
        "id": 740,
        "predicted_prevalence": 0.0241458,
        "prediction_uncertainty": 0.7777132,
        "exceedance_probability": 0,
        "adaptively_selected": 0
      },
      "geometry": {
        "type": "Point",
        "coordinates": [
          90.4894776,
          23.7309
        ]
      }
    },
    {
      "type": "Feature",
      "properties": {
        "id": 741,
        "predicted_prevalence": 0.0518723,
        "prediction_uncertainty": 0.7732934,
        "exceedance_probability": 0,
        "adaptively_selected": 0
      },
      "geometry": {
        "type": "Point",
        "coordinates": [
          90.4931245,
          23.7309
        ]
      }
    },
    {
      "type": "Feature",
      "properties": {
        "id": 742,
        "predicted_prevalence": 0.097661,
        "prediction_uncertainty": 0.7587631,
        "exceedance_probability": 0,
        "adaptively_selected": 0
      },
      "geometry": {
        "type": "Point",
        "coordinates": [
          90.4967714,
          23.7309
        ]
      }
    },
    {
      "type": "Feature",
      "properties": {
        "id": 743,
        "predicted_prevalence": 0.1609849,
        "prediction_uncertainty": 0.7228232,
        "exceedance_probability": 0,
        "adaptively_selected": 0
      },
      "geometry": {
        "type": "Point",
        "coordinates": [
          90.5004184,
          23.7309
        ]
      }
    },
    {
      "type": "Feature",
      "properties": {
        "id": 744,
        "predicted_prevalence": 0.2323221,
        "prediction_uncertainty": 0.6567012,
        "exceedance_probability": 0,
        "adaptively_selected": 0
      },
      "geometry": {
        "type": "Point",
        "coordinates": [
          90.5040653,
          23.7309
        ]
      }
    },
    {
      "type": "Feature",
      "properties": {
        "id": 745,
        "predicted_prevalence": 0.2935177,
        "prediction_uncertainty": 0.5715241,
        "exceedance_probability": 0,
        "adaptively_selected": 0
      },
      "geometry": {
        "type": "Point",
        "coordinates": [
          90.5077122,
          23.7309
        ]
      }
    },
    {
      "type": "Feature",
      "properties": {
        "id": 746,
        "predicted_prevalence": 0.3246507,
        "prediction_uncertainty": 0.5138788,
        "exceedance_probability": 0,
        "adaptively_selected": 0
      },
      "geometry": {
        "type": "Point",
        "coordinates": [
          90.5113592,
          23.7309
        ]
      }
    },
    {
      "type": "Feature",
      "properties": {
        "id": 747,
        "predicted_prevalence": 0.3143667,
        "prediction_uncertainty": 0.5342626,
        "exceedance_probability": 0,
        "adaptively_selected": 0
      },
      "geometry": {
        "type": "Point",
        "coordinates": [
          90.5150061,
          23.7309
        ]
      }
    },
    {
      "type": "Feature",
      "properties": {
        "id": 748,
        "predicted_prevalence": 0.2664985,
        "prediction_uncertainty": 0.6130518,
        "exceedance_probability": 0,
        "adaptively_selected": 0
      },
      "geometry": {
        "type": "Point",
        "coordinates": [
          90.5186531,
          23.7309
        ]
      }
    },
    {
      "type": "Feature",
      "properties": {
        "id": 749,
        "predicted_prevalence": 0.197784,
        "prediction_uncertainty": 0.6924964,
        "exceedance_probability": 0,
        "adaptively_selected": 0
      },
      "geometry": {
        "type": "Point",
        "coordinates": [
          90.5223,
          23.7309
        ]
      }
    },
    {
      "type": "Feature",
      "properties": {
        "id": 750,
        "predicted_prevalence": 0.1142406,
        "prediction_uncertainty": 0.7679492,
        "exceedance_probability": 0,
        "adaptively_selected": 0
      },
      "geometry": {
        "type": "Point",
        "coordinates": [
          90.3436,
          23.7353286
        ]
      }
    },
    {
      "type": "Feature",
      "properties": {
        "id": 751,
        "predicted_prevalence": 0.1852872,
        "prediction_uncertainty": 0.7420779,
        "exceedance_probability": 0,
        "adaptively_selected": 0
      },
      "geometry": {
        "type": "Point",
        "coordinates": [
          90.3472469,
          23.7353286
        ]
      }
    },
    {
      "type": "Feature",
      "properties": {
        "id": 752,
        "predicted_prevalence": 0.260404,
        "prediction_uncertainty": 0.6787973,
        "exceedance_probability": 0,
        "adaptively_selected": 0
      },
      "geometry": {
        "type": "Point",
        "coordinates": [
          90.3508939,
          23.7353286
        ]
      }
    },
    {
      "type": "Feature",
      "properties": {
        "id": 753,
        "predicted_prevalence": 0.3206764,
        "prediction_uncertainty": 0.5558485,
        "exceedance_probability": 0,
        "adaptively_selected": 0
      },
      "geometry": {
        "type": "Point",
        "coordinates": [
          90.3545408,
          23.7353286
        ]
      }
    },
    {
      "type": "Feature",
      "properties": {
        "id": 754,
        "predicted_prevalence": 0.36128,
        "prediction_uncertainty": 0.3641053,
        "exceedance_probability": 1,
        "adaptively_selected": 0
      },
      "geometry": {
        "type": "Point",
        "coordinates": [
          90.3581878,
          23.7353286
        ]
      }
    },
    {
      "type": "Feature",
      "properties": {
        "id": 755,
        "predicted_prevalence": 0.4072823,
        "prediction_uncertainty": 0.1236684,
        "exceedance_probability": 1,
        "adaptively_selected": 0
      },
      "geometry": {
        "type": "Point",
        "coordinates": [
          90.3618347,
          23.7353286
        ]
      }
    },
    {
      "type": "Feature",
      "properties": {
        "id": 756,
        "predicted_prevalence": 0.4970252,
        "prediction_uncertainty": 0.121054,
        "exceedance_probability": 1,
        "adaptively_selected": 0
      },
      "geometry": {
        "type": "Point",
        "coordinates": [
          90.3654816,
          23.7353286
        ]
      }
    },
    {
      "type": "Feature",
      "properties": {
        "id": 757,
        "predicted_prevalence": 0.6290408,
        "prediction_uncertainty": 0.302494,
        "exceedance_probability": 1,
        "adaptively_selected": 0
      },
      "geometry": {
        "type": "Point",
        "coordinates": [
          90.3691286,
          23.7353286
        ]
      }
    },
    {
      "type": "Feature",
      "properties": {
        "id": 758,
        "predicted_prevalence": 0.7239281,
        "prediction_uncertainty": 0.3910818,
        "exceedance_probability": 1,
        "adaptively_selected": 0
      },
      "geometry": {
        "type": "Point",
        "coordinates": [
          90.3727755,
          23.7353286
        ]
      }
    },
    {
      "type": "Feature",
      "properties": {
        "id": 759,
        "predicted_prevalence": 0.6662432,
        "prediction_uncertainty": 0.3985277,
        "exceedance_probability": 1,
        "adaptively_selected": 0
      },
      "geometry": {
        "type": "Point",
        "coordinates": [
          90.3764224,
          23.7353286
        ]
      }
    },
    {
      "type": "Feature",
      "properties": {
        "id": 760,
        "predicted_prevalence": 0.4107164,
        "prediction_uncertainty": 0.3610356,
        "exceedance_probability": 1,
        "adaptively_selected": 0
      },
      "geometry": {
        "type": "Point",
        "coordinates": [
          90.3800694,
          23.7353286
        ]
      }
    },
    {
      "type": "Feature",
      "properties": {
        "id": 761,
        "predicted_prevalence": 0.0413004,
        "prediction_uncertainty": 0.2958118,
        "exceedance_probability": 0,
        "adaptively_selected": 0
      },
      "geometry": {
        "type": "Point",
        "coordinates": [
          90.3837163,
          23.7353286
        ]
      }
    },
    {
      "type": "Feature",
      "properties": {
        "id": 762,
        "predicted_prevalence": -0.2950892,
        "prediction_uncertainty": 0.2115934,
        "exceedance_probability": 0,
        "adaptively_selected": 0
      },
      "geometry": {
        "type": "Point",
        "coordinates": [
          90.3873633,
          23.7353286
        ]
      }
    },
    {
      "type": "Feature",
      "properties": {
        "id": 763,
        "predicted_prevalence": -0.5073339,
        "prediction_uncertainty": 0.1250003,
        "exceedance_probability": 0,
        "adaptively_selected": 0
      },
      "geometry": {
        "type": "Point",
        "coordinates": [
          90.3910102,
          23.7353286
        ]
      }
    },
    {
      "type": "Feature",
      "properties": {
        "id": 764,
        "predicted_prevalence": -0.5916457,
        "prediction_uncertainty": 0.0461181,
        "exceedance_probability": 0,
        "adaptively_selected": 0
      },
      "geometry": {
        "type": "Point",
        "coordinates": [
          90.3946571,
          23.7353286
        ]
      }
    },
    {
      "type": "Feature",
      "properties": {
        "id": 765,
        "predicted_prevalence": -0.5617826,
        "prediction_uncertainty": 0.1135912,
        "exceedance_probability": 0,
        "adaptively_selected": 0
      },
      "geometry": {
        "type": "Point",
        "coordinates": [
          90.3983041,
          23.7353286
        ]
      }
    },
    {
      "type": "Feature",
      "properties": {
        "id": 766,
        "predicted_prevalence": -0.4056418,
        "prediction_uncertainty": 0.2061818,
        "exceedance_probability": 0,
        "adaptively_selected": 0
      },
      "geometry": {
        "type": "Point",
        "coordinates": [
          90.401951,
          23.7353286
        ]
      }
    },
    {
      "type": "Feature",
      "properties": {
        "id": 767,
        "predicted_prevalence": -0.1402001,
        "prediction_uncertainty": 0.2436686,
        "exceedance_probability": 0,
        "adaptively_selected": 0
      },
      "geometry": {
        "type": "Point",
        "coordinates": [
          90.405598,
          23.7353286
        ]
      }
    },
    {
      "type": "Feature",
      "properties": {
        "id": 768,
        "predicted_prevalence": 0.1316804,
        "prediction_uncertainty": 0.2294774,
        "exceedance_probability": 0,
        "adaptively_selected": 0
      },
      "geometry": {
        "type": "Point",
        "coordinates": [
          90.4092449,
          23.7353286
        ]
      }
    },
    {
      "type": "Feature",
      "properties": {
        "id": 769,
        "predicted_prevalence": 0.2781391,
        "prediction_uncertainty": 0.1766973,
        "exceedance_probability": 0,
        "adaptively_selected": 0
      },
      "geometry": {
        "type": "Point",
        "coordinates": [
          90.4128918,
          23.7353286
        ]
      }
    },
    {
      "type": "Feature",
      "properties": {
        "id": 770,
        "predicted_prevalence": 0.2603921,
        "prediction_uncertainty": 0.0783082,
        "exceedance_probability": 0,
        "adaptively_selected": 0
      },
      "geometry": {
        "type": "Point",
        "coordinates": [
          90.4165388,
          23.7353286
        ]
      }
    },
    {
      "type": "Feature",
      "properties": {
        "id": 771,
        "predicted_prevalence": 0.1688815,
        "prediction_uncertainty": 0.0694339,
        "exceedance_probability": 0,
        "adaptively_selected": 0
      },
      "geometry": {
        "type": "Point",
        "coordinates": [
          90.4201857,
          23.7353286
        ]
      }
    },
    {
      "type": "Feature",
      "properties": {
        "id": 772,
        "predicted_prevalence": 0.1285773,
        "prediction_uncertainty": 0.2233151,
        "exceedance_probability": 0,
        "adaptively_selected": 0
      },
      "geometry": {
        "type": "Point",
        "coordinates": [
          90.4238327,
          23.7353286
        ]
      }
    },
    {
      "type": "Feature",
      "properties": {
        "id": 773,
        "predicted_prevalence": 0.186723,
        "prediction_uncertainty": 0.3566612,
        "exceedance_probability": 0,
        "adaptively_selected": 0
      },
      "geometry": {
        "type": "Point",
        "coordinates": [
          90.4274796,
          23.7353286
        ]
      }
    },
    {
      "type": "Feature",
      "properties": {
        "id": 774,
        "predicted_prevalence": 0.2976229,
        "prediction_uncertainty": 0.4459227,
        "exceedance_probability": 0,
        "adaptively_selected": 0
      },
      "geometry": {
        "type": "Point",
        "coordinates": [
          90.4311265,
          23.7353286
        ]
      }
    },
    {
      "type": "Feature",
      "properties": {
        "id": 775,
        "predicted_prevalence": 0.3908294,
        "prediction_uncertainty": 0.4928982,
        "exceedance_probability": 1,
        "adaptively_selected": 0
      },
      "geometry": {
        "type": "Point",
        "coordinates": [
          90.4347735,
          23.7353286
        ]
      }
    },
    {
      "type": "Feature",
      "properties": {
        "id": 776,
        "predicted_prevalence": 0.4312686,
        "prediction_uncertainty": 0.5200621,
        "exceedance_probability": 1,
        "adaptively_selected": 0
      },
      "geometry": {
        "type": "Point",
        "coordinates": [
          90.4384204,
          23.7353286
        ]
      }
    },
    {
      "type": "Feature",
      "properties": {
        "id": 777,
        "predicted_prevalence": 0.4229648,
        "prediction_uncertainty": 0.549805,
        "exceedance_probability": 1,
        "adaptively_selected": 0
      },
      "geometry": {
        "type": "Point",
        "coordinates": [
          90.4420673,
          23.7353286
        ]
      }
    },
    {
      "type": "Feature",
      "properties": {
        "id": 778,
        "predicted_prevalence": 0.3820918,
        "prediction_uncertainty": 0.591466,
        "exceedance_probability": 1,
        "adaptively_selected": 0
      },
      "geometry": {
        "type": "Point",
        "coordinates": [
          90.4457143,
          23.7353286
        ]
      }
    },
    {
      "type": "Feature",
      "properties": {
        "id": 779,
        "predicted_prevalence": 0.3201796,
        "prediction_uncertainty": 0.6439295,
        "exceedance_probability": 0,
        "adaptively_selected": 1
      },
      "geometry": {
        "type": "Point",
        "coordinates": [
          90.4493612,
          23.7353286
        ]
      }
    },
    {
      "type": "Feature",
      "properties": {
        "id": 780,
        "predicted_prevalence": 0.2458769,
        "prediction_uncertainty": 0.6973599,
        "exceedance_probability": 0,
        "adaptively_selected": 0
      },
      "geometry": {
        "type": "Point",
        "coordinates": [
          90.4530082,
          23.7353286
        ]
      }
    },
    {
      "type": "Feature",
      "properties": {
        "id": 781,
        "predicted_prevalence": 0.1701464,
        "prediction_uncertainty": 0.7390439,
        "exceedance_probability": 0,
        "adaptively_selected": 0
      },
      "geometry": {
        "type": "Point",
        "coordinates": [
          90.4566551,
          23.7353286
        ]
      }
    },
    {
      "type": "Feature",
      "properties": {
        "id": 782,
        "predicted_prevalence": 0.104705,
        "prediction_uncertainty": 0.7635182,
        "exceedance_probability": 0,
        "adaptively_selected": 0
      },
      "geometry": {
        "type": "Point",
        "coordinates": [
          90.460302,
          23.7353286
        ]
      }
    },
    {
      "type": "Feature",
      "properties": {
        "id": 783,
        "predicted_prevalence": 0.0568421,
        "prediction_uncertainty": 0.7742977,
        "exceedance_probability": 0,
        "adaptively_selected": 0
      },
      "geometry": {
        "type": "Point",
        "coordinates": [
          90.463949,
          23.7353286
        ]
      }
    },
    {
      "type": "Feature",
      "properties": {
        "id": 784,
        "predicted_prevalence": 0.0271164,
        "prediction_uncertainty": 0.7778564,
        "exceedance_probability": 0,
        "adaptively_selected": 0
      },
      "geometry": {
        "type": "Point",
        "coordinates": [
          90.4675959,
          23.7353286
        ]
      }
    },
    {
      "type": "Feature",
      "properties": {
        "id": 785,
        "predicted_prevalence": 0.0113804,
        "prediction_uncertainty": 0.7787378,
        "exceedance_probability": 0,
        "adaptively_selected": 0
      },
      "geometry": {
        "type": "Point",
        "coordinates": [
          90.4712429,
          23.7353286
        ]
      }
    },
    {
      "type": "Feature",
      "properties": {
        "id": 786,
        "predicted_prevalence": 0.0043456,
        "prediction_uncertainty": 0.7789019,
        "exceedance_probability": 0,
        "adaptively_selected": 0
      },
      "geometry": {
        "type": "Point",
        "coordinates": [
          90.4748898,
          23.7353286
        ]
      }
    },
    {
      "type": "Feature",
      "properties": {
        "id": 787,
        "predicted_prevalence": 0.0020417,
        "prediction_uncertainty": 0.7789241,
        "exceedance_probability": 0,
        "adaptively_selected": 0
      },
      "geometry": {
        "type": "Point",
        "coordinates": [
          90.4785367,
          23.7353286
        ]
      }
    },
    {
      "type": "Feature",
      "properties": {
        "id": 788,
        "predicted_prevalence": 0.0026493,
        "prediction_uncertainty": 0.7789168,
        "exceedance_probability": 0,
        "adaptively_selected": 0
      },
      "geometry": {
        "type": "Point",
        "coordinates": [
          90.4821837,
          23.7353286
        ]
      }
    },
    {
      "type": "Feature",
      "properties": {
        "id": 789,
        "predicted_prevalence": 0.0064763,
        "prediction_uncertainty": 0.7788427,
        "exceedance_probability": 0,
        "adaptively_selected": 0
      },
      "geometry": {
        "type": "Point",
        "coordinates": [
          90.4858306,
          23.7353286
        ]
      }
    },
    {
      "type": "Feature",
      "properties": {
        "id": 790,
        "predicted_prevalence": 0.015704,
        "prediction_uncertainty": 0.7784143,
        "exceedance_probability": 0,
        "adaptively_selected": 0
      },
      "geometry": {
        "type": "Point",
        "coordinates": [
          90.4894776,
          23.7353286
        ]
      }
    },
    {
      "type": "Feature",
      "properties": {
        "id": 791,
        "predicted_prevalence": 0.0337365,
        "prediction_uncertainty": 0.7765495,
        "exceedance_probability": 0,
        "adaptively_selected": 0
      },
      "geometry": {
        "type": "Point",
        "coordinates": [
          90.4931245,
          23.7353286
        ]
      }
    },
    {
      "type": "Feature",
      "properties": {
        "id": 792,
        "predicted_prevalence": 0.0635164,
        "prediction_uncertainty": 0.7704627,
        "exceedance_probability": 0,
        "adaptively_selected": 0
      },
      "geometry": {
        "type": "Point",
        "coordinates": [
          90.4967714,
          23.7353286
        ]
      }
    },
    {
      "type": "Feature",
      "properties": {
        "id": 793,
        "predicted_prevalence": 0.1047008,
        "prediction_uncertainty": 0.7557046,
        "exceedance_probability": 0,
        "adaptively_selected": 0
      },
      "geometry": {
        "type": "Point",
        "coordinates": [
          90.5004184,
          23.7353286
        ]
      }
    },
    {
      "type": "Feature",
      "properties": {
        "id": 794,
        "predicted_prevalence": 0.1510968,
        "prediction_uncertainty": 0.7297299,
        "exceedance_probability": 0,
        "adaptively_selected": 1
      },
      "geometry": {
        "type": "Point",
        "coordinates": [
          90.5040653,
          23.7353286
        ]
      }
    },
    {
      "type": "Feature",
      "properties": {
        "id": 795,
        "predicted_prevalence": 0.190897,
        "prediction_uncertainty": 0.6987517,
        "exceedance_probability": 0,
        "adaptively_selected": 0
      },
      "geometry": {
        "type": "Point",
        "coordinates": [
          90.5077122,
          23.7353286
        ]
      }
    },
    {
      "type": "Feature",
      "properties": {
        "id": 796,
        "predicted_prevalence": 0.2111452,
        "prediction_uncertainty": 0.67955,
        "exceedance_probability": 0,
        "adaptively_selected": 0
      },
      "geometry": {
        "type": "Point",
        "coordinates": [
          90.5113592,
          23.7353286
        ]
      }
    },
    {
      "type": "Feature",
      "properties": {
        "id": 797,
        "predicted_prevalence": 0.2044567,
        "prediction_uncertainty": 0.6861672,
        "exceedance_probability": 0,
        "adaptively_selected": 0
      },
      "geometry": {
        "type": "Point",
        "coordinates": [
          90.5150061,
          23.7353286
        ]
      }
    },
    {
      "type": "Feature",
      "properties": {
        "id": 798,
        "predicted_prevalence": 0.1733243,
        "prediction_uncertainty": 0.7134858,
        "exceedance_probability": 0,
        "adaptively_selected": 0
      },
      "geometry": {
        "type": "Point",
        "coordinates": [
          90.5186531,
          23.7353286
        ]
      }
    },
    {
      "type": "Feature",
      "properties": {
        "id": 799,
        "predicted_prevalence": 0.128634,
        "prediction_uncertainty": 0.7435952,
        "exceedance_probability": 0,
        "adaptively_selected": 0
      },
      "geometry": {
        "type": "Point",
        "coordinates": [
          90.5223,
          23.7353286
        ]
      }
    },
    {
      "type": "Feature",
      "properties": {
        "id": 800,
        "predicted_prevalence": 0.1458585,
        "prediction_uncertainty": 0.7689499,
        "exceedance_probability": 0,
        "adaptively_selected": 0
      },
      "geometry": {
        "type": "Point",
        "coordinates": [
          90.3436,
          23.7397571
        ]
      }
    },
    {
      "type": "Feature",
      "properties": {
        "id": 801,
        "predicted_prevalence": 0.2376651,
        "prediction_uncertainty": 0.744768,
        "exceedance_probability": 0,
        "adaptively_selected": 0
      },
      "geometry": {
        "type": "Point",
        "coordinates": [
          90.3472469,
          23.7397571
        ]
      }
    },
    {
      "type": "Feature",
      "properties": {
        "id": 802,
        "predicted_prevalence": 0.3260776,
        "prediction_uncertainty": 0.6864798,
        "exceedance_probability": 0,
        "adaptively_selected": 0
      },
      "geometry": {
        "type": "Point",
        "coordinates": [
          90.3508939,
          23.7397571
        ]
      }
    },
    {
      "type": "Feature",
      "properties": {
        "id": 803,
        "predicted_prevalence": 0.3741948,
        "prediction_uncertainty": 0.5772059,
        "exceedance_probability": 1,
        "adaptively_selected": 0
      },
      "geometry": {
        "type": "Point",
        "coordinates": [
          90.3545408,
          23.7397571
        ]
      }
    },
    {
      "type": "Feature",
      "properties": {
        "id": 804,
        "predicted_prevalence": 0.3650619,
        "prediction_uncertainty": 0.416387,
        "exceedance_probability": 1,
        "adaptively_selected": 0
      },
      "geometry": {
        "type": "Point",
        "coordinates": [
          90.3581878,
          23.7397571
        ]
      }
    },
    {
      "type": "Feature",
      "properties": {
        "id": 805,
        "predicted_prevalence": 0.3321782,
        "prediction_uncertainty": 0.2379973,
        "exceedance_probability": 0,
        "adaptively_selected": 0
      },
      "geometry": {
        "type": "Point",
        "coordinates": [
          90.3618347,
          23.7397571
        ]
      }
    },
    {
      "type": "Feature",
      "properties": {
        "id": 806,
        "predicted_prevalence": 0.3425532,
        "prediction_uncertainty": 0.1506012,
        "exceedance_probability": 0,
        "adaptively_selected": 0
      },
      "geometry": {
        "type": "Point",
        "coordinates": [
          90.3654816,
          23.7397571
        ]
      }
    },
    {
      "type": "Feature",
      "properties": {
        "id": 807,
        "predicted_prevalence": 0.4212288,
        "prediction_uncertainty": 0.2046233,
        "exceedance_probability": 1,
        "adaptively_selected": 0
      },
      "geometry": {
        "type": "Point",
        "coordinates": [
          90.3691286,
          23.7397571
        ]
      }
    },
    {
      "type": "Feature",
      "properties": {
        "id": 808,
        "predicted_prevalence": 0.491593,
        "prediction_uncertainty": 0.2295231,
        "exceedance_probability": 1,
        "adaptively_selected": 0
      },
      "geometry": {
        "type": "Point",
        "coordinates": [
          90.3727755,
          23.7397571
        ]
      }
    },
    {
      "type": "Feature",
      "properties": {
        "id": 809,
        "predicted_prevalence": 0.4304508,
        "prediction_uncertainty": 0.2012926,
        "exceedance_probability": 1,
        "adaptively_selected": 0
      },
      "geometry": {
        "type": "Point",
        "coordinates": [
          90.3764224,
          23.7397571
        ]
      }
    },
    {
      "type": "Feature",
      "properties": {
        "id": 810,
        "predicted_prevalence": 0.2159087,
        "prediction_uncertainty": 0.1722106,
        "exceedance_probability": 0,
        "adaptively_selected": 0
      },
      "geometry": {
        "type": "Point",
        "coordinates": [
          90.3800694,
          23.7397571
        ]
      }
    },
    {
      "type": "Feature",
      "properties": {
        "id": 811,
        "predicted_prevalence": -0.0030139,
        "prediction_uncertainty": 0.1437191,
        "exceedance_probability": 0,
        "adaptively_selected": 0
      },
      "geometry": {
        "type": "Point",
        "coordinates": [
          90.3837163,
          23.7397571
        ]
      }
    },
    {
      "type": "Feature",
      "properties": {
        "id": 812,
        "predicted_prevalence": -0.036201,
        "prediction_uncertainty": 0.0953381,
        "exceedance_probability": 0,
        "adaptively_selected": 0
      },
      "geometry": {
        "type": "Point",
        "coordinates": [
          90.3873633,
          23.7397571
        ]
      }
    },
    {
      "type": "Feature",
      "properties": {
        "id": 813,
        "predicted_prevalence": 0.142074,
        "prediction_uncertainty": 0.0583927,
        "exceedance_probability": 0,
        "adaptively_selected": 0
      },
      "geometry": {
        "type": "Point",
        "coordinates": [
          90.3910102,
          23.7397571
        ]
      }
    },
    {
      "type": "Feature",
      "properties": {
        "id": 814,
        "predicted_prevalence": 0.3602973,
        "prediction_uncertainty": 0.0141523,
        "exceedance_probability": 1,
        "adaptively_selected": 0
      },
      "geometry": {
        "type": "Point",
        "coordinates": [
          90.3946571,
          23.7397571
        ]
      }
    },
    {
      "type": "Feature",
      "properties": {
        "id": 815,
        "predicted_prevalence": 0.4371936,
        "prediction_uncertainty": 0.0631924,
        "exceedance_probability": 1,
        "adaptively_selected": 0
      },
      "geometry": {
        "type": "Point",
        "coordinates": [
          90.3983041,
          23.7397571
        ]
      }
    },
    {
      "type": "Feature",
      "properties": {
        "id": 816,
        "predicted_prevalence": 0.3599125,
        "prediction_uncertainty": 0.1232393,
        "exceedance_probability": 1,
        "adaptively_selected": 0
      },
      "geometry": {
        "type": "Point",
        "coordinates": [
          90.401951,
          23.7397571
        ]
      }
    },
    {
      "type": "Feature",
      "properties": {
        "id": 817,
        "predicted_prevalence": 0.2489304,
        "prediction_uncertainty": 0.1168627,
        "exceedance_probability": 0,
        "adaptively_selected": 0
      },
      "geometry": {
        "type": "Point",
        "coordinates": [
          90.405598,
          23.7397571
        ]
      }
    },
    {
      "type": "Feature",
      "properties": {
        "id": 818,
        "predicted_prevalence": 0.1906753,
        "prediction_uncertainty": 0.0548873,
        "exceedance_probability": 0,
        "adaptively_selected": 0
      },
      "geometry": {
        "type": "Point",
        "coordinates": [
          90.4092449,
          23.7397571
        ]
      }
    },
    {
      "type": "Feature",
      "properties": {
        "id": 819,
        "predicted_prevalence": 0.1633925,
        "prediction_uncertainty": 0.0298738,
        "exceedance_probability": 0,
        "adaptively_selected": 0
      },
      "geometry": {
        "type": "Point",
        "coordinates": [
          90.4128918,
          23.7397571
        ]
      }
    },
    {
      "type": "Feature",
      "properties": {
        "id": 820,
        "predicted_prevalence": 0.1172901,
        "prediction_uncertainty": 0.1299085,
        "exceedance_probability": 0,
        "adaptively_selected": 0
      },
      "geometry": {
        "type": "Point",
        "coordinates": [
          90.4165388,
          23.7397571
        ]
      }
    },
    {
      "type": "Feature",
      "properties": {
        "id": 821,
        "predicted_prevalence": 0.0653373,
        "prediction_uncertainty": 0.25808,
        "exceedance_probability": 0,
        "adaptively_selected": 0
      },
      "geometry": {
        "type": "Point",
        "coordinates": [
          90.4201857,
          23.7397571
        ]
      }
    },
    {
      "type": "Feature",
      "properties": {
        "id": 822,
        "predicted_prevalence": 0.0661132,
        "prediction_uncertainty": 0.3751835,
        "exceedance_probability": 0,
        "adaptively_selected": 0
      },
      "geometry": {
        "type": "Point",
        "coordinates": [
          90.4238327,
          23.7397571
        ]
      }
    },
    {
      "type": "Feature",
      "properties": {
        "id": 823,
        "predicted_prevalence": 0.1455415,
        "prediction_uncertainty": 0.4361474,
        "exceedance_probability": 0,
        "adaptively_selected": 0
      },
      "geometry": {
        "type": "Point",
        "coordinates": [
          90.4274796,
          23.7397571
        ]
      }
    },
    {
      "type": "Feature",
      "properties": {
        "id": 824,
        "predicted_prevalence": 0.265767,
        "prediction_uncertainty": 0.4254348,
        "exceedance_probability": 0,
        "adaptively_selected": 0
      },
      "geometry": {
        "type": "Point",
        "coordinates": [
          90.4311265,
          23.7397571
        ]
      }
    },
    {
      "type": "Feature",
      "properties": {
        "id": 825,
        "predicted_prevalence": 0.3642448,
        "prediction_uncertainty": 0.3784773,
        "exceedance_probability": 1,
        "adaptively_selected": 0
      },
      "geometry": {
        "type": "Point",
        "coordinates": [
          90.4347735,
          23.7397571
        ]
      }
    },
    {
      "type": "Feature",
      "properties": {
        "id": 826,
        "predicted_prevalence": 0.4035075,
        "prediction_uncertainty": 0.3856511,
        "exceedance_probability": 1,
        "adaptively_selected": 0
      },
      "geometry": {
        "type": "Point",
        "coordinates": [
          90.4384204,
          23.7397571
        ]
      }
    },
    {
      "type": "Feature",
      "properties": {
        "id": 827,
        "predicted_prevalence": 0.3839144,
        "prediction_uncertainty": 0.4822623,
        "exceedance_probability": 1,
        "adaptively_selected": 0
      },
      "geometry": {
        "type": "Point",
        "coordinates": [
          90.4420673,
          23.7397571
        ]
      }
    },
    {
      "type": "Feature",
      "properties": {
        "id": 828,
        "predicted_prevalence": 0.3261641,
        "prediction_uncertainty": 0.5992677,
        "exceedance_probability": 0,
        "adaptively_selected": 0
      },
      "geometry": {
        "type": "Point",
        "coordinates": [
          90.4457143,
          23.7397571
        ]
      }
    },
    {
      "type": "Feature",
      "properties": {
        "id": 829,
        "predicted_prevalence": 0.2522924,
        "prediction_uncertainty": 0.686783,
        "exceedance_probability": 0,
        "adaptively_selected": 0
      },
      "geometry": {
        "type": "Point",
        "coordinates": [
          90.4493612,
          23.7397571
        ]
      }
    },
    {
      "type": "Feature",
      "properties": {
        "id": 830,
        "predicted_prevalence": 0.1783897,
        "prediction_uncertainty": 0.7378135,
        "exceedance_probability": 0,
        "adaptively_selected": 0
      },
      "geometry": {
        "type": "Point",
        "coordinates": [
          90.4530082,
          23.7397571
        ]
      }
    },
    {
      "type": "Feature",
      "properties": {
        "id": 831,
        "predicted_prevalence": 0.1146925,
        "prediction_uncertainty": 0.7629236,
        "exceedance_probability": 0,
        "adaptively_selected": 0
      },
      "geometry": {
        "type": "Point",
        "coordinates": [
          90.4566551,
          23.7397571
        ]
      }
    },
    {
      "type": "Feature",
      "properties": {
        "id": 832,
        "predicted_prevalence": 0.0664809,
        "prediction_uncertainty": 0.7736062,
        "exceedance_probability": 0,
        "adaptively_selected": 0
      },
      "geometry": {
        "type": "Point",
        "coordinates": [
          90.460302,
          23.7397571
        ]
      }
    },
    {
      "type": "Feature",
      "properties": {
        "id": 833,
        "predicted_prevalence": 0.0344641,
        "prediction_uncertainty": 0.7774659,
        "exceedance_probability": 0,
        "adaptively_selected": 0
      },
      "geometry": {
        "type": "Point",
        "coordinates": [
          90.463949,
          23.7397571
        ]
      }
    },
    {
      "type": "Feature",
      "properties": {
        "id": 834,
        "predicted_prevalence": 0.0158833,
        "prediction_uncertainty": 0.778606,
        "exceedance_probability": 0,
        "adaptively_selected": 0
      },
      "geometry": {
        "type": "Point",
        "coordinates": [
          90.4675959,
          23.7397571
        ]
      }
    },
    {
      "type": "Feature",
      "properties": {
        "id": 835,
        "predicted_prevalence": 0.0064977,
        "prediction_uncertainty": 0.7788722,
        "exceedance_probability": 0,
        "adaptively_selected": 0
      },
      "geometry": {
        "type": "Point",
        "coordinates": [
          90.4712429,
          23.7397571
        ]
      }
    },
    {
      "type": "Feature",
      "properties": {
        "id": 836,
        "predicted_prevalence": 0.0024314,
        "prediction_uncertainty": 0.7789203,
        "exceedance_probability": 0,
        "adaptively_selected": 0
      },
      "geometry": {
        "type": "Point",
        "coordinates": [
          90.4748898,
          23.7397571
        ]
      }
    },
    {
      "type": "Feature",
      "properties": {
        "id": 837,
        "predicted_prevalence": 0.0011163,
        "prediction_uncertainty": 0.7789267,
        "exceedance_probability": 0,
        "adaptively_selected": 0
      },
      "geometry": {
        "type": "Point",
        "coordinates": [
          90.4785367,
          23.7397571
        ]
      }
    },
    {
      "type": "Feature",
      "properties": {
        "id": 838,
        "predicted_prevalence": 0.0014212,
        "prediction_uncertainty": 0.7789246,
        "exceedance_probability": 0,
        "adaptively_selected": 0
      },
      "geometry": {
        "type": "Point",
        "coordinates": [
          90.4821837,
          23.7397571
        ]
      }
    },
    {
      "type": "Feature",
      "properties": {
        "id": 839,
        "predicted_prevalence": 0.0034628,
        "prediction_uncertainty": 0.7789035,
        "exceedance_probability": 0,
        "adaptively_selected": 0
      },
      "geometry": {
        "type": "Point",
        "coordinates": [
          90.4858306,
          23.7397571
        ]
      }
    },
    {
      "type": "Feature",
      "properties": {
        "id": 840,
        "predicted_prevalence": 0.0083947,
        "prediction_uncertainty": 0.7787811,
        "exceedance_probability": 0,
        "adaptively_selected": 0
      },
      "geometry": {
        "type": "Point",
        "coordinates": [
          90.4894776,
          23.7397571
        ]
      }
    },
    {
      "type": "Feature",
      "properties": {
        "id": 841,
        "predicted_prevalence": 0.0180339,
        "prediction_uncertainty": 0.7782489,
        "exceedance_probability": 0,
        "adaptively_selected": 0
      },
      "geometry": {
        "type": "Point",
        "coordinates": [
          90.4931245,
          23.7397571
        ]
      }
    },
    {
      "type": "Feature",
      "properties": {
        "id": 842,
        "predicted_prevalence": 0.0339528,
        "prediction_uncertainty": 0.7765184,
        "exceedance_probability": 0,
        "adaptively_selected": 0
      },
      "geometry": {
        "type": "Point",
        "coordinates": [
          90.4967714,
          23.7397571
        ]
      }
    },
    {
      "type": "Feature",
      "properties": {
        "id": 843,
        "predicted_prevalence": 0.055968,
        "prediction_uncertainty": 0.7723631,
        "exceedance_probability": 0,
        "adaptively_selected": 0
      },
      "geometry": {
        "type": "Point",
        "coordinates": [
          90.5004184,
          23.7397571
        ]
      }
    },
    {
      "type": "Feature",
      "properties": {
        "id": 844,
        "predicted_prevalence": 0.0807691,
        "prediction_uncertainty": 0.7651926,
        "exceedance_probability": 0,
        "adaptively_selected": 0
      },
      "geometry": {
        "type": "Point",
        "coordinates": [
          90.5040653,
          23.7397571
        ]
      }
    },
    {
      "type": "Feature",
      "properties": {
        "id": 845,
        "predicted_prevalence": 0.1020443,
        "prediction_uncertainty": 0.756885,
        "exceedance_probability": 0,
        "adaptively_selected": 0
      },
      "geometry": {
        "type": "Point",
        "coordinates": [
          90.5077122,
          23.7397571
        ]
      }
    },
    {
      "type": "Feature",
      "properties": {
        "id": 846,
        "predicted_prevalence": 0.112868,
        "prediction_uncertainty": 0.7518726,
        "exceedance_probability": 0,
        "adaptively_selected": 0
      },
      "geometry": {
        "type": "Point",
        "coordinates": [
          90.5113592,
          23.7397571
        ]
      }
    },
    {
      "type": "Feature",
      "properties": {
        "id": 847,
        "predicted_prevalence": 0.1092927,
        "prediction_uncertainty": 0.7535879,
        "exceedance_probability": 0,
        "adaptively_selected": 0
      },
      "geometry": {
        "type": "Point",
        "coordinates": [
          90.5150061,
          23.7397571
        ]
      }
    },
    {
      "type": "Feature",
      "properties": {
        "id": 848,
        "predicted_prevalence": 0.0926508,
        "prediction_uncertainty": 0.7608027,
        "exceedance_probability": 0,
        "adaptively_selected": 0
      },
      "geometry": {
        "type": "Point",
        "coordinates": [
          90.5186531,
          23.7397571
        ]
      }
    },
    {
      "type": "Feature",
      "properties": {
        "id": 849,
        "predicted_prevalence": 0.0687616,
        "prediction_uncertainty": 0.7689973,
        "exceedance_probability": 0,
        "adaptively_selected": 0
      },
      "geometry": {
        "type": "Point",
        "coordinates": [
          90.5223,
          23.7397571
        ]
      }
    },
    {
      "type": "Feature",
      "properties": {
        "id": 850,
        "predicted_prevalence": 0.1919337,
        "prediction_uncertainty": 0.7653098,
        "exceedance_probability": 0,
        "adaptively_selected": 0
      },
      "geometry": {
        "type": "Point",
        "coordinates": [
          90.3436,
          23.7441857
        ]
      }
    },
    {
      "type": "Feature",
      "properties": {
        "id": 851,
        "predicted_prevalence": 0.3112958,
        "prediction_uncertainty": 0.7357208,
        "exceedance_probability": 0,
        "adaptively_selected": 0
      },
      "geometry": {
        "type": "Point",
        "coordinates": [
          90.3472469,
          23.7441857
        ]
      }
    },
    {
      "type": "Feature",
      "properties": {
        "id": 852,
        "predicted_prevalence": 0.4182085,
        "prediction_uncertainty": 0.6714266,
        "exceedance_probability": 1,
        "adaptively_selected": 0
      },
      "geometry": {
        "type": "Point",
        "coordinates": [
          90.3508939,
          23.7441857
        ]
      }
    },
    {
      "type": "Feature",
      "properties": {
        "id": 853,
        "predicted_prevalence": 0.4537221,
        "prediction_uncertainty": 0.5661828,
        "exceedance_probability": 1,
        "adaptively_selected": 0
      },
      "geometry": {
        "type": "Point",
        "coordinates": [
          90.3545408,
          23.7441857
        ]
      }
    },
    {
      "type": "Feature",
      "properties": {
        "id": 854,
        "predicted_prevalence": 0.3837854,
        "prediction_uncertainty": 0.4359437,
        "exceedance_probability": 1,
        "adaptively_selected": 0
      },
      "geometry": {
        "type": "Point",
        "coordinates": [
          90.3581878,
          23.7441857
        ]
      }
    },
    {
      "type": "Feature",
      "properties": {
        "id": 855,
        "predicted_prevalence": 0.247879,
        "prediction_uncertainty": 0.3116072,
        "exceedance_probability": 0,
        "adaptively_selected": 0
      },
      "geometry": {
        "type": "Point",
        "coordinates": [
          90.3618347,
          23.7441857
        ]
      }
    },
    {
      "type": "Feature",
      "properties": {
        "id": 856,
        "predicted_prevalence": 0.1487846,
        "prediction_uncertainty": 0.2128378,
        "exceedance_probability": 0,
        "adaptively_selected": 0
      },
      "geometry": {
        "type": "Point",
        "coordinates": [
          90.3654816,
          23.7441857
        ]
      }
    },
    {
      "type": "Feature",
      "properties": {
        "id": 857,
        "predicted_prevalence": 0.1601227,
        "prediction_uncertainty": 0.1409067,
        "exceedance_probability": 0,
        "adaptively_selected": 0
      },
      "geometry": {
        "type": "Point",
        "coordinates": [
          90.3691286,
          23.7441857
        ]
      }
    },
    {
      "type": "Feature",
      "properties": {
        "id": 858,
        "predicted_prevalence": 0.2365907,
        "prediction_uncertainty": 0.0855655,
        "exceedance_probability": 0,
        "adaptively_selected": 0
      },
      "geometry": {
        "type": "Point",
        "coordinates": [
          90.3727755,
          23.7441857
        ]
      }
    },
    {
      "type": "Feature",
      "properties": {
        "id": 859,
        "predicted_prevalence": 0.2542624,
        "prediction_uncertainty": 0.034814,
        "exceedance_probability": 0,
        "adaptively_selected": 0
      },
      "geometry": {
        "type": "Point",
        "coordinates": [
          90.3764224,
          23.7441857
        ]
      }
    },
    {
      "type": "Feature",
      "properties": {
        "id": 860,
        "predicted_prevalence": 0.1727569,
        "prediction_uncertainty": 0.0440255,
        "exceedance_probability": 0,
        "adaptively_selected": 0
      },
      "geometry": {
        "type": "Point",
        "coordinates": [
          90.3800694,
          23.7441857
        ]
      }
    },
    {
      "type": "Feature",
      "properties": {
        "id": 861,
        "predicted_prevalence": 0.1261501,
        "prediction_uncertainty": 0.0545211,
        "exceedance_probability": 0,
        "adaptively_selected": 0
      },
      "geometry": {
        "type": "Point",
        "coordinates": [
          90.3837163,
          23.7441857
        ]
      }
    },
    {
      "type": "Feature",
      "properties": {
        "id": 862,
        "predicted_prevalence": 0.2892794,
        "prediction_uncertainty": 0.046747,
        "exceedance_probability": 0,
        "adaptively_selected": 0
      },
      "geometry": {
        "type": "Point",
        "coordinates": [
          90.3873633,
          23.7441857
        ]
      }
    },
    {
      "type": "Feature",
      "properties": {
        "id": 863,
        "predicted_prevalence": 0.6469365,
        "prediction_uncertainty": 0.0634084,
        "exceedance_probability": 1,
        "adaptively_selected": 0
      },
      "geometry": {
        "type": "Point",
        "coordinates": [
          90.3910102,
          23.7441857
        ]
      }
    },
    {
      "type": "Feature",
      "properties": {
        "id": 864,
        "predicted_prevalence": 0.9560134,
        "prediction_uncertainty": 0.0558675,
        "exceedance_probability": 1,
        "adaptively_selected": 0
      },
      "geometry": {
        "type": "Point",
        "coordinates": [
          90.3946571,
          23.7441857
        ]
      }
    },
    {
      "type": "Feature",
      "properties": {
        "id": 865,
        "predicted_prevalence": 0.9744901,
        "prediction_uncertainty": 0.0711188,
        "exceedance_probability": 1,
        "adaptively_selected": 0
      },
      "geometry": {
        "type": "Point",
        "coordinates": [
          90.3983041,
          23.7441857
        ]
      }
    },
    {
      "type": "Feature",
      "properties": {
        "id": 866,
        "predicted_prevalence": 0.6965815,
        "prediction_uncertainty": 0.1029585,
        "exceedance_probability": 1,
        "adaptively_selected": 0
      },
      "geometry": {
        "type": "Point",
        "coordinates": [
          90.401951,
          23.7441857
        ]
      }
    },
    {
      "type": "Feature",
      "properties": {
        "id": 867,
        "predicted_prevalence": 0.3303307,
        "prediction_uncertainty": 0.0641323,
        "exceedance_probability": 0,
        "adaptively_selected": 0
      },
      "geometry": {
        "type": "Point",
        "coordinates": [
          90.405598,
          23.7441857
        ]
      }
    },
    {
      "type": "Feature",
      "properties": {
        "id": 868,
        "predicted_prevalence": 0.0775369,
        "prediction_uncertainty": 0.0447234,
        "exceedance_probability": 0,
        "adaptively_selected": 0
      },
      "geometry": {
        "type": "Point",
        "coordinates": [
          90.4092449,
          23.7441857
        ]
      }
    },
    {
      "type": "Feature",
      "properties": {
        "id": 869,
        "predicted_prevalence": -0.0155748,
        "prediction_uncertainty": 0.1708485,
        "exceedance_probability": 0,
        "adaptively_selected": 0
      },
      "geometry": {
        "type": "Point",
        "coordinates": [
          90.4128918,
          23.7441857
        ]
      }
    },
    {
      "type": "Feature",
      "properties": {
        "id": 870,
        "predicted_prevalence": -0.0129215,
        "prediction_uncertainty": 0.277682,
        "exceedance_probability": 0,
        "adaptively_selected": 0
      },
      "geometry": {
        "type": "Point",
        "coordinates": [
          90.4165388,
          23.7441857
        ]
      }
    },
    {
      "type": "Feature",
      "properties": {
        "id": 871,
        "predicted_prevalence": 0.0299742,
        "prediction_uncertainty": 0.3655943,
        "exceedance_probability": 0,
        "adaptively_selected": 0
      },
      "geometry": {
        "type": "Point",
        "coordinates": [
          90.4201857,
          23.7441857
        ]
      }
    },
    {
      "type": "Feature",
      "properties": {
        "id": 872,
        "predicted_prevalence": 0.1056448,
        "prediction_uncertainty": 0.4273782,
        "exceedance_probability": 0,
        "adaptively_selected": 0
      },
      "geometry": {
        "type": "Point",
        "coordinates": [
          90.4238327,
          23.7441857
        ]
      }
    },
    {
      "type": "Feature",
      "properties": {
        "id": 873,
        "predicted_prevalence": 0.2130026,
        "prediction_uncertainty": 0.4288686,
        "exceedance_probability": 0,
        "adaptively_selected": 0
      },
      "geometry": {
        "type": "Point",
        "coordinates": [
          90.4274796,
          23.7441857
        ]
      }
    },
    {
      "type": "Feature",
      "properties": {
        "id": 874,
        "predicted_prevalence": 0.3232376,
        "prediction_uncertainty": 0.3394703,
        "exceedance_probability": 0,
        "adaptively_selected": 0
      },
      "geometry": {
        "type": "Point",
        "coordinates": [
          90.4311265,
          23.7441857
        ]
      }
    },
    {
      "type": "Feature",
      "properties": {
        "id": 875,
        "predicted_prevalence": 0.3946253,
        "prediction_uncertainty": 0.1681921,
        "exceedance_probability": 1,
        "adaptively_selected": 0
      },
      "geometry": {
        "type": "Point",
        "coordinates": [
          90.4347735,
          23.7441857
        ]
      }
    },
    {
      "type": "Feature",
      "properties": {
        "id": 876,
        "predicted_prevalence": 0.4043095,
        "prediction_uncertainty": 0.1500039,
        "exceedance_probability": 1,
        "adaptively_selected": 0
      },
      "geometry": {
        "type": "Point",
        "coordinates": [
          90.4384204,
          23.7441857
        ]
      }
    },
    {
      "type": "Feature",
      "properties": {
        "id": 877,
        "predicted_prevalence": 0.3590545,
        "prediction_uncertainty": 0.3739733,
        "exceedance_probability": 1,
        "adaptively_selected": 0
      },
      "geometry": {
        "type": "Point",
        "coordinates": [
          90.4420673,
          23.7441857
        ]
      }
    },
    {
      "type": "Feature",
      "properties": {
        "id": 878,
        "predicted_prevalence": 0.2830239,
        "prediction_uncertainty": 0.5646004,
        "exceedance_probability": 0,
        "adaptively_selected": 0
      },
      "geometry": {
        "type": "Point",
        "coordinates": [
          90.4457143,
          23.7441857
        ]
      }
    },
    {
      "type": "Feature",
      "properties": {
        "id": 879,
        "predicted_prevalence": 0.2010747,
        "prediction_uncertainty": 0.685318,
        "exceedance_probability": 0,
        "adaptively_selected": 0
      },
      "geometry": {
        "type": "Point",
        "coordinates": [
          90.4493612,
          23.7441857
        ]
      }
    },
    {
      "type": "Feature",
      "properties": {
        "id": 880,
        "predicted_prevalence": 0.1297552,
        "prediction_uncertainty": 0.7454842,
        "exceedance_probability": 0,
        "adaptively_selected": 0
      },
      "geometry": {
        "type": "Point",
        "coordinates": [
          90.4530082,
          23.7441857
        ]
      }
    },
    {
      "type": "Feature",
      "properties": {
        "id": 881,
        "predicted_prevalence": 0.0761907,
        "prediction_uncertainty": 0.7691452,
        "exceedance_probability": 0,
        "adaptively_selected": 0
      },
      "geometry": {
        "type": "Point",
        "coordinates": [
          90.4566551,
          23.7441857
        ]
      }
    },
    {
      "type": "Feature",
      "properties": {
        "id": 882,
        "predicted_prevalence": 0.0406228,
        "prediction_uncertainty": 0.7765506,
        "exceedance_probability": 0,
        "adaptively_selected": 0
      },
      "geometry": {
        "type": "Point",
        "coordinates": [
          90.460302,
          23.7441857
        ]
      }
    },
    {
      "type": "Feature",
      "properties": {
        "id": 883,
        "predicted_prevalence": 0.0195853,
        "prediction_uncertainty": 0.7784381,
        "exceedance_probability": 0,
        "adaptively_selected": 0
      },
      "geometry": {
        "type": "Point",
        "coordinates": [
          90.463949,
          23.7441857
        ]
      }
    },
    {
      "type": "Feature",
      "properties": {
        "id": 884,
        "predicted_prevalence": 0.0084985,
        "prediction_uncertainty": 0.7788415,
        "exceedance_probability": 0,
        "adaptively_selected": 0
      },
      "geometry": {
        "type": "Point",
        "coordinates": [
          90.4675959,
          23.7441857
        ]
      }
    },
    {
      "type": "Feature",
      "properties": {
        "id": 885,
        "predicted_prevalence": 0.0033114,
        "prediction_uncertainty": 0.7789149,
        "exceedance_probability": 0,
        "adaptively_selected": 0
      },
      "geometry": {
        "type": "Point",
        "coordinates": [
          90.4712429,
          23.7441857
        ]
      }
    },
    {
      "type": "Feature",
      "properties": {
        "id": 886,
        "predicted_prevalence": 0.0011886,
        "prediction_uncertainty": 0.7789262,
        "exceedance_probability": 0,
        "adaptively_selected": 0
      },
      "geometry": {
        "type": "Point",
        "coordinates": [
          90.4748898,
          23.7441857
        ]
      }
    },
    {
      "type": "Feature",
      "properties": {
        "id": 887,
        "predicted_prevalence": 0.0005182,
        "prediction_uncertainty": 0.7789276,
        "exceedance_probability": 0,
        "adaptively_selected": 0
      },
      "geometry": {
        "type": "Point",
        "coordinates": [
          90.4785367,
          23.7441857
        ]
      }
    },
    {
      "type": "Feature",
      "properties": {
        "id": 888,
        "predicted_prevalence": 0.00063,
        "prediction_uncertainty": 0.7789272,
        "exceedance_probability": 0,
        "adaptively_selected": 0
      },
      "geometry": {
        "type": "Point",
        "coordinates": [
          90.4821837,
          23.7441857
        ]
      }
    },
    {
      "type": "Feature",
      "properties": {
        "id": 889,
        "predicted_prevalence": 0.0015224,
        "prediction_uncertainty": 0.7789231,
        "exceedance_probability": 0,
        "adaptively_selected": 0
      },
      "geometry": {
        "type": "Point",
        "coordinates": [
          90.4858306,
          23.7441857
        ]
      }
    },
    {
      "type": "Feature",
      "properties": {
        "id": 890,
        "predicted_prevalence": 0.0036884,
        "prediction_uncertainty": 0.7788995,
        "exceedance_probability": 0,
        "adaptively_selected": 0
      },
      "geometry": {
        "type": "Point",
        "coordinates": [
          90.4894776,
          23.7441857
        ]
      }
    },
    {
      "type": "Feature",
      "properties": {
        "id": 891,
        "predicted_prevalence": 0.0079233,
        "prediction_uncertainty": 0.7787968,
        "exceedance_probability": 0,
        "adaptively_selected": 0
      },
      "geometry": {
        "type": "Point",
        "coordinates": [
          90.4931245,
          23.7441857
        ]
      }
    },
    {
      "type": "Feature",
      "properties": {
        "id": 892,
        "predicted_prevalence": 0.0149173,
        "prediction_uncertainty": 0.7784633,
        "exceedance_probability": 0,
        "adaptively_selected": 0
      },
      "geometry": {
        "type": "Point",
        "coordinates": [
          90.4967714,
          23.7441857
        ]
      }
    },
    {
      "type": "Feature",
      "properties": {
        "id": 893,
        "predicted_prevalence": 0.0245898,
        "prediction_uncertainty": 0.7776649,
        "exceedance_probability": 0,
        "adaptively_selected": 0
      },
      "geometry": {
        "type": "Point",
        "coordinates": [
          90.5004184,
          23.7441857
        ]
      }
    },
    {
      "type": "Feature",
      "properties": {
        "id": 894,
        "predicted_prevalence": 0.0354862,
        "prediction_uncertainty": 0.7762954,
        "exceedance_probability": 0,
        "adaptively_selected": 0
      },
      "geometry": {
        "type": "Point",
        "coordinates": [
          90.5040653,
          23.7441857
        ]
      }
    },
    {
      "type": "Feature",
      "properties": {
        "id": 895,
        "predicted_prevalence": 0.0448336,
        "prediction_uncertainty": 0.7747217,
        "exceedance_probability": 0,
        "adaptively_selected": 0
      },
      "geometry": {
        "type": "Point",
        "coordinates": [
          90.5077122,
          23.7441857
        ]
      }
    },
    {
      "type": "Feature",
      "properties": {
        "id": 896,
        "predicted_prevalence": 0.0495891,
        "prediction_uncertainty": 0.773779,
        "exceedance_probability": 0,
        "adaptively_selected": 0
      },
      "geometry": {
        "type": "Point",
        "coordinates": [
          90.5113592,
          23.7441857
        ]
      }
    },
    {
      "type": "Feature",
      "properties": {
        "id": 897,
        "predicted_prevalence": 0.0480182,
        "prediction_uncertainty": 0.774101,
        "exceedance_probability": 0,
        "adaptively_selected": 0
      },
      "geometry": {
        "type": "Point",
        "coordinates": [
          90.5150061,
          23.7441857
        ]
      }
    },
    {
      "type": "Feature",
      "properties": {
        "id": 898,
        "predicted_prevalence": 0.0407066,
        "prediction_uncertainty": 0.7754621,
        "exceedance_probability": 0,
        "adaptively_selected": 0
      },
      "geometry": {
        "type": "Point",
        "coordinates": [
          90.5186531,
          23.7441857
        ]
      }
    },
    {
      "type": "Feature",
      "properties": {
        "id": 899,
        "predicted_prevalence": 0.0302107,
        "prediction_uncertainty": 0.7770208,
        "exceedance_probability": 0,
        "adaptively_selected": 0
      },
      "geometry": {
        "type": "Point",
        "coordinates": [
          90.5223,
          23.7441857
        ]
      }
    },
    {
      "type": "Feature",
      "properties": {
        "id": 900,
        "predicted_prevalence": 0.2303177,
        "prediction_uncertainty": 0.7562351,
        "exceedance_probability": 0,
        "adaptively_selected": 0
      },
      "geometry": {
        "type": "Point",
        "coordinates": [
          90.3436,
          23.7486143
        ]
      }
    },
    {
      "type": "Feature",
      "properties": {
        "id": 901,
        "predicted_prevalence": 0.3776327,
        "prediction_uncertainty": 0.7136479,
        "exceedance_probability": 1,
        "adaptively_selected": 0
      },
      "geometry": {
        "type": "Point",
        "coordinates": [
          90.3472469,
          23.7486143
        ]
      }
    },
    {
      "type": "Feature",
      "properties": {
        "id": 902,
        "predicted_prevalence": 0.5119167,
        "prediction_uncertainty": 0.6265053,
        "exceedance_probability": 1,
        "adaptively_selected": 0
      },
      "geometry": {
        "type": "Point",
        "coordinates": [
          90.3508939,
          23.7486143
        ]
      }
    },
    {
      "type": "Feature",
      "properties": {
        "id": 903,
        "predicted_prevalence": 0.5571881,
        "prediction_uncertainty": 0.4918791,
        "exceedance_probability": 1,
        "adaptively_selected": 0
      },
      "geometry": {
        "type": "Point",
        "coordinates": [
          90.3545408,
          23.7486143
        ]
      }
    },
    {
      "type": "Feature",
      "properties": {
        "id": 904,
        "predicted_prevalence": 0.4606743,
        "prediction_uncertainty": 0.3416203,
        "exceedance_probability": 1,
        "adaptively_selected": 0
      },
      "geometry": {
        "type": "Point",
        "coordinates": [
          90.3581878,
          23.7486143
        ]
      }
    },
    {
      "type": "Feature",
      "properties": {
        "id": 905,
        "predicted_prevalence": 0.2557081,
        "prediction_uncertainty": 0.2269967,
        "exceedance_probability": 0,
        "adaptively_selected": 0
      },
      "geometry": {
        "type": "Point",
        "coordinates": [
          90.3618347,
          23.7486143
        ]
      }
    },
    {
      "type": "Feature",
      "properties": {
        "id": 906,
        "predicted_prevalence": 0.0647074,
        "prediction_uncertainty": 0.1503012,
        "exceedance_probability": 0,
        "adaptively_selected": 0
      },
      "geometry": {
        "type": "Point",
        "coordinates": [
          90.3654816,
          23.7486143
        ]
      }
    },
    {
      "type": "Feature",
      "properties": {
        "id": 907,
        "predicted_prevalence": 0.0050521,
        "prediction_uncertainty": 0.0832304,
        "exceedance_probability": 0,
        "adaptively_selected": 0
      },
      "geometry": {
        "type": "Point",
        "coordinates": [
          90.3691286,
          23.7486143
        ]
      }
    },
    {
      "type": "Feature",
      "properties": {
        "id": 908,
        "predicted_prevalence": 0.0749536,
        "prediction_uncertainty": 0.0816319,
        "exceedance_probability": 0,
        "adaptively_selected": 0
      },
      "geometry": {
        "type": "Point",
        "coordinates": [
          90.3727755,
          23.7486143
        ]
      }
    },
    {
      "type": "Feature",
      "properties": {
        "id": 909,
        "predicted_prevalence": 0.157613,
        "prediction_uncertainty": 0.0948999,
        "exceedance_probability": 0,
        "adaptively_selected": 0
      },
      "geometry": {
        "type": "Point",
        "coordinates": [
          90.3764224,
          23.7486143
        ]
      }
    },
    {
      "type": "Feature",
      "properties": {
        "id": 910,
        "predicted_prevalence": 0.1653464,
        "prediction_uncertainty": 0.0531998,
        "exceedance_probability": 0,
        "adaptively_selected": 0
      },
      "geometry": {
        "type": "Point",
        "coordinates": [
          90.3800694,
          23.7486143
        ]
      }
    },
    {
      "type": "Feature",
      "properties": {
        "id": 911,
        "predicted_prevalence": 0.1564791,
        "prediction_uncertainty": 0.0517462,
        "exceedance_probability": 0,
        "adaptively_selected": 0
      },
      "geometry": {
        "type": "Point",
        "coordinates": [
          90.3837163,
          23.7486143
        ]
      }
    },
    {
      "type": "Feature",
      "properties": {
        "id": 912,
        "predicted_prevalence": 0.2611634,
        "prediction_uncertainty": 0.1232077,
        "exceedance_probability": 0,
        "adaptively_selected": 0
      },
      "geometry": {
        "type": "Point",
        "coordinates": [
          90.3873633,
          23.7486143
        ]
      }
    },
    {
      "type": "Feature",
      "properties": {
        "id": 913,
        "predicted_prevalence": 0.4928964,
        "prediction_uncertainty": 0.1446488,
        "exceedance_probability": 1,
        "adaptively_selected": 0
      },
      "geometry": {
        "type": "Point",
        "coordinates": [
          90.3910102,
          23.7486143
        ]
      }
    },
    {
      "type": "Feature",
      "properties": {
        "id": 914,
        "predicted_prevalence": 0.6905742,
        "prediction_uncertainty": 0.1006331,
        "exceedance_probability": 1,
        "adaptively_selected": 0
      },
      "geometry": {
        "type": "Point",
        "coordinates": [
          90.3946571,
          23.7486143
        ]
      }
    },
    {
      "type": "Feature",
      "properties": {
        "id": 915,
        "predicted_prevalence": 0.6792495,
        "prediction_uncertainty": 0.0712804,
        "exceedance_probability": 1,
        "adaptively_selected": 0
      },
      "geometry": {
        "type": "Point",
        "coordinates": [
          90.3983041,
          23.7486143
        ]
      }
    },
    {
      "type": "Feature",
      "properties": {
        "id": 916,
        "predicted_prevalence": 0.4552261,
        "prediction_uncertainty": 0.0963623,
        "exceedance_probability": 1,
        "adaptively_selected": 0
      },
      "geometry": {
        "type": "Point",
        "coordinates": [
          90.401951,
          23.7486143
        ]
      }
    },
    {
      "type": "Feature",
      "properties": {
        "id": 917,
        "predicted_prevalence": 0.1780909,
        "prediction_uncertainty": 0.0539614,
        "exceedance_probability": 0,
        "adaptively_selected": 0
      },
      "geometry": {
        "type": "Point",
        "coordinates": [
          90.405598,
          23.7486143
        ]
      }
    },
    {
      "type": "Feature",
      "properties": {
        "id": 918,
        "predicted_prevalence": 0.00453,
        "prediction_uncertainty": 0.0984166,
        "exceedance_probability": 0,
        "adaptively_selected": 0
      },
      "geometry": {
        "type": "Point",
        "coordinates": [
          90.4092449,
          23.7486143
        ]
      }
    },
    {
      "type": "Feature",
      "properties": {
        "id": 919,
        "predicted_prevalence": -0.029115,
        "prediction_uncertainty": 0.2411471,
        "exceedance_probability": 0,
        "adaptively_selected": 0
      },
      "geometry": {
        "type": "Point",
        "coordinates": [
          90.4128918,
          23.7486143
        ]
      }
    },
    {
      "type": "Feature",
      "properties": {
        "id": 920,
        "predicted_prevalence": 0.0243974,
        "prediction_uncertainty": 0.335405,
        "exceedance_probability": 0,
        "adaptively_selected": 0
      },
      "geometry": {
        "type": "Point",
        "coordinates": [
          90.4165388,
          23.7486143
        ]
      }
    },
    {
      "type": "Feature",
      "properties": {
        "id": 921,
        "predicted_prevalence": 0.1127088,
        "prediction_uncertainty": 0.3618631,
        "exceedance_probability": 0,
        "adaptively_selected": 0
      },
      "geometry": {
        "type": "Point",
        "coordinates": [
          90.4201857,
          23.7486143
        ]
      }
    },
    {
      "type": "Feature",
      "properties": {
        "id": 922,
        "predicted_prevalence": 0.216564,
        "prediction_uncertainty": 0.3514116,
        "exceedance_probability": 0,
        "adaptively_selected": 0
      },
      "geometry": {
        "type": "Point",
        "coordinates": [
          90.4238327,
          23.7486143
        ]
      }
    },
    {
      "type": "Feature",
      "properties": {
        "id": 923,
        "predicted_prevalence": 0.3234252,
        "prediction_uncertainty": 0.3292057,
        "exceedance_probability": 0,
        "adaptively_selected": 0
      },
      "geometry": {
        "type": "Point",
        "coordinates": [
          90.4274796,
          23.7486143
        ]
      }
    },
    {
      "type": "Feature",
      "properties": {
        "id": 924,
        "predicted_prevalence": 0.406695,
        "prediction_uncertainty": 0.2780948,
        "exceedance_probability": 1,
        "adaptively_selected": 0
      },
      "geometry": {
        "type": "Point",
        "coordinates": [
          90.4311265,
          23.7486143
        ]
      }
    },
    {
      "type": "Feature",
      "properties": {
        "id": 925,
        "predicted_prevalence": 0.4383838,
        "prediction_uncertainty": 0.2064371,
        "exceedance_probability": 1,
        "adaptively_selected": 0
      },
      "geometry": {
        "type": "Point",
        "coordinates": [
          90.4347735,
          23.7486143
        ]
      }
    },
    {
      "type": "Feature",
      "properties": {
        "id": 926,
        "predicted_prevalence": 0.4104001,
        "prediction_uncertainty": 0.2552108,
        "exceedance_probability": 1,
        "adaptively_selected": 0
      },
      "geometry": {
        "type": "Point",
        "coordinates": [
          90.4384204,
          23.7486143
        ]
      }
    },
    {
      "type": "Feature",
      "properties": {
        "id": 927,
        "predicted_prevalence": 0.3382552,
        "prediction_uncertainty": 0.4267463,
        "exceedance_probability": 0,
        "adaptively_selected": 0
      },
      "geometry": {
        "type": "Point",
        "coordinates": [
          90.4420673,
          23.7486143
        ]
      }
    },
    {
      "type": "Feature",
      "properties": {
        "id": 928,
        "predicted_prevalence": 0.2483756,
        "prediction_uncertainty": 0.5897419,
        "exceedance_probability": 0,
        "adaptively_selected": 0
      },
      "geometry": {
        "type": "Point",
        "coordinates": [
          90.4457143,
          23.7486143
        ]
      }
    },
    {
      "type": "Feature",
      "properties": {
        "id": 929,
        "predicted_prevalence": 0.1638533,
        "prediction_uncertainty": 0.697054,
        "exceedance_probability": 0,
        "adaptively_selected": 0
      },
      "geometry": {
        "type": "Point",
        "coordinates": [
          90.4493612,
          23.7486143
        ]
      }
    },
    {
      "type": "Feature",
      "properties": {
        "id": 930,
        "predicted_prevalence": 0.0975884,
        "prediction_uncertainty": 0.7507657,
        "exceedance_probability": 0,
        "adaptively_selected": 0
      },
      "geometry": {
        "type": "Point",
        "coordinates": [
          90.4530082,
          23.7486143
        ]
      }
    },
    {
      "type": "Feature",
      "properties": {
        "id": 931,
        "predicted_prevalence": 0.0525873,
        "prediction_uncertainty": 0.7713292,
        "exceedance_probability": 0,
        "adaptively_selected": 0
      },
      "geometry": {
        "type": "Point",
        "coordinates": [
          90.4566551,
          23.7486143
        ]
      }
    },
    {
      "type": "Feature",
      "properties": {
        "id": 932,
        "predicted_prevalence": 0.0256527,
        "prediction_uncertainty": 0.7773267,
        "exceedance_probability": 0,
        "adaptively_selected": 0
      },
      "geometry": {
        "type": "Point",
        "coordinates": [
          90.460302,
          23.7486143
        ]
      }
    },
    {
      "type": "Feature",
      "properties": {
        "id": 933,
        "predicted_prevalence": 0.0113237,
        "prediction_uncertainty": 0.7786624,
        "exceedance_probability": 0,
        "adaptively_selected": 0
      },
      "geometry": {
        "type": "Point",
        "coordinates": [
          90.463949,
          23.7486143
        ]
      }
    },
    {
      "type": "Feature",
      "properties": {
        "id": 934,
        "predicted_prevalence": 0.0045192,
        "prediction_uncertainty": 0.7788926,
        "exceedance_probability": 0,
        "adaptively_selected": 1
      },
      "geometry": {
        "type": "Point",
        "coordinates": [
          90.4675959,
          23.7486143
        ]
      }
    },
    {
      "type": "Feature",
      "properties": {
        "id": 935,
        "predicted_prevalence": 0.0016309,
        "prediction_uncertainty": 0.7789239,
        "exceedance_probability": 0,
        "adaptively_selected": 0
      },
      "geometry": {
        "type": "Point",
        "coordinates": [
          90.4712429,
          23.7486143
        ]
      }
    },
    {
      "type": "Feature",
      "properties": {
        "id": 936,
        "predicted_prevalence": 0.0005439,
        "prediction_uncertainty": 0.7789274,
        "exceedance_probability": 0,
        "adaptively_selected": 0
      },
      "geometry": {
        "type": "Point",
        "coordinates": [
          90.4748898,
          23.7486143
        ]
      }
    },
    {
      "type": "Feature",
      "properties": {
        "id": 937,
        "predicted_prevalence": 0.0002137,
        "prediction_uncertainty": 0.7789278,
        "exceedance_probability": 0,
        "adaptively_selected": 0
      },
      "geometry": {
        "type": "Point",
        "coordinates": [
          90.4785367,
          23.7486143
        ]
      }
    },
    {
      "type": "Feature",
      "properties": {
        "id": 938,
        "predicted_prevalence": 0.0002329,
        "prediction_uncertainty": 0.7789277,
        "exceedance_probability": 0,
        "adaptively_selected": 0
      },
      "geometry": {
        "type": "Point",
        "coordinates": [
          90.4821837,
          23.7486143
        ]
      }
    },
    {
      "type": "Feature",
      "properties": {
        "id": 939,
        "predicted_prevalence": 0.0005507,
        "prediction_uncertainty": 0.7789272,
        "exceedance_probability": 0,
        "adaptively_selected": 0
      },
      "geometry": {
        "type": "Point",
        "coordinates": [
          90.4858306,
          23.7486143
        ]
      }
    },
    {
      "type": "Feature",
      "properties": {
        "id": 940,
        "predicted_prevalence": 0.0013321,
        "prediction_uncertainty": 0.7789241,
        "exceedance_probability": 0,
        "adaptively_selected": 0
      },
      "geometry": {
        "type": "Point",
        "coordinates": [
          90.4894776,
          23.7486143
        ]
      }
    },
    {
      "type": "Feature",
      "properties": {
        "id": 941,
        "predicted_prevalence": 0.0028612,
        "prediction_uncertainty": 0.7789107,
        "exceedance_probability": 0,
        "adaptively_selected": 0
      },
      "geometry": {
        "type": "Point",
        "coordinates": [
          90.4931245,
          23.7486143
        ]
      }
    },
    {
      "type": "Feature",
      "properties": {
        "id": 942,
        "predicted_prevalence": 0.0053868,
        "prediction_uncertainty": 0.7788672,
        "exceedance_probability": 0,
        "adaptively_selected": 1
      },
      "geometry": {
        "type": "Point",
        "coordinates": [
          90.4967714,
          23.7486143
        ]
      }
    },
    {
      "type": "Feature",
      "properties": {
        "id": 943,
        "predicted_prevalence": 0.0088796,
        "prediction_uncertainty": 0.7787632,
        "exceedance_probability": 0,
        "adaptively_selected": 0
      },
      "geometry": {
        "type": "Point",
        "coordinates": [
          90.5004184,
          23.7486143
        ]
      }
    },
    {
      "type": "Feature",
      "properties": {
        "id": 944,
        "predicted_prevalence": 0.0128145,
        "prediction_uncertainty": 0.778585,
        "exceedance_probability": 0,
        "adaptively_selected": 0
      },
      "geometry": {
        "type": "Point",
        "coordinates": [
          90.5040653,
          23.7486143
        ]
      }
    },
    {
      "type": "Feature",
      "properties": {
        "id": 945,
        "predicted_prevalence": 0.0161899,
        "prediction_uncertainty": 0.7783806,
        "exceedance_probability": 0,
        "adaptively_selected": 0
      },
      "geometry": {
        "type": "Point",
        "coordinates": [
          90.5077122,
          23.7486143
        ]
      }
    },
    {
      "type": "Feature",
      "properties": {
        "id": 946,
        "predicted_prevalence": 0.0179071,
        "prediction_uncertainty": 0.7782583,
        "exceedance_probability": 0,
        "adaptively_selected": 0
      },
      "geometry": {
        "type": "Point",
        "coordinates": [
          90.5113592,
          23.7486143
        ]
      }
    },
    {
      "type": "Feature",
      "properties": {
        "id": 947,
        "predicted_prevalence": 0.0173399,
        "prediction_uncertainty": 0.7783001,
        "exceedance_probability": 0,
        "adaptively_selected": 0
      },
      "geometry": {
        "type": "Point",
        "coordinates": [
          90.5150061,
          23.7486143
        ]
      }
    },
    {
      "type": "Feature",
      "properties": {
        "id": 948,
        "predicted_prevalence": 0.0146996,
        "prediction_uncertainty": 0.7784767,
        "exceedance_probability": 0,
        "adaptively_selected": 0
      },
      "geometry": {
        "type": "Point",
        "coordinates": [
          90.5186531,
          23.7486143
        ]
      }
    },
    {
      "type": "Feature",
      "properties": {
        "id": 949,
        "predicted_prevalence": 0.0109094,
        "prediction_uncertainty": 0.7786794,
        "exceedance_probability": 0,
        "adaptively_selected": 0
      },
      "geometry": {
        "type": "Point",
        "coordinates": [
          90.5223,
          23.7486143
        ]
      }
    },
    {
      "type": "Feature",
      "properties": {
        "id": 950,
        "predicted_prevalence": 0.2346969,
        "prediction_uncertainty": 0.7366731,
        "exceedance_probability": 0,
        "adaptively_selected": 0
      },
      "geometry": {
        "type": "Point",
        "coordinates": [
          90.3436,
          23.7530429
        ]
      }
    },
    {
      "type": "Feature",
      "properties": {
        "id": 951,
        "predicted_prevalence": 0.395531,
        "prediction_uncertainty": 0.6764755,
        "exceedance_probability": 1,
        "adaptively_selected": 0
      },
      "geometry": {
        "type": "Point",
        "coordinates": [
          90.3472469,
          23.7530429
        ]
      }
    },
    {
      "type": "Feature",
      "properties": {
        "id": 952,
        "predicted_prevalence": 0.5534077,
        "prediction_uncertainty": 0.5639928,
        "exceedance_probability": 1,
        "adaptively_selected": 0
      },
      "geometry": {
        "type": "Point",
        "coordinates": [
          90.3508939,
          23.7530429
        ]
      }
    },
    {
      "type": "Feature",
      "properties": {
        "id": 953,
        "predicted_prevalence": 0.6289165,
        "prediction_uncertainty": 0.390939,
        "exceedance_probability": 1,
        "adaptively_selected": 0
      },
      "geometry": {
        "type": "Point",
        "coordinates": [
          90.3545408,
          23.7530429
        ]
      }
    },
    {
      "type": "Feature",
      "properties": {
        "id": 954,
        "predicted_prevalence": 0.5573425,
        "prediction_uncertainty": 0.179149,
        "exceedance_probability": 1,
        "adaptively_selected": 0
      },
      "geometry": {
        "type": "Point",
        "coordinates": [
          90.3581878,
          23.7530429
        ]
      }
    },
    {
      "type": "Feature",
      "properties": {
        "id": 955,
        "predicted_prevalence": 0.355194,
        "prediction_uncertainty": 0.0284682,
        "exceedance_probability": 1,
        "adaptively_selected": 0
      },
      "geometry": {
        "type": "Point",
        "coordinates": [
          90.3618347,
          23.7530429
        ]
      }
    },
    {
      "type": "Feature",
      "properties": {
        "id": 956,
        "predicted_prevalence": 0.136946,
        "prediction_uncertainty": 0.1650332,
        "exceedance_probability": 0,
        "adaptively_selected": 0
      },
      "geometry": {
        "type": "Point",
        "coordinates": [
          90.3654816,
          23.7530429
        ]
      }
    },
    {
      "type": "Feature",
      "properties": {
        "id": 957,
        "predicted_prevalence": 0.0361702,
        "prediction_uncertainty": 0.2417106,
        "exceedance_probability": 0,
        "adaptively_selected": 0
      },
      "geometry": {
        "type": "Point",
        "coordinates": [
          90.3691286,
          23.7530429
        ]
      }
    },
    {
      "type": "Feature",
      "properties": {
        "id": 958,
        "predicted_prevalence": 0.0863865,
        "prediction_uncertainty": 0.2666513,
        "exceedance_probability": 0,
        "adaptively_selected": 0
      },
      "geometry": {
        "type": "Point",
        "coordinates": [
          90.3727755,
          23.7530429
        ]
      }
    },
    {
      "type": "Feature",
      "properties": {
        "id": 959,
        "predicted_prevalence": 0.1882849,
        "prediction_uncertainty": 0.2273045,
        "exceedance_probability": 0,
        "adaptively_selected": 0
      },
      "geometry": {
        "type": "Point",
        "coordinates": [
          90.3764224,
          23.7530429
        ]
      }
    },
    {
      "type": "Feature",
      "properties": {
        "id": 960,
        "predicted_prevalence": 0.2138053,
        "prediction_uncertainty": 0.1138888,
        "exceedance_probability": 0,
        "adaptively_selected": 0
      },
      "geometry": {
        "type": "Point",
        "coordinates": [
          90.3800694,
          23.7530429
        ]
      }
    },
    {
      "type": "Feature",
      "properties": {
        "id": 961,
        "predicted_prevalence": 0.1364711,
        "prediction_uncertainty": 0.0415997,
        "exceedance_probability": 0,
        "adaptively_selected": 0
      },
      "geometry": {
        "type": "Point",
        "coordinates": [
          90.3837163,
          23.7530429
        ]
      }
    },
    {
      "type": "Feature",
      "properties": {
        "id": 962,
        "predicted_prevalence": 0.0394774,
        "prediction_uncertainty": 0.1550332,
        "exceedance_probability": 0,
        "adaptively_selected": 0
      },
      "geometry": {
        "type": "Point",
        "coordinates": [
          90.3873633,
          23.7530429
        ]
      }
    },
    {
      "type": "Feature",
      "properties": {
        "id": 963,
        "predicted_prevalence": 0.0055925,
        "prediction_uncertainty": 0.1769526,
        "exceedance_probability": 0,
        "adaptively_selected": 0
      },
      "geometry": {
        "type": "Point",
        "coordinates": [
          90.3910102,
          23.7530429
        ]
      }
    },
    {
      "type": "Feature",
      "properties": {
        "id": 964,
        "predicted_prevalence": 0.0353594,
        "prediction_uncertainty": 0.1018787,
        "exceedance_probability": 0,
        "adaptively_selected": 0
      },
      "geometry": {
        "type": "Point",
        "coordinates": [
          90.3946571,
          23.7530429
        ]
      }
    },
    {
      "type": "Feature",
      "properties": {
        "id": 965,
        "predicted_prevalence": 0.0803095,
        "prediction_uncertainty": 0.0263508,
        "exceedance_probability": 0,
        "adaptively_selected": 0
      },
      "geometry": {
        "type": "Point",
        "coordinates": [
          90.3983041,
          23.7530429
        ]
      }
    },
    {
      "type": "Feature",
      "properties": {
        "id": 966,
        "predicted_prevalence": 0.1164004,
        "prediction_uncertainty": 0.0793914,
        "exceedance_probability": 0,
        "adaptively_selected": 0
      },
      "geometry": {
        "type": "Point",
        "coordinates": [
          90.401951,
          23.7530429
        ]
      }
    },
    {
      "type": "Feature",
      "properties": {
        "id": 967,
        "predicted_prevalence": 0.1534029,
        "prediction_uncertainty": 0.0337441,
        "exceedance_probability": 0,
        "adaptively_selected": 0
      },
      "geometry": {
        "type": "Point",
        "coordinates": [
          90.405598,
          23.7530429
        ]
      }
    },
    {
      "type": "Feature",
      "properties": {
        "id": 968,
        "predicted_prevalence": 0.1931614,
        "prediction_uncertainty": 0.1008655,
        "exceedance_probability": 0,
        "adaptively_selected": 0
      },
      "geometry": {
        "type": "Point",
        "coordinates": [
          90.4092449,
          23.7530429
        ]
      }
    },
    {
      "type": "Feature",
      "properties": {
        "id": 969,
        "predicted_prevalence": 0.2179526,
        "prediction_uncertainty": 0.2413369,
        "exceedance_probability": 0,
        "adaptively_selected": 1
      },
      "geometry": {
        "type": "Point",
        "coordinates": [
          90.4128918,
          23.7530429
        ]
      }
    },
    {
      "type": "Feature",
      "properties": {
        "id": 970,
        "predicted_prevalence": 0.2233021,
        "prediction_uncertainty": 0.3062772,
        "exceedance_probability": 0,
        "adaptively_selected": 0
      },
      "geometry": {
        "type": "Point",
        "coordinates": [
          90.4165388,
          23.7530429
        ]
      }
    },
    {
      "type": "Feature",
      "properties": {
        "id": 971,
        "predicted_prevalence": 0.2351238,
        "prediction_uncertainty": 0.2635945,
        "exceedance_probability": 0,
        "adaptively_selected": 0
      },
      "geometry": {
        "type": "Point",
        "coordinates": [
          90.4201857,
          23.7530429
        ]
      }
    },
    {
      "type": "Feature",
      "properties": {
        "id": 972,
        "predicted_prevalence": 0.2804323,
        "prediction_uncertainty": 0.1667241,
        "exceedance_probability": 0,
        "adaptively_selected": 0
      },
      "geometry": {
        "type": "Point",
        "coordinates": [
          90.4238327,
          23.7530429
        ]
      }
    },
    {
      "type": "Feature",
      "properties": {
        "id": 973,
        "predicted_prevalence": 0.3518074,
        "prediction_uncertainty": 0.1945753,
        "exceedance_probability": 1,
        "adaptively_selected": 0
      },
      "geometry": {
        "type": "Point",
        "coordinates": [
          90.4274796,
          23.7530429
        ]
      }
    },
    {
      "type": "Feature",
      "properties": {
        "id": 974,
        "predicted_prevalence": 0.4107524,
        "prediction_uncertainty": 0.3166545,
        "exceedance_probability": 1,
        "adaptively_selected": 0
      },
      "geometry": {
        "type": "Point",
        "coordinates": [
          90.4311265,
          23.7530429
        ]
      }
    },
    {
      "type": "Feature",
      "properties": {
        "id": 975,
        "predicted_prevalence": 0.4216566,
        "prediction_uncertainty": 0.4146056,
        "exceedance_probability": 1,
        "adaptively_selected": 0
      },
      "geometry": {
        "type": "Point",
        "coordinates": [
          90.4347735,
          23.7530429
        ]
      }
    },
    {
      "type": "Feature",
      "properties": {
        "id": 976,
        "predicted_prevalence": 0.3772682,
        "prediction_uncertainty": 0.4953173,
        "exceedance_probability": 1,
        "adaptively_selected": 0
      },
      "geometry": {
        "type": "Point",
        "coordinates": [
          90.4384204,
          23.7530429
        ]
      }
    },
    {
      "type": "Feature",
      "properties": {
        "id": 977,
        "predicted_prevalence": 0.2966078,
        "prediction_uncertainty": 0.5833061,
        "exceedance_probability": 0,
        "adaptively_selected": 0
      },
      "geometry": {
        "type": "Point",
        "coordinates": [
          90.4420673,
          23.7530429
        ]
      }
    },
    {
      "type": "Feature",
      "properties": {
        "id": 978,
        "predicted_prevalence": 0.2070759,
        "prediction_uncertainty": 0.6685954,
        "exceedance_probability": 0,
        "adaptively_selected": 0
      },
      "geometry": {
        "type": "Point",
        "coordinates": [
          90.4457143,
          23.7530429
        ]
      }
    },
    {
      "type": "Feature",
      "properties": {
        "id": 979,
        "predicted_prevalence": 0.1293951,
        "prediction_uncertainty": 0.7296283,
        "exceedance_probability": 0,
        "adaptively_selected": 0
      },
      "geometry": {
        "type": "Point",
        "coordinates": [
          90.4493612,
          23.7530429
        ]
      }
    },
    {
      "type": "Feature",
      "properties": {
        "id": 980,
        "predicted_prevalence": 0.0726743,
        "prediction_uncertainty": 0.761736,
        "exceedance_probability": 0,
        "adaptively_selected": 0
      },
      "geometry": {
        "type": "Point",
        "coordinates": [
          90.4530082,
          23.7530429
        ]
      }
    },
    {
      "type": "Feature",
      "properties": {
        "id": 981,
        "predicted_prevalence": 0.0367363,
        "prediction_uncertainty": 0.7742981,
        "exceedance_probability": 0,
        "adaptively_selected": 0
      },
      "geometry": {
        "type": "Point",
        "coordinates": [
          90.4566551,
          23.7530429
        ]
      }
    },
    {
      "type": "Feature",
      "properties": {
        "id": 982,
        "predicted_prevalence": 0.0167106,
        "prediction_uncertainty": 0.7779707,
        "exceedance_probability": 0,
        "adaptively_selected": 0
      },
      "geometry": {
        "type": "Point",
        "coordinates": [
          90.460302,
          23.7530429
        ]
      }
    },
    {
      "type": "Feature",
      "properties": {
        "id": 983,
        "predicted_prevalence": 0.0068372,
        "prediction_uncertainty": 0.778776,
        "exceedance_probability": 0,
        "adaptively_selected": 0
      },
      "geometry": {
        "type": "Point",
        "coordinates": [
          90.463949,
          23.7530429
        ]
      }
    },
    {
      "type": "Feature",
      "properties": {
        "id": 984,
        "predicted_prevalence": 0.0025164,
        "prediction_uncertainty": 0.7789093,
        "exceedance_probability": 0,
        "adaptively_selected": 0
      },
      "geometry": {
        "type": "Point",
        "coordinates": [
          90.4675959,
          23.7530429
        ]
      }
    },
    {
      "type": "Feature",
      "properties": {
        "id": 985,
        "predicted_prevalence": 0.0008344,
        "prediction_uncertainty": 0.778926,
        "exceedance_probability": 0,
        "adaptively_selected": 0
      },
      "geometry": {
        "type": "Point",
        "coordinates": [
          90.4712429,
          23.7530429
        ]
      }
    },
    {
      "type": "Feature",
      "properties": {
        "id": 986,
        "predicted_prevalence": 0.0002533,
        "prediction_uncertainty": 0.7789277,
        "exceedance_probability": 0,
        "adaptively_selected": 0
      },
      "geometry": {
        "type": "Point",
        "coordinates": [
          90.4748898,
          23.7530429
        ]
      }
    },
    {
      "type": "Feature",
      "properties": {
        "id": 987,
        "predicted_prevalence": 8.46e-05,
        "prediction_uncertainty": 0.7789278,
        "exceedance_probability": 0,
        "adaptively_selected": 0
      },
      "geometry": {
        "type": "Point",
        "coordinates": [
          90.4785367,
          23.7530429
        ]
      }
    },
    {
      "type": "Feature",
      "properties": {
        "id": 988,
        "predicted_prevalence": 7.34e-05,
        "prediction_uncertainty": 0.7789278,
        "exceedance_probability": 0,
        "adaptively_selected": 0
      },
      "geometry": {
        "type": "Point",
        "coordinates": [
          90.4821837,
          23.7530429
        ]
      }
    },
    {
      "type": "Feature",
      "properties": {
        "id": 989,
        "predicted_prevalence": 0.0001642,
        "prediction_uncertainty": 0.7789277,
        "exceedance_probability": 0,
        "adaptively_selected": 0
      },
      "geometry": {
        "type": "Point",
        "coordinates": [
          90.4858306,
          23.7530429
        ]
      }
    },
    {
      "type": "Feature",
      "properties": {
        "id": 990,
        "predicted_prevalence": 0.0003955,
        "prediction_uncertainty": 0.7789275,
        "exceedance_probability": 0,
        "adaptively_selected": 0
      },
      "geometry": {
        "type": "Point",
        "coordinates": [
          90.4894776,
          23.7530429
        ]
      }
    },
    {
      "type": "Feature",
      "properties": {
        "id": 991,
        "predicted_prevalence": 0.0008492,
        "prediction_uncertainty": 0.7789263,
        "exceedance_probability": 0,
        "adaptively_selected": 0
      },
      "geometry": {
        "type": "Point",
        "coordinates": [
          90.4931245,
          23.7530429
        ]
      }
    },
    {
      "type": "Feature",
      "properties": {
        "id": 992,
        "predicted_prevalence": 0.0015988,
        "prediction_uncertainty": 0.7789225,
        "exceedance_probability": 0,
        "adaptively_selected": 0
      },
      "geometry": {
        "type": "Point",
        "coordinates": [
          90.4967714,
          23.7530429
        ]
      }
    },
    {
      "type": "Feature",
      "properties": {
        "id": 993,
        "predicted_prevalence": 0.0026355,
        "prediction_uncertainty": 0.7789133,
        "exceedance_probability": 0,
        "adaptively_selected": 0
      },
      "geometry": {
        "type": "Point",
        "coordinates": [
          90.5004184,
          23.7530429
        ]
      }
    },
    {
      "type": "Feature",
      "properties": {
        "id": 994,
        "predicted_prevalence": 0.0038033,
        "prediction_uncertainty": 0.7788976,
        "exceedance_probability": 0,
        "adaptively_selected": 0
      },
      "geometry": {
        "type": "Point",
        "coordinates": [
          90.5040653,
          23.7530429
        ]
      }
    },
    {
      "type": "Feature",
      "properties": {
        "id": 995,
        "predicted_prevalence": 0.0048052,
        "prediction_uncertainty": 0.7788796,
        "exceedance_probability": 0,
        "adaptively_selected": 0
      },
      "geometry": {
        "type": "Point",
        "coordinates": [
          90.5077122,
          23.7530429
        ]
      }
    },
    {
      "type": "Feature",
      "properties": {
        "id": 996,
        "predicted_prevalence": 0.0053149,
        "prediction_uncertainty": 0.7788688,
        "exceedance_probability": 0,
        "adaptively_selected": 0
      },
      "geometry": {
        "type": "Point",
        "coordinates": [
          90.5113592,
          23.7530429
        ]
      }
    },
    {
      "type": "Feature",
      "properties": {
        "id": 997,
        "predicted_prevalence": 0.0051465,
        "prediction_uncertainty": 0.7788725,
        "exceedance_probability": 0,
        "adaptively_selected": 0
      },
      "geometry": {
        "type": "Point",
        "coordinates": [
          90.5150061,
          23.7530429
        ]
      }
    },
    {
      "type": "Feature",
      "properties": {
        "id": 998,
        "predicted_prevalence": 0.0043628,
        "prediction_uncertainty": 0.7788881,
        "exceedance_probability": 0,
        "adaptively_selected": 0
      },
      "geometry": {
        "type": "Point",
        "coordinates": [
          90.5186531,
          23.7530429
        ]
      }
    },
    {
      "type": "Feature",
      "properties": {
        "id": 999,
        "predicted_prevalence": 0.0032379,
        "prediction_uncertainty": 0.7789059,
        "exceedance_probability": 0,
        "adaptively_selected": 0
      },
      "geometry": {
        "type": "Point",
        "coordinates": [
          90.5223,
          23.7530429
        ]
      }
    },
    {
      "type": "Feature",
      "properties": {
        "id": 1000,
        "predicted_prevalence": 0.1907473,
        "prediction_uncertainty": 0.6944813,
        "exceedance_probability": 0,
        "adaptively_selected": 0
      },
      "geometry": {
        "type": "Point",
        "coordinates": [
          90.3436,
          23.7574714
        ]
      }
    },
    {
      "type": "Feature",
      "properties": {
        "id": 1001,
        "predicted_prevalence": 0.3361911,
        "prediction_uncertainty": 0.6054424,
        "exceedance_probability": 0,
        "adaptively_selected": 0
      },
      "geometry": {
        "type": "Point",
        "coordinates": [
          90.3472469,
          23.7574714
        ]
      }
    },
    {
      "type": "Feature",
      "properties": {
        "id": 1002,
        "predicted_prevalence": 0.4918057,
        "prediction_uncertainty": 0.4750707,
        "exceedance_probability": 1,
        "adaptively_selected": 1
      },
      "geometry": {
        "type": "Point",
        "coordinates": [
          90.3508939,
          23.7574714
        ]
      }
    },
    {
      "type": "Feature",
      "properties": {
        "id": 1003,
        "predicted_prevalence": 0.5904581,
        "prediction_uncertainty": 0.3174252,
        "exceedance_probability": 1,
        "adaptively_selected": 0
      },
      "geometry": {
        "type": "Point",
        "coordinates": [
          90.3545408,
          23.7574714
        ]
      }
    },
    {
      "type": "Feature",
      "properties": {
        "id": 1004,
        "predicted_prevalence": 0.5695446,
        "prediction_uncertainty": 0.1934929,
        "exceedance_probability": 1,
        "adaptively_selected": 0
      },
      "geometry": {
        "type": "Point",
        "coordinates": [
          90.3581878,
          23.7574714
        ]
      }
    },
    {
      "type": "Feature",
      "properties": {
        "id": 1005,
        "predicted_prevalence": 0.4290347,
        "prediction_uncertainty": 0.2225847,
        "exceedance_probability": 1,
        "adaptively_selected": 0
      },
      "geometry": {
        "type": "Point",
        "coordinates": [
          90.3618347,
          23.7574714
        ]
      }
    },
    {
      "type": "Feature",
      "properties": {
        "id": 1006,
        "predicted_prevalence": 0.2557478,
        "prediction_uncertainty": 0.3178904,
        "exceedance_probability": 0,
        "adaptively_selected": 0
      },
      "geometry": {
        "type": "Point",
        "coordinates": [
          90.3654816,
          23.7574714
        ]
      }
    },
    {
      "type": "Feature",
      "properties": {
        "id": 1007,
        "predicted_prevalence": 0.168876,
        "prediction_uncertainty": 0.3775709,
        "exceedance_probability": 0,
        "adaptively_selected": 0
      },
      "geometry": {
        "type": "Point",
        "coordinates": [
          90.3691286,
          23.7574714
        ]
      }
    },
    {
      "type": "Feature",
      "properties": {
        "id": 1008,
        "predicted_prevalence": 0.217442,
        "prediction_uncertainty": 0.380105,
        "exceedance_probability": 0,
        "adaptively_selected": 0
      },
      "geometry": {
        "type": "Point",
        "coordinates": [
          90.3727755,
          23.7574714
        ]
      }
    },
    {
      "type": "Feature",
      "properties": {
        "id": 1009,
        "predicted_prevalence": 0.3276659,
        "prediction_uncertainty": 0.3101523,
        "exceedance_probability": 0,
        "adaptively_selected": 0
      },
      "geometry": {
        "type": "Point",
        "coordinates": [
          90.3764224,
          23.7574714
        ]
      }
    },
    {
      "type": "Feature",
      "properties": {
        "id": 1010,
        "predicted_prevalence": 0.362939,
        "prediction_uncertainty": 0.1672292,
        "exceedance_probability": 1,
        "adaptively_selected": 0
      },
      "geometry": {
        "type": "Point",
        "coordinates": [
          90.3800694,
          23.7574714
        ]
      }
    },
    {
      "type": "Feature",
      "properties": {
        "id": 1011,
        "predicted_prevalence": 0.2435027,
        "prediction_uncertainty": 0.0151312,
        "exceedance_probability": 0,
        "adaptively_selected": 0
      },
      "geometry": {
        "type": "Point",
        "coordinates": [
          90.3837163,
          23.7574714
        ]
      }
    },
    {
      "type": "Feature",
      "properties": {
        "id": 1012,
        "predicted_prevalence": 0.0120611,
        "prediction_uncertainty": 0.1383728,
        "exceedance_probability": 0,
        "adaptively_selected": 0
      },
      "geometry": {
        "type": "Point",
        "coordinates": [
          90.3873633,
          23.7574714
        ]
      }
    },
    {
      "type": "Feature",
      "properties": {
        "id": 1013,
        "predicted_prevalence": -0.203366,
        "prediction_uncertainty": 0.1801324,
        "exceedance_probability": 0,
        "adaptively_selected": 0
      },
      "geometry": {
        "type": "Point",
        "coordinates": [
          90.3910102,
          23.7574714
        ]
      }
    },
    {
      "type": "Feature",
      "properties": {
        "id": 1014,
        "predicted_prevalence": -0.2782286,
        "prediction_uncertainty": 0.1630051,
        "exceedance_probability": 0,
        "adaptively_selected": 0
      },
      "geometry": {
        "type": "Point",
        "coordinates": [
          90.3946571,
          23.7574714
        ]
      }
    },
    {
      "type": "Feature",
      "properties": {
        "id": 1015,
        "predicted_prevalence": -0.1617019,
        "prediction_uncertainty": 0.174434,
        "exceedance_probability": 0,
        "adaptively_selected": 0
      },
      "geometry": {
        "type": "Point",
        "coordinates": [
          90.3983041,
          23.7574714
        ]
      }
    },
    {
      "type": "Feature",
      "properties": {
        "id": 1016,
        "predicted_prevalence": 0.097632,
        "prediction_uncertainty": 0.1887666,
        "exceedance_probability": 0,
        "adaptively_selected": 0
      },
      "geometry": {
        "type": "Point",
        "coordinates": [
          90.401951,
          23.7574714
        ]
      }
    },
    {
      "type": "Feature",
      "properties": {
        "id": 1017,
        "predicted_prevalence": 0.3732723,
        "prediction_uncertainty": 0.1496039,
        "exceedance_probability": 1,
        "adaptively_selected": 0
      },
      "geometry": {
        "type": "Point",
        "coordinates": [
          90.405598,
          23.7574714
        ]
      }
    },
    {
      "type": "Feature",
      "properties": {
        "id": 1018,
        "predicted_prevalence": 0.5303243,
        "prediction_uncertainty": 0.1398797,
        "exceedance_probability": 1,
        "adaptively_selected": 0
      },
      "geometry": {
        "type": "Point",
        "coordinates": [
          90.4092449,
          23.7574714
        ]
      }
    },
    {
      "type": "Feature",
      "properties": {
        "id": 1019,
        "predicted_prevalence": 0.5123717,
        "prediction_uncertainty": 0.2041401,
        "exceedance_probability": 1,
        "adaptively_selected": 0
      },
      "geometry": {
        "type": "Point",
        "coordinates": [
          90.4128918,
          23.7574714
        ]
      }
    },
    {
      "type": "Feature",
      "properties": {
        "id": 1020,
        "predicted_prevalence": 0.377394,
        "prediction_uncertainty": 0.2141752,
        "exceedance_probability": 1,
        "adaptively_selected": 0
      },
      "geometry": {
        "type": "Point",
        "coordinates": [
          90.4165388,
          23.7574714
        ]
      }
    },
    {
      "type": "Feature",
      "properties": {
        "id": 1021,
        "predicted_prevalence": 0.2444342,
        "prediction_uncertainty": 0.1230701,
        "exceedance_probability": 0,
        "adaptively_selected": 0
      },
      "geometry": {
        "type": "Point",
        "coordinates": [
          90.4201857,
          23.7574714
        ]
      }
    },
    {
      "type": "Feature",
      "properties": {
        "id": 1022,
        "predicted_prevalence": 0.1979443,
        "prediction_uncertainty": 0.0560756,
        "exceedance_probability": 0,
        "adaptively_selected": 0
      },
      "geometry": {
        "type": "Point",
        "coordinates": [
          90.4238327,
          23.7574714
        ]
      }
    },
    {
      "type": "Feature",
      "properties": {
        "id": 1023,
        "predicted_prevalence": 0.2363504,
        "prediction_uncertainty": 0.2560719,
        "exceedance_probability": 0,
        "adaptively_selected": 0
      },
      "geometry": {
        "type": "Point",
        "coordinates": [
          90.4274796,
          23.7574714
        ]
      }
    },
    {
      "type": "Feature",
      "properties": {
        "id": 1024,
        "predicted_prevalence": 0.2985511,
        "prediction_uncertainty": 0.4370555,
        "exceedance_probability": 0,
        "adaptively_selected": 1
      },
      "geometry": {
        "type": "Point",
        "coordinates": [
          90.4311265,
          23.7574714
        ]
      }
    },
    {
      "type": "Feature",
      "properties": {
        "id": 1025,
        "predicted_prevalence": 0.3256229,
        "prediction_uncertainty": 0.5660961,
        "exceedance_probability": 0,
        "adaptively_selected": 0
      },
      "geometry": {
        "type": "Point",
        "coordinates": [
          90.4347735,
          23.7574714
        ]
      }
    },
    {
      "type": "Feature",
      "properties": {
        "id": 1026,
        "predicted_prevalence": 0.2985034,
        "prediction_uncertainty": 0.6457494,
        "exceedance_probability": 0,
        "adaptively_selected": 0
      },
      "geometry": {
        "type": "Point",
        "coordinates": [
          90.4384204,
          23.7574714
        ]
      }
    },
    {
      "type": "Feature",
      "properties": {
        "id": 1027,
        "predicted_prevalence": 0.2338178,
        "prediction_uncertainty": 0.6969455,
        "exceedance_probability": 0,
        "adaptively_selected": 0
      },
      "geometry": {
        "type": "Point",
        "coordinates": [
          90.4420673,
          23.7574714
        ]
      }
    },
    {
      "type": "Feature",
      "properties": {
        "id": 1028,
        "predicted_prevalence": 0.159566,
        "prediction_uncertainty": 0.7338941,
        "exceedance_probability": 0,
        "adaptively_selected": 0
      },
      "geometry": {
        "type": "Point",
        "coordinates": [
          90.4457143,
          23.7574714
        ]
      }
    },
    {
      "type": "Feature",
      "properties": {
        "id": 1029,
        "predicted_prevalence": 0.0962636,
        "prediction_uncertainty": 0.7586689,
        "exceedance_probability": 0,
        "adaptively_selected": 0
      },
      "geometry": {
        "type": "Point",
        "coordinates": [
          90.4493612,
          23.7574714
        ]
      }
    },
    {
      "type": "Feature",
      "properties": {
        "id": 1030,
        "predicted_prevalence": 0.0517952,
        "prediction_uncertainty": 0.7717852,
        "exceedance_probability": 0,
        "adaptively_selected": 0
      },
      "geometry": {
        "type": "Point",
        "coordinates": [
          90.4530082,
          23.7574714
        ]
      }
    },
    {
      "type": "Feature",
      "properties": {
        "id": 1031,
        "predicted_prevalence": 0.0249568,
        "prediction_uncertainty": 0.7769901,
        "exceedance_probability": 0,
        "adaptively_selected": 0
      },
      "geometry": {
        "type": "Point",
        "coordinates": [
          90.4566551,
          23.7574714
        ]
      }
    },
    {
      "type": "Feature",
      "properties": {
        "id": 1032,
        "predicted_prevalence": 0.0107776,
        "prediction_uncertainty": 0.778526,
        "exceedance_probability": 0,
        "adaptively_selected": 0
      },
      "geometry": {
        "type": "Point",
        "coordinates": [
          90.460302,
          23.7574714
        ]
      }
    },
    {
      "type": "Feature",
      "properties": {
        "id": 1033,
        "predicted_prevalence": 0.0041684,
        "prediction_uncertainty": 0.7788642,
        "exceedance_probability": 0,
        "adaptively_selected": 0
      },
      "geometry": {
        "type": "Point",
        "coordinates": [
          90.463949,
          23.7574714
        ]
      }
    },
    {
      "type": "Feature",
      "properties": {
        "id": 1034,
        "predicted_prevalence": 0.0014425,
        "prediction_uncertainty": 0.7789201,
        "exceedance_probability": 0,
        "adaptively_selected": 0
      },
      "geometry": {
        "type": "Point",
        "coordinates": [
          90.4675959,
          23.7574714
        ]
      }
    },
    {
      "type": "Feature",
      "properties": {
        "id": 1035,
        "predicted_prevalence": 0.0004466,
        "prediction_uncertainty": 0.7789271,
        "exceedance_probability": 0,
        "adaptively_selected": 0
      },
      "geometry": {
        "type": "Point",
        "coordinates": [
          90.4712429,
          23.7574714
        ]
      }
    },
    {
      "type": "Feature",
      "properties": {
        "id": 1036,
        "predicted_prevalence": 0.0001248,
        "prediction_uncertainty": 0.7789277,
        "exceedance_probability": 0,
        "adaptively_selected": 0
      },
      "geometry": {
        "type": "Point",
        "coordinates": [
          90.4748898,
          23.7574714
        ]
      }
    },
    {
      "type": "Feature",
      "properties": {
        "id": 1037,
        "predicted_prevalence": 3.5e-05,
        "prediction_uncertainty": 0.7789278,
        "exceedance_probability": 0,
        "adaptively_selected": 0
      },
      "geometry": {
        "type": "Point",
        "coordinates": [
          90.4785367,
          23.7574714
        ]
      }
    },
    {
      "type": "Feature",
      "properties": {
        "id": 1038,
        "predicted_prevalence": 2.08e-05,
        "prediction_uncertainty": 0.7789278,
        "exceedance_probability": 0,
        "adaptively_selected": 0
      },
      "geometry": {
        "type": "Point",
        "coordinates": [
          90.4821837,
          23.7574714
        ]
      }
    },
    {
      "type": "Feature",
      "properties": {
        "id": 1039,
        "predicted_prevalence": 4.06e-05,
        "prediction_uncertainty": 0.7789278,
        "exceedance_probability": 0,
        "adaptively_selected": 0
      },
      "geometry": {
        "type": "Point",
        "coordinates": [
          90.4858306,
          23.7574714
        ]
      }
    },
    {
      "type": "Feature",
      "properties": {
        "id": 1040,
        "predicted_prevalence": 9.66e-05,
        "prediction_uncertainty": 0.7789278,
        "exceedance_probability": 0,
        "adaptively_selected": 0
      },
      "geometry": {
        "type": "Point",
        "coordinates": [
          90.4894776,
          23.7574714
        ]
      }
    },
    {
      "type": "Feature",
      "properties": {
        "id": 1041,
        "predicted_prevalence": 0.0002072,
        "prediction_uncertainty": 0.7789277,
        "exceedance_probability": 0,
        "adaptively_selected": 0
      },
      "geometry": {
        "type": "Point",
        "coordinates": [
          90.4931245,
          23.7574714
        ]
      }
    },
    {
      "type": "Feature",
      "properties": {
        "id": 1042,
        "predicted_prevalence": 0.00039,
        "prediction_uncertainty": 0.7789275,
        "exceedance_probability": 0,
        "adaptively_selected": 0
      },
      "geometry": {
        "type": "Point",
        "coordinates": [
          90.4967714,
          23.7574714
        ]
      }
    },
    {
      "type": "Feature",
      "properties": {
        "id": 1043,
        "predicted_prevalence": 0.0006429,
        "prediction_uncertainty": 0.7789269,
        "exceedance_probability": 0,
        "adaptively_selected": 0
      },
      "geometry": {
        "type": "Point",
        "coordinates": [
          90.5004184,
          23.7574714
        ]
      }
    },
    {
      "type": "Feature",
      "properties": {
        "id": 1044,
        "predicted_prevalence": 0.0009278,
        "prediction_uncertainty": 0.778926,
        "exceedance_probability": 0,
        "adaptively_selected": 0
      },
      "geometry": {
        "type": "Point",
        "coordinates": [
          90.5040653,
          23.7574714
        ]
      }
    },
    {
      "type": "Feature",
      "properties": {
        "id": 1045,
        "predicted_prevalence": 0.0011722,
        "prediction_uncertainty": 0.7789249,
        "exceedance_probability": 0,
        "adaptively_selected": 0
      },
      "geometry": {
        "type": "Point",
        "coordinates": [
          90.5077122,
          23.7574714
        ]
      }
    },
    {
      "type": "Feature",
      "properties": {
        "id": 1046,
        "predicted_prevalence": 0.0012965,
        "prediction_uncertainty": 0.7789243,
        "exceedance_probability": 0,
        "adaptively_selected": 0
      },
      "geometry": {
        "type": "Point",
        "coordinates": [
          90.5113592,
          23.7574714
        ]
      }
    },
    {
      "type": "Feature",
      "properties": {
        "id": 1047,
        "predicted_prevalence": 0.0012555,
        "prediction_uncertainty": 0.7789245,
        "exceedance_probability": 0,
        "adaptively_selected": 0
      },
      "geometry": {
        "type": "Point",
        "coordinates": [
          90.5150061,
          23.7574714
        ]
      }
    },
    {
      "type": "Feature",
      "properties": {
        "id": 1048,
        "predicted_prevalence": 0.0010643,
        "prediction_uncertainty": 0.7789254,
        "exceedance_probability": 0,
        "adaptively_selected": 0
      },
      "geometry": {
        "type": "Point",
        "coordinates": [
          90.5186531,
          23.7574714
        ]
      }
    },
    {
      "type": "Feature",
      "properties": {
        "id": 1049,
        "predicted_prevalence": 0.0007899,
        "prediction_uncertainty": 0.7789265,
        "exceedance_probability": 0,
        "adaptively_selected": 0
      },
      "geometry": {
        "type": "Point",
        "coordinates": [
          90.5223,
          23.7574714
        ]
      }
    },
    {
      "type": "Feature",
      "properties": {
        "id": 1050,
        "predicted_prevalence": 0.1124602,
        "prediction_uncertainty": 0.6332122,
        "exceedance_probability": 0,
        "adaptively_selected": 0
      },
      "geometry": {
        "type": "Point",
        "coordinates": [
          90.3436,
          23.7619
        ]
      }
    },
    {
      "type": "Feature",
      "properties": {
        "id": 1051,
        "predicted_prevalence": 0.2155157,
        "prediction_uncertainty": 0.4909667,
        "exceedance_probability": 0,
        "adaptively_selected": 0
      },
      "geometry": {
        "type": "Point",
        "coordinates": [
          90.3472469,
          23.7619
        ]
      }
    },
    {
      "type": "Feature",
      "properties": {
        "id": 1052,
        "predicted_prevalence": 0.3360093,
        "prediction_uncertainty": 0.3140668,
        "exceedance_probability": 0,
        "adaptively_selected": 0
      },
      "geometry": {
        "type": "Point",
        "coordinates": [
          90.3508939,
          23.7619
        ]
      }
    },
    {
      "type": "Feature",
      "properties": {
        "id": 1053,
        "predicted_prevalence": 0.4284609,
        "prediction_uncertainty": 0.1949015,
        "exceedance_probability": 1,
        "adaptively_selected": 0
      },
      "geometry": {
        "type": "Point",
        "coordinates": [
          90.3545408,
          23.7619
        ]
      }
    },
    {
      "type": "Feature",
      "properties": {
        "id": 1054,
        "predicted_prevalence": 0.4451921,
        "prediction_uncertainty": 0.2470019,
        "exceedance_probability": 1,
        "adaptively_selected": 0
      },
      "geometry": {
        "type": "Point",
        "coordinates": [
          90.3581878,
          23.7619
        ]
      }
    },
    {
      "type": "Feature",
      "properties": {
        "id": 1055,
        "predicted_prevalence": 0.3784602,
        "prediction_uncertainty": 0.3290847,
        "exceedance_probability": 1,
        "adaptively_selected": 0
      },
      "geometry": {
        "type": "Point",
        "coordinates": [
          90.3618347,
          23.7619
        ]
      }
    },
    {
      "type": "Feature",
      "properties": {
        "id": 1056,
        "predicted_prevalence": 0.2839561,
        "prediction_uncertainty": 0.3608196,
        "exceedance_probability": 0,
        "adaptively_selected": 1
      },
      "geometry": {
        "type": "Point",
        "coordinates": [
          90.3654816,
          23.7619
        ]
      }
    },
    {
      "type": "Feature",
      "properties": {
        "id": 1057,
        "predicted_prevalence": 0.2495902,
        "prediction_uncertainty": 0.3613042,
        "exceedance_probability": 0,
        "adaptively_selected": 0
      },
      "geometry": {
        "type": "Point",
        "coordinates": [
          90.3691286,
          23.7619
        ]
      }
    },
    {
      "type": "Feature",
      "properties": {
        "id": 1058,
        "predicted_prevalence": 0.3217175,
        "prediction_uncertainty": 0.3550405,
        "exceedance_probability": 0,
        "adaptively_selected": 0
      },
      "geometry": {
        "type": "Point",
        "coordinates": [
          90.3727755,
          23.7619
        ]
      }
    },
    {
      "type": "Feature",
      "properties": {
        "id": 1059,
        "predicted_prevalence": 0.4531427,
        "prediction_uncertainty": 0.3226443,
        "exceedance_probability": 1,
        "adaptively_selected": 0
      },
      "geometry": {
        "type": "Point",
        "coordinates": [
          90.3764224,
          23.7619
        ]
      }
    },
    {
      "type": "Feature",
      "properties": {
        "id": 1060,
        "predicted_prevalence": 0.5289998,
        "prediction_uncertainty": 0.2463053,
        "exceedance_probability": 1,
        "adaptively_selected": 0
      },
      "geometry": {
        "type": "Point",
        "coordinates": [
          90.3800694,
          23.7619
        ]
      }
    },
    {
      "type": "Feature",
      "properties": {
        "id": 1061,
        "predicted_prevalence": 0.4564374,
        "prediction_uncertainty": 0.1595851,
        "exceedance_probability": 1,
        "adaptively_selected": 0
      },
      "geometry": {
        "type": "Point",
        "coordinates": [
          90.3837163,
          23.7619
        ]
      }
    },
    {
      "type": "Feature",
      "properties": {
        "id": 1062,
        "predicted_prevalence": 0.2448218,
        "prediction_uncertainty": 0.1079318,
        "exceedance_probability": 0,
        "adaptively_selected": 0
      },
      "geometry": {
        "type": "Point",
        "coordinates": [
          90.3873633,
          23.7619
        ]
      }
    },
    {
      "type": "Feature",
      "properties": {
        "id": 1063,
        "predicted_prevalence": 0.0127869,
        "prediction_uncertainty": 0.0987496,
        "exceedance_probability": 0,
        "adaptively_selected": 0
      },
      "geometry": {
        "type": "Point",
        "coordinates": [
          90.3910102,
          23.7619
        ]
      }
    },
    {
      "type": "Feature",
      "properties": {
        "id": 1064,
        "predicted_prevalence": -0.0840627,
        "prediction_uncertainty": 0.1793912,
        "exceedance_probability": 0,
        "adaptively_selected": 0
      },
      "geometry": {
        "type": "Point",
        "coordinates": [
          90.3946571,
          23.7619
        ]
      }
    },
    {
      "type": "Feature",
      "properties": {
        "id": 1065,
        "predicted_prevalence": 0.040782,
        "prediction_uncertainty": 0.2867891,
        "exceedance_probability": 0,
        "adaptively_selected": 0
      },
      "geometry": {
        "type": "Point",
        "coordinates": [
          90.3983041,
          23.7619
        ]
      }
    },
    {
      "type": "Feature",
      "properties": {
        "id": 1066,
        "predicted_prevalence": 0.3338145,
        "prediction_uncertainty": 0.3395553,
        "exceedance_probability": 0,
        "adaptively_selected": 0
      },
      "geometry": {
        "type": "Point",
        "coordinates": [
          90.401951,
          23.7619
        ]
      }
    },
    {
      "type": "Feature",
      "properties": {
        "id": 1067,
        "predicted_prevalence": 0.6233223,
        "prediction_uncertainty": 0.3214841,
        "exceedance_probability": 1,
        "adaptively_selected": 0
      },
      "geometry": {
        "type": "Point",
        "coordinates": [
          90.405598,
          23.7619
        ]
      }
    },
    {
      "type": "Feature",
      "properties": {
        "id": 1068,
        "predicted_prevalence": 0.7332965,
        "prediction_uncertainty": 0.2719383,
        "exceedance_probability": 1,
        "adaptively_selected": 0
      },
      "geometry": {
        "type": "Point",
        "coordinates": [
          90.4092449,
          23.7619
        ]
      }
    },
    {
      "type": "Feature",
      "properties": {
        "id": 1069,
        "predicted_prevalence": 0.6086046,
        "prediction_uncertainty": 0.2122377,
        "exceedance_probability": 1,
        "adaptively_selected": 0
      },
      "geometry": {
        "type": "Point",
        "coordinates": [
          90.4128918,
          23.7619
        ]
      }
    },
    {
      "type": "Feature",
      "properties": {
        "id": 1070,
        "predicted_prevalence": 0.3475729,
        "prediction_uncertainty": 0.1097947,
        "exceedance_probability": 0,
        "adaptively_selected": 0
      },
      "geometry": {
        "type": "Point",
        "coordinates": [
          90.4165388,
          23.7619
        ]
      }
    },
    {
      "type": "Feature",
      "properties": {
        "id": 1071,
        "predicted_prevalence": 0.1157325,
        "prediction_uncertainty": 0.0513342,
        "exceedance_probability": 0,
        "adaptively_selected": 0
      },
      "geometry": {
        "type": "Point",
        "coordinates": [
          90.4201857,
          23.7619
        ]
      }
    },
    {
      "type": "Feature",
      "properties": {
        "id": 1072,
        "predicted_prevalence": 0.0217408,
        "prediction_uncertainty": 0.2380598,
        "exceedance_probability": 0,
        "adaptively_selected": 0
      },
      "geometry": {
        "type": "Point",
        "coordinates": [
          90.4238327,
          23.7619
        ]
      }
    },
    {
      "type": "Feature",
      "properties": {
        "id": 1073,
        "predicted_prevalence": 0.0604194,
        "prediction_uncertainty": 0.4133804,
        "exceedance_probability": 0,
        "adaptively_selected": 0
      },
      "geometry": {
        "type": "Point",
        "coordinates": [
          90.4274796,
          23.7619
        ]
      }
    },
    {
      "type": "Feature",
      "properties": {
        "id": 1074,
        "predicted_prevalence": 0.1511859,
        "prediction_uncertainty": 0.5534638,
        "exceedance_probability": 0,
        "adaptively_selected": 0
      },
      "geometry": {
        "type": "Point",
        "coordinates": [
          90.4311265,
          23.7619
        ]
      }
    },
    {
      "type": "Feature",
      "properties": {
        "id": 1075,
        "predicted_prevalence": 0.2148689,
        "prediction_uncertainty": 0.6513423,
        "exceedance_probability": 0,
        "adaptively_selected": 0
      },
      "geometry": {
        "type": "Point",
        "coordinates": [
          90.4347735,
          23.7619
        ]
      }
    },
    {
      "type": "Feature",
      "properties": {
        "id": 1076,
        "predicted_prevalence": 0.2201149,
        "prediction_uncertainty": 0.7114019,
        "exceedance_probability": 0,
        "adaptively_selected": 0
      },
      "geometry": {
        "type": "Point",
        "coordinates": [
          90.4384204,
          23.7619
        ]
      }
    },
    {
      "type": "Feature",
      "properties": {
        "id": 1077,
        "predicted_prevalence": 0.1799021,
        "prediction_uncertainty": 0.7448874,
        "exceedance_probability": 0,
        "adaptively_selected": 0
      },
      "geometry": {
        "type": "Point",
        "coordinates": [
          90.4420673,
          23.7619
        ]
      }
    },
    {
      "type": "Feature",
      "properties": {
        "id": 1078,
        "predicted_prevalence": 0.1233696,
        "prediction_uncertainty": 0.7629625,
        "exceedance_probability": 0,
        "adaptively_selected": 0
      },
      "geometry": {
        "type": "Point",
        "coordinates": [
          90.4457143,
          23.7619
        ]
      }
    },
    {
      "type": "Feature",
      "properties": {
        "id": 1079,
        "predicted_prevalence": 0.0730314,
        "prediction_uncertainty": 0.7723972,
        "exceedance_probability": 0,
        "adaptively_selected": 0
      },
      "geometry": {
        "type": "Point",
        "coordinates": [
          90.4493612,
          23.7619
        ]
      }
    },
    {
      "type": "Feature",
      "properties": {
        "id": 1080,
        "predicted_prevalence": 0.0379545,
        "prediction_uncertainty": 0.7767398,
        "exceedance_probability": 0,
        "adaptively_selected": 0
      },
      "geometry": {
        "type": "Point",
        "coordinates": [
          90.4530082,
          23.7619
        ]
      }
    },
    {
      "type": "Feature",
      "properties": {
        "id": 1081,
        "predicted_prevalence": 0.0174854,
        "prediction_uncertainty": 0.77835,
        "exceedance_probability": 0,
        "adaptively_selected": 0
      },
      "geometry": {
        "type": "Point",
        "coordinates": [
          90.4566551,
          23.7619
        ]
      }
    },
    {
      "type": "Feature",
      "properties": {
        "id": 1082,
        "predicted_prevalence": 0.0071759,
        "prediction_uncertainty": 0.7788097,
        "exceedance_probability": 0,
        "adaptively_selected": 0
      },
      "geometry": {
        "type": "Point",
        "coordinates": [
          90.460302,
          23.7619
        ]
      }
    },
    {
      "type": "Feature",
      "properties": {
        "id": 1083,
        "predicted_prevalence": 0.0026281,
        "prediction_uncertainty": 0.7789093,
        "exceedance_probability": 0,
        "adaptively_selected": 0
      },
      "geometry": {
        "type": "Point",
        "coordinates": [
          90.463949,
          23.7619
        ]
      }
    },
    {
      "type": "Feature",
      "properties": {
        "id": 1084,
        "predicted_prevalence": 0.000859,
        "prediction_uncertainty": 0.7789256,
        "exceedance_probability": 0,
        "adaptively_selected": 0
      },
      "geometry": {
        "type": "Point",
        "coordinates": [
          90.4675959,
          23.7619
        ]
      }
    },
    {
      "type": "Feature",
      "properties": {
        "id": 1085,
        "predicted_prevalence": 0.0002505,
        "prediction_uncertainty": 0.7789276,
        "exceedance_probability": 0,
        "adaptively_selected": 0
      },
      "geometry": {
        "type": "Point",
        "coordinates": [
          90.4712429,
          23.7619
        ]
      }
    },
    {
      "type": "Feature",
      "properties": {
        "id": 1086,
        "predicted_prevalence": 6.53e-05,
        "prediction_uncertainty": 0.7789278,
        "exceedance_probability": 0,
        "adaptively_selected": 0
      },
      "geometry": {
        "type": "Point",
        "coordinates": [
          90.4748898,
          23.7619
        ]
      }
    },
    {
      "type": "Feature",
      "properties": {
        "id": 1087,
        "predicted_prevalence": 1.59e-05,
        "prediction_uncertainty": 0.7789278,
        "exceedance_probability": 0,
        "adaptively_selected": 0
      },
      "geometry": {
        "type": "Point",
        "coordinates": [
          90.4785367,
          23.7619
        ]
      }
    },
    {
      "type": "Feature",
      "properties": {
        "id": 1088,
        "predicted_prevalence": 5.9165567e-06,
        "prediction_uncertainty": 0.7789278,
        "exceedance_probability": 0,
        "adaptively_selected": 0
      },
      "geometry": {
        "type": "Point",
        "coordinates": [
          90.4821837,
          23.7619
        ]
      }
    },
    {
      "type": "Feature",
      "properties": {
        "id": 1089,
        "predicted_prevalence": 8.4353329e-06,
        "prediction_uncertainty": 0.7789278,
        "exceedance_probability": 0,
        "adaptively_selected": 0
      },
      "geometry": {
        "type": "Point",
        "coordinates": [
          90.4858306,
          23.7619
        ]
      }
    },
    {
      "type": "Feature",
      "properties": {
        "id": 1090,
        "predicted_prevalence": 1.94e-05,
        "prediction_uncertainty": 0.7789278,
        "exceedance_probability": 0,
        "adaptively_selected": 0
      },
      "geometry": {
        "type": "Point",
        "coordinates": [
          90.4894776,
          23.7619
        ]
      }
    },
    {
      "type": "Feature",
      "properties": {
        "id": 1091,
        "predicted_prevalence": 4.15e-05,
        "prediction_uncertainty": 0.7789278,
        "exceedance_probability": 0,
        "adaptively_selected": 0
      },
      "geometry": {
        "type": "Point",
        "coordinates": [
          90.4931245,
          23.7619
        ]
      }
    },
    {
      "type": "Feature",
      "properties": {
        "id": 1092,
        "predicted_prevalence": 7.82e-05,
        "prediction_uncertainty": 0.7789278,
        "exceedance_probability": 0,
        "adaptively_selected": 0
      },
      "geometry": {
        "type": "Point",
        "coordinates": [
          90.4967714,
          23.7619
        ]
      }
    },
    {
      "type": "Feature",
      "properties": {
        "id": 1093,
        "predicted_prevalence": 0.0001289,
        "prediction_uncertainty": 0.7789278,
        "exceedance_probability": 0,
        "adaptively_selected": 0
      },
      "geometry": {
        "type": "Point",
        "coordinates": [
          90.5004184,
          23.7619
        ]
      }
    },
    {
      "type": "Feature",
      "properties": {
        "id": 1094,
        "predicted_prevalence": 0.000186,
        "prediction_uncertainty": 0.7789277,
        "exceedance_probability": 0,
        "adaptively_selected": 0
      },
      "geometry": {
        "type": "Point",
        "coordinates": [
          90.5040653,
          23.7619
        ]
      }
    },
    {
      "type": "Feature",
      "properties": {
        "id": 1095,
        "predicted_prevalence": 0.000235,
        "prediction_uncertainty": 0.7789277,
        "exceedance_probability": 0,
        "adaptively_selected": 0
      },
      "geometry": {
        "type": "Point",
        "coordinates": [
          90.5077122,
          23.7619
        ]
      }
    },
    {
      "type": "Feature",
      "properties": {
        "id": 1096,
        "predicted_prevalence": 0.00026,
        "prediction_uncertainty": 0.7789276,
        "exceedance_probability": 0,
        "adaptively_selected": 0
      },
      "geometry": {
        "type": "Point",
        "coordinates": [
          90.5113592,
          23.7619
        ]
      }
    },
    {
      "type": "Feature",
      "properties": {
        "id": 1097,
        "predicted_prevalence": 0.0002517,
        "prediction_uncertainty": 0.7789277,
        "exceedance_probability": 0,
        "adaptively_selected": 0
      },
      "geometry": {
        "type": "Point",
        "coordinates": [
          90.5150061,
          23.7619
        ]
      }
    },
    {
      "type": "Feature",
      "properties": {
        "id": 1098,
        "predicted_prevalence": 0.0002134,
        "prediction_uncertainty": 0.7789277,
        "exceedance_probability": 0,
        "adaptively_selected": 0
      },
      "geometry": {
        "type": "Point",
        "coordinates": [
          90.5186531,
          23.7619
        ]
      }
    },
    {
      "type": "Feature",
      "properties": {
        "id": 1099,
        "predicted_prevalence": 0.0001584,
        "prediction_uncertainty": 0.7789277,
        "exceedance_probability": 0,
        "adaptively_selected": 0
      },
      "geometry": {
        "type": "Point",
        "coordinates": [
          90.5223,
          23.7619
        ]
      }
    },
    {
      "type": "Feature",
      "properties": {
        "id": 1100,
        "predicted_prevalence": 0.0347575,
        "prediction_uncertainty": 0.6024174,
        "exceedance_probability": 0,
        "adaptively_selected": 1
      },
      "geometry": {
        "type": "Point",
        "coordinates": [
          90.3436,
          23.7663286
        ]
      }
    },
    {
      "type": "Feature",
      "properties": {
        "id": 1101,
        "predicted_prevalence": 0.0878424,
        "prediction_uncertainty": 0.4244476,
        "exceedance_probability": 0,
        "adaptively_selected": 0
      },
      "geometry": {
        "type": "Point",
        "coordinates": [
          90.3472469,
          23.7663286
        ]
      }
    },
    {
      "type": "Feature",
      "properties": {
        "id": 1102,
        "predicted_prevalence": 0.1574846,
        "prediction_uncertainty": 0.1886986,
        "exceedance_probability": 0,
        "adaptively_selected": 0
      },
      "geometry": {
        "type": "Point",
        "coordinates": [
          90.3508939,
          23.7663286
        ]
      }
    },
    {
      "type": "Feature",
      "properties": {
        "id": 1103,
        "predicted_prevalence": 0.2194354,
        "prediction_uncertainty": 0.0822334,
        "exceedance_probability": 0,
        "adaptively_selected": 0
      },
      "geometry": {
        "type": "Point",
        "coordinates": [
          90.3545408,
          23.7663286
        ]
      }
    },
    {
      "type": "Feature",
      "properties": {
        "id": 1104,
        "predicted_prevalence": 0.2451201,
        "prediction_uncertainty": 0.2600042,
        "exceedance_probability": 0,
        "adaptively_selected": 0
      },
      "geometry": {
        "type": "Point",
        "coordinates": [
          90.3581878,
          23.7663286
        ]
      }
    },
    {
      "type": "Feature",
      "properties": {
        "id": 1105,
        "predicted_prevalence": 0.2274045,
        "prediction_uncertainty": 0.3293935,
        "exceedance_probability": 0,
        "adaptively_selected": 0
      },
      "geometry": {
        "type": "Point",
        "coordinates": [
          90.3618347,
          23.7663286
        ]
      }
    },
    {
      "type": "Feature",
      "properties": {
        "id": 1106,
        "predicted_prevalence": 0.1981362,
        "prediction_uncertainty": 0.27371,
        "exceedance_probability": 0,
        "adaptively_selected": 0
      },
      "geometry": {
        "type": "Point",
        "coordinates": [
          90.3654816,
          23.7663286
        ]
      }
    },
    {
      "type": "Feature",
      "properties": {
        "id": 1107,
        "predicted_prevalence": 0.2132003,
        "prediction_uncertainty": 0.173688,
        "exceedance_probability": 0,
        "adaptively_selected": 1
      },
      "geometry": {
        "type": "Point",
        "coordinates": [
          90.3691286,
          23.7663286
        ]
      }
    },
    {
      "type": "Feature",
      "properties": {
        "id": 1108,
        "predicted_prevalence": 0.3073205,
        "prediction_uncertainty": 0.2217945,
        "exceedance_probability": 0,
        "adaptively_selected": 0
      },
      "geometry": {
        "type": "Point",
        "coordinates": [
          90.3727755,
          23.7663286
        ]
      }
    },
    {
      "type": "Feature",
      "properties": {
        "id": 1109,
        "predicted_prevalence": 0.454797,
        "prediction_uncertainty": 0.3350265,
        "exceedance_probability": 1,
        "adaptively_selected": 0
      },
      "geometry": {
        "type": "Point",
        "coordinates": [
          90.3764224,
          23.7663286
        ]
      }
    },
    {
      "type": "Feature",
      "properties": {
        "id": 1110,
        "predicted_prevalence": 0.575753,
        "prediction_uncertainty": 0.3853414,
        "exceedance_probability": 1,
        "adaptively_selected": 0
      },
      "geometry": {
        "type": "Point",
        "coordinates": [
          90.3800694,
          23.7663286
        ]
      }
    },
    {
      "type": "Feature",
      "properties": {
        "id": 1111,
        "predicted_prevalence": 0.5912386,
        "prediction_uncertainty": 0.3533272,
        "exceedance_probability": 1,
        "adaptively_selected": 0
      },
      "geometry": {
        "type": "Point",
        "coordinates": [
          90.3837163,
          23.7663286
        ]
      }
    },
    {
      "type": "Feature",
      "properties": {
        "id": 1112,
        "predicted_prevalence": 0.4877638,
        "prediction_uncertainty": 0.2454371,
        "exceedance_probability": 1,
        "adaptively_selected": 0
      },
      "geometry": {
        "type": "Point",
        "coordinates": [
          90.3873633,
          23.7663286
        ]
      }
    },
    {
      "type": "Feature",
      "properties": {
        "id": 1113,
        "predicted_prevalence": 0.3400119,
        "prediction_uncertainty": 0.1073962,
        "exceedance_probability": 0,
        "adaptively_selected": 0
      },
      "geometry": {
        "type": "Point",
        "coordinates": [
          90.3910102,
          23.7663286
        ]
      }
    },
    {
      "type": "Feature",
      "properties": {
        "id": 1114,
        "predicted_prevalence": 0.2669334,
        "prediction_uncertainty": 0.1968231,
        "exceedance_probability": 0,
        "adaptively_selected": 0
      },
      "geometry": {
        "type": "Point",
        "coordinates": [
          90.3946571,
          23.7663286
        ]
      }
    },
    {
      "type": "Feature",
      "properties": {
        "id": 1115,
        "predicted_prevalence": 0.3437067,
        "prediction_uncertainty": 0.3589073,
        "exceedance_probability": 0,
        "adaptively_selected": 1
      },
      "geometry": {
        "type": "Point",
        "coordinates": [
          90.3983041,
          23.7663286
        ]
      }
    },
    {
      "type": "Feature",
      "properties": {
        "id": 1116,
        "predicted_prevalence": 0.532812,
        "prediction_uncertainty": 0.4395696,
        "exceedance_probability": 1,
        "adaptively_selected": 0
      },
      "geometry": {
        "type": "Point",
        "coordinates": [
          90.401951,
          23.7663286
        ]
      }
    },
    {
      "type": "Feature",
      "properties": {
        "id": 1117,
        "predicted_prevalence": 0.6971143,
        "prediction_uncertainty": 0.419678,
        "exceedance_probability": 1,
        "adaptively_selected": 0
      },
      "geometry": {
        "type": "Point",
        "coordinates": [
          90.405598,
          23.7663286
        ]
      }
    },
    {
      "type": "Feature",
      "properties": {
        "id": 1118,
        "predicted_prevalence": 0.6983327,
        "prediction_uncertainty": 0.3263866,
        "exceedance_probability": 1,
        "adaptively_selected": 0
      },
      "geometry": {
        "type": "Point",
        "coordinates": [
          90.4092449,
          23.7663286
        ]
      }
    },
    {
      "type": "Feature",
      "properties": {
        "id": 1119,
        "predicted_prevalence": 0.5053603,
        "prediction_uncertainty": 0.1928675,
        "exceedance_probability": 1,
        "adaptively_selected": 0
      },
      "geometry": {
        "type": "Point",
        "coordinates": [
          90.4128918,
          23.7663286
        ]
      }
    },
    {
      "type": "Feature",
      "properties": {
        "id": 1120,
        "predicted_prevalence": 0.2188268,
        "prediction_uncertainty": 0.070341,
        "exceedance_probability": 0,
        "adaptively_selected": 0
      },
      "geometry": {
        "type": "Point",
        "coordinates": [
          90.4165388,
          23.7663286
        ]
      }
    },
    {
      "type": "Feature",
      "properties": {
        "id": 1121,
        "predicted_prevalence": -0.008749,
        "prediction_uncertainty": 0.1940656,
        "exceedance_probability": 0,
        "adaptively_selected": 0
      },
      "geometry": {
        "type": "Point",
        "coordinates": [
          90.4201857,
          23.7663286
        ]
      }
    },
    {
      "type": "Feature",
      "properties": {
        "id": 1122,
        "predicted_prevalence": -0.0838073,
        "prediction_uncertainty": 0.3631263,
        "exceedance_probability": 0,
        "adaptively_selected": 0
      },
      "geometry": {
        "type": "Point",
        "coordinates": [
          90.4238327,
          23.7663286
        ]
      }
    },
    {
      "type": "Feature",
      "properties": {
        "id": 1123,
        "predicted_prevalence": -0.0210113,
        "prediction_uncertainty": 0.4953438,
        "exceedance_probability": 0,
        "adaptively_selected": 0
      },
      "geometry": {
        "type": "Point",
        "coordinates": [
          90.4274796,
          23.7663286
        ]
      }
    },
    {
      "type": "Feature",
      "properties": {
        "id": 1124,
        "predicted_prevalence": 0.0941824,
        "prediction_uncertainty": 0.5874091,
        "exceedance_probability": 0,
        "adaptively_selected": 0
      },
      "geometry": {
        "type": "Point",
        "coordinates": [
          90.4311265,
          23.7663286
        ]
      }
    },
    {
      "type": "Feature",
      "properties": {
        "id": 1125,
        "predicted_prevalence": 0.1790106,
        "prediction_uncertainty": 0.655131,
        "exceedance_probability": 0,
        "adaptively_selected": 0
      },
      "geometry": {
        "type": "Point",
        "coordinates": [
          90.4347735,
          23.7663286
        ]
      }
    },
    {
      "type": "Feature",
      "properties": {
        "id": 1126,
        "predicted_prevalence": 0.199428,
        "prediction_uncertainty": 0.7077493,
        "exceedance_probability": 0,
        "adaptively_selected": 0
      },
      "geometry": {
        "type": "Point",
        "coordinates": [
          90.4384204,
          23.7663286
        ]
      }
    },
    {
      "type": "Feature",
      "properties": {
        "id": 1127,
        "predicted_prevalence": 0.1680126,
        "prediction_uncertainty": 0.7444864,
        "exceedance_probability": 0,
        "adaptively_selected": 0
      },
      "geometry": {
        "type": "Point",
        "coordinates": [
          90.4420673,
          23.7663286
        ]
      }
    },
    {
      "type": "Feature",
      "properties": {
        "id": 1128,
        "predicted_prevalence": 0.1157709,
        "prediction_uncertainty": 0.7652732,
        "exceedance_probability": 0,
        "adaptively_selected": 0
      },
      "geometry": {
        "type": "Point",
        "coordinates": [
          90.4457143,
          23.7663286
        ]
      }
    },
    {
      "type": "Feature",
      "properties": {
        "id": 1129,
        "predicted_prevalence": 0.0676376,
        "prediction_uncertainty": 0.7745404,
        "exceedance_probability": 0,
        "adaptively_selected": 0
      },
      "geometry": {
        "type": "Point",
        "coordinates": [
          90.4493612,
          23.7663286
        ]
      }
    },
    {
      "type": "Feature",
      "properties": {
        "id": 1130,
        "predicted_prevalence": 0.0341699,
        "prediction_uncertainty": 0.77779,
        "exceedance_probability": 0,
        "adaptively_selected": 0
      },
      "geometry": {
        "type": "Point",
        "coordinates": [
          90.4530082,
          23.7663286
        ]
      }
    },
    {
      "type": "Feature",
      "properties": {
        "id": 1131,
        "predicted_prevalence": 0.0151016,
        "prediction_uncertainty": 0.7786901,
        "exceedance_probability": 0,
        "adaptively_selected": 0
      },
      "geometry": {
        "type": "Point",
        "coordinates": [
          90.4566551,
          23.7663286
        ]
      }
    },
    {
      "type": "Feature",
      "properties": {
        "id": 1132,
        "predicted_prevalence": 0.0058804,
        "prediction_uncertainty": 0.7788879,
        "exceedance_probability": 0,
        "adaptively_selected": 0
      },
      "geometry": {
        "type": "Point",
        "coordinates": [
          90.460302,
          23.7663286
        ]
      }
    },
    {
      "type": "Feature",
      "properties": {
        "id": 1133,
        "predicted_prevalence": 0.0020261,
        "prediction_uncertainty": 0.7789224,
        "exceedance_probability": 0,
        "adaptively_selected": 0
      },
      "geometry": {
        "type": "Point",
        "coordinates": [
          90.463949,
          23.7663286
        ]
      }
    },
    {
      "type": "Feature",
      "properties": {
        "id": 1134,
        "predicted_prevalence": 0.0006192,
        "prediction_uncertainty": 0.7789272,
        "exceedance_probability": 0,
        "adaptively_selected": 0
      },
      "geometry": {
        "type": "Point",
        "coordinates": [
          90.4675959,
          23.7663286
        ]
      }
    },
    {
      "type": "Feature",
      "properties": {
        "id": 1135,
        "predicted_prevalence": 0.0001681,
        "prediction_uncertainty": 0.7789277,
        "exceedance_probability": 0,
        "adaptively_selected": 0
      },
      "geometry": {
        "type": "Point",
        "coordinates": [
          90.4712429,
          23.7663286
        ]
      }
    },
    {
      "type": "Feature",
      "properties": {
        "id": 1136,
        "predicted_prevalence": 4.06e-05,
        "prediction_uncertainty": 0.7789278,
        "exceedance_probability": 0,
        "adaptively_selected": 0
      },
      "geometry": {
        "type": "Point",
        "coordinates": [
          90.4748898,
          23.7663286
        ]
      }
    },
    {
      "type": "Feature",
      "properties": {
        "id": 1137,
        "predicted_prevalence": 8.8525489e-06,
        "prediction_uncertainty": 0.7789278,
        "exceedance_probability": 0,
        "adaptively_selected": 0
      },
      "geometry": {
        "type": "Point",
        "coordinates": [
          90.4785367,
          23.7663286
        ]
      }
    },
    {
      "type": "Feature",
      "properties": {
        "id": 1138,
        "predicted_prevalence": 2.124898e-06,
        "prediction_uncertainty": 0.7789278,
        "exceedance_probability": 0,
        "adaptively_selected": 0
      },
      "geometry": {
        "type": "Point",
        "coordinates": [
          90.4821837,
          23.7663286
        ]
      }
    },
    {
      "type": "Feature",
      "properties": {
        "id": 1139,
        "predicted_prevalence": 1.578192e-06,
        "prediction_uncertainty": 0.7789278,
        "exceedance_probability": 0,
        "adaptively_selected": 0
      },
      "geometry": {
        "type": "Point",
        "coordinates": [
          90.4858306,
          23.7663286
        ]
      }
    },
    {
      "type": "Feature",
      "properties": {
        "id": 1140,
        "predicted_prevalence": 3.225026e-06,
        "prediction_uncertainty": 0.7789278,
        "exceedance_probability": 0,
        "adaptively_selected": 0
      },
      "geometry": {
        "type": "Point",
        "coordinates": [
          90.4894776,
          23.7663286
        ]
      }
    },
    {
      "type": "Feature",
      "properties": {
        "id": 1141,
        "predicted_prevalence": 6.8497852e-06,
        "prediction_uncertainty": 0.7789278,
        "exceedance_probability": 0,
        "adaptively_selected": 0
      },
      "geometry": {
        "type": "Point",
        "coordinates": [
          90.4931245,
          23.7663286
        ]
      }
    },
    {
      "type": "Feature",
      "properties": {
        "id": 1142,
        "predicted_prevalence": 1.29e-05,
        "prediction_uncertainty": 0.7789278,
        "exceedance_probability": 0,
        "adaptively_selected": 0
      },
      "geometry": {
        "type": "Point",
        "coordinates": [
          90.4967714,
          23.7663286
        ]
      }
    },
    {
      "type": "Feature",
      "properties": {
        "id": 1143,
        "predicted_prevalence": 2.12e-05,
        "prediction_uncertainty": 0.7789278,
        "exceedance_probability": 0,
        "adaptively_selected": 0
      },
      "geometry": {
        "type": "Point",
        "coordinates": [
          90.5004184,
          23.7663286
        ]
      }
    },
    {
      "type": "Feature",
      "properties": {
        "id": 1144,
        "predicted_prevalence": 3.07e-05,
        "prediction_uncertainty": 0.7789278,
        "exceedance_probability": 0,
        "adaptively_selected": 0
      },
      "geometry": {
        "type": "Point",
        "coordinates": [
          90.5040653,
          23.7663286
        ]
      }
    },
    {
      "type": "Feature",
      "properties": {
        "id": 1145,
        "predicted_prevalence": 3.87e-05,
        "prediction_uncertainty": 0.7789278,
        "exceedance_probability": 0,
        "adaptively_selected": 0
      },
      "geometry": {
        "type": "Point",
        "coordinates": [
          90.5077122,
          23.7663286
        ]
      }
    },
    {
      "type": "Feature",
      "properties": {
        "id": 1146,
        "predicted_prevalence": 4.28e-05,
        "prediction_uncertainty": 0.7789278,
        "exceedance_probability": 0,
        "adaptively_selected": 0
      },
      "geometry": {
        "type": "Point",
        "coordinates": [
          90.5113592,
          23.7663286
        ]
      }
    },
    {
      "type": "Feature",
      "properties": {
        "id": 1147,
        "predicted_prevalence": 4.15e-05,
        "prediction_uncertainty": 0.7789278,
        "exceedance_probability": 0,
        "adaptively_selected": 0
      },
      "geometry": {
        "type": "Point",
        "coordinates": [
          90.5150061,
          23.7663286
        ]
      }
    },
    {
      "type": "Feature",
      "properties": {
        "id": 1148,
        "predicted_prevalence": 3.52e-05,
        "prediction_uncertainty": 0.7789278,
        "exceedance_probability": 0,
        "adaptively_selected": 0
      },
      "geometry": {
        "type": "Point",
        "coordinates": [
          90.5186531,
          23.7663286
        ]
      }
    },
    {
      "type": "Feature",
      "properties": {
        "id": 1149,
        "predicted_prevalence": 2.61e-05,
        "prediction_uncertainty": 0.7789278,
        "exceedance_probability": 0,
        "adaptively_selected": 0
      },
      "geometry": {
        "type": "Point",
        "coordinates": [
          90.5223,
          23.7663286
        ]
      }
    },
    {
      "type": "Feature",
      "properties": {
        "id": 1150,
        "predicted_prevalence": -0.0130575,
        "prediction_uncertainty": 0.6415987,
        "exceedance_probability": 0,
        "adaptively_selected": 0
      },
      "geometry": {
        "type": "Point",
        "coordinates": [
          90.3436,
          23.7707571
        ]
      }
    },
    {
      "type": "Feature",
      "properties": {
        "id": 1151,
        "predicted_prevalence": 0.003413,
        "prediction_uncertainty": 0.5139174,
        "exceedance_probability": 0,
        "adaptively_selected": 0
      },
      "geometry": {
        "type": "Point",
        "coordinates": [
          90.3472469,
          23.7707571
        ]
      }
    },
    {
      "type": "Feature",
      "properties": {
        "id": 1152,
        "predicted_prevalence": 0.0314761,
        "prediction_uncertainty": 0.3836002,
        "exceedance_probability": 0,
        "adaptively_selected": 0
      },
      "geometry": {
        "type": "Point",
        "coordinates": [
          90.3508939,
          23.7707571
        ]
      }
    },
    {
      "type": "Feature",
      "properties": {
        "id": 1153,
        "predicted_prevalence": 0.0612195,
        "prediction_uncertainty": 0.3490789,
        "exceedance_probability": 0,
        "adaptively_selected": 0
      },
      "geometry": {
        "type": "Point",
        "coordinates": [
          90.3545408,
          23.7707571
        ]
      }
    },
    {
      "type": "Feature",
      "properties": {
        "id": 1154,
        "predicted_prevalence": 0.0788831,
        "prediction_uncertainty": 0.3979929,
        "exceedance_probability": 0,
        "adaptively_selected": 0
      },
      "geometry": {
        "type": "Point",
        "coordinates": [
          90.3581878,
          23.7707571
        ]
      }
    },
    {
      "type": "Feature",
      "properties": {
        "id": 1155,
        "predicted_prevalence": 0.0804888,
        "prediction_uncertainty": 0.3965894,
        "exceedance_probability": 0,
        "adaptively_selected": 0
      },
      "geometry": {
        "type": "Point",
        "coordinates": [
          90.3618347,
          23.7707571
        ]
      }
    },
    {
      "type": "Feature",
      "properties": {
        "id": 1156,
        "predicted_prevalence": 0.0828431,
        "prediction_uncertainty": 0.2869237,
        "exceedance_probability": 0,
        "adaptively_selected": 0
      },
      "geometry": {
        "type": "Point",
        "coordinates": [
          90.3654816,
          23.7707571
        ]
      }
    },
    {
      "type": "Feature",
      "properties": {
        "id": 1157,
        "predicted_prevalence": 0.117714,
        "prediction_uncertainty": 0.1369399,
        "exceedance_probability": 0,
        "adaptively_selected": 0
      },
      "geometry": {
        "type": "Point",
        "coordinates": [
          90.3691286,
          23.7707571
        ]
      }
    },
    {
      "type": "Feature",
      "properties": {
        "id": 1158,
        "predicted_prevalence": 0.2077418,
        "prediction_uncertainty": 0.2417509,
        "exceedance_probability": 0,
        "adaptively_selected": 0
      },
      "geometry": {
        "type": "Point",
        "coordinates": [
          90.3727755,
          23.7707571
        ]
      }
    },
    {
      "type": "Feature",
      "properties": {
        "id": 1159,
        "predicted_prevalence": 0.3417629,
        "prediction_uncertainty": 0.4216,
        "exceedance_probability": 0,
        "adaptively_selected": 0
      },
      "geometry": {
        "type": "Point",
        "coordinates": [
          90.3764224,
          23.7707571
        ]
      }
    },
    {
      "type": "Feature",
      "properties": {
        "id": 1160,
        "predicted_prevalence": 0.4727957,
        "prediction_uncertainty": 0.5226902,
        "exceedance_probability": 1,
        "adaptively_selected": 0
      },
      "geometry": {
        "type": "Point",
        "coordinates": [
          90.3800694,
          23.7707571
        ]
      }
    },
    {
      "type": "Feature",
      "properties": {
        "id": 1161,
        "predicted_prevalence": 0.5459174,
        "prediction_uncertainty": 0.5249116,
        "exceedance_probability": 1,
        "adaptively_selected": 0
      },
      "geometry": {
        "type": "Point",
        "coordinates": [
          90.3837163,
          23.7707571
        ]
      }
    },
    {
      "type": "Feature",
      "properties": {
        "id": 1162,
        "predicted_prevalence": 0.5385198,
        "prediction_uncertainty": 0.4496885,
        "exceedance_probability": 1,
        "adaptively_selected": 0
      },
      "geometry": {
        "type": "Point",
        "coordinates": [
          90.3873633,
          23.7707571
        ]
      }
    },
    {
      "type": "Feature",
      "properties": {
        "id": 1163,
        "predicted_prevalence": 0.4819425,
        "prediction_uncertainty": 0.3692848,
        "exceedance_probability": 1,
        "adaptively_selected": 0
      },
      "geometry": {
        "type": "Point",
        "coordinates": [
          90.3910102,
          23.7707571
        ]
      }
    },
    {
      "type": "Feature",
      "properties": {
        "id": 1164,
        "predicted_prevalence": 0.4423981,
        "prediction_uncertainty": 0.3894358,
        "exceedance_probability": 1,
        "adaptively_selected": 0
      },
      "geometry": {
        "type": "Point",
        "coordinates": [
          90.3946571,
          23.7707571
        ]
      }
    },
    {
      "type": "Feature",
      "properties": {
        "id": 1165,
        "predicted_prevalence": 0.4682767,
        "prediction_uncertainty": 0.4781365,
        "exceedance_probability": 1,
        "adaptively_selected": 0
      },
      "geometry": {
        "type": "Point",
        "coordinates": [
          90.3983041,
          23.7707571
        ]
      }
    },
    {
      "type": "Feature",
      "properties": {
        "id": 1166,
        "predicted_prevalence": 0.5430996,
        "prediction_uncertainty": 0.5192596,
        "exceedance_probability": 1,
        "adaptively_selected": 0
      },
      "geometry": {
        "type": "Point",
        "coordinates": [
          90.401951,
          23.7707571
        ]
      }
    },
    {
      "type": "Feature",
      "properties": {
        "id": 1167,
        "predicted_prevalence": 0.5889781,
        "prediction_uncertainty": 0.4607735,
        "exceedance_probability": 1,
        "adaptively_selected": 0
      },
      "geometry": {
        "type": "Point",
        "coordinates": [
          90.405598,
          23.7707571
        ]
      }
    },
    {
      "type": "Feature",
      "properties": {
        "id": 1168,
        "predicted_prevalence": 0.5275009,
        "prediction_uncertainty": 0.3095596,
        "exceedance_probability": 1,
        "adaptively_selected": 0
      },
      "geometry": {
        "type": "Point",
        "coordinates": [
          90.4092449,
          23.7707571
        ]
      }
    },
    {
      "type": "Feature",
      "properties": {
        "id": 1169,
        "predicted_prevalence": 0.3500943,
        "prediction_uncertainty": 0.1033811,
        "exceedance_probability": 1,
        "adaptively_selected": 0
      },
      "geometry": {
        "type": "Point",
        "coordinates": [
          90.4128918,
          23.7707571
        ]
      }
    },
    {
      "type": "Feature",
      "properties": {
        "id": 1170,
        "predicted_prevalence": 0.1340225,
        "prediction_uncertainty": 0.1137431,
        "exceedance_probability": 0,
        "adaptively_selected": 0
      },
      "geometry": {
        "type": "Point",
        "coordinates": [
          90.4165388,
          23.7707571
        ]
      }
    },
    {
      "type": "Feature",
      "properties": {
        "id": 1171,
        "predicted_prevalence": -0.0130443,
        "prediction_uncertainty": 0.2943672,
        "exceedance_probability": 0,
        "adaptively_selected": 0
      },
      "geometry": {
        "type": "Point",
        "coordinates": [
          90.4201857,
          23.7707571
        ]
      }
    },
    {
      "type": "Feature",
      "properties": {
        "id": 1172,
        "predicted_prevalence": -0.0314121,
        "prediction_uncertainty": 0.4101023,
        "exceedance_probability": 0,
        "adaptively_selected": 0
      },
      "geometry": {
        "type": "Point",
        "coordinates": [
          90.4238327,
          23.7707571
        ]
      }
    },
    {
      "type": "Feature",
      "properties": {
        "id": 1173,
        "predicted_prevalence": 0.0555428,
        "prediction_uncertainty": 0.4617997,
        "exceedance_probability": 0,
        "adaptively_selected": 0
      },
      "geometry": {
        "type": "Point",
        "coordinates": [
          90.4274796,
          23.7707571
        ]
      }
    },
    {
      "type": "Feature",
      "properties": {
        "id": 1174,
        "predicted_prevalence": 0.1711138,
        "prediction_uncertainty": 0.4931801,
        "exceedance_probability": 0,
        "adaptively_selected": 0
      },
      "geometry": {
        "type": "Point",
        "coordinates": [
          90.4311265,
          23.7707571
        ]
      }
    },
    {
      "type": "Feature",
      "properties": {
        "id": 1175,
        "predicted_prevalence": 0.2444733,
        "prediction_uncertainty": 0.5528494,
        "exceedance_probability": 0,
        "adaptively_selected": 0
      },
      "geometry": {
        "type": "Point",
        "coordinates": [
          90.4347735,
          23.7707571
        ]
      }
    },
    {
      "type": "Feature",
      "properties": {
        "id": 1176,
        "predicted_prevalence": 0.2493174,
        "prediction_uncertainty": 0.636147,
        "exceedance_probability": 0,
        "adaptively_selected": 0
      },
      "geometry": {
        "type": "Point",
        "coordinates": [
          90.4384204,
          23.7707571
        ]
      }
    },
    {
      "type": "Feature",
      "properties": {
        "id": 1177,
        "predicted_prevalence": 0.202155,
        "prediction_uncertainty": 0.7080711,
        "exceedance_probability": 0,
        "adaptively_selected": 0
      },
      "geometry": {
        "type": "Point",
        "coordinates": [
          90.4420673,
          23.7707571
        ]
      }
    },
    {
      "type": "Feature",
      "properties": {
        "id": 1178,
        "predicted_prevalence": 0.1363625,
        "prediction_uncertainty": 0.7513641,
        "exceedance_probability": 0,
        "adaptively_selected": 0
      },
      "geometry": {
        "type": "Point",
        "coordinates": [
          90.4457143,
          23.7707571
        ]
      }
    },
    {
      "type": "Feature",
      "properties": {
        "id": 1179,
        "predicted_prevalence": 0.0783256,
        "prediction_uncertainty": 0.7705774,
        "exceedance_probability": 0,
        "adaptively_selected": 0
      },
      "geometry": {
        "type": "Point",
        "coordinates": [
          90.4493612,
          23.7707571
        ]
      }
    },
    {
      "type": "Feature",
      "properties": {
        "id": 1180,
        "predicted_prevalence": 0.0388234,
        "prediction_uncertainty": 0.7769707,
        "exceedance_probability": 0,
        "adaptively_selected": 0
      },
      "geometry": {
        "type": "Point",
        "coordinates": [
          90.4530082,
          23.7707571
        ]
      }
    },
    {
      "type": "Feature",
      "properties": {
        "id": 1181,
        "predicted_prevalence": 0.0167408,
        "prediction_uncertainty": 0.778574,
        "exceedance_probability": 0,
        "adaptively_selected": 0
      },
      "geometry": {
        "type": "Point",
        "coordinates": [
          90.4566551,
          23.7707571
        ]
      }
    },
    {
      "type": "Feature",
      "properties": {
        "id": 1182,
        "predicted_prevalence": 0.006312,
        "prediction_uncertainty": 0.7788785,
        "exceedance_probability": 0,
        "adaptively_selected": 0
      },
      "geometry": {
        "type": "Point",
        "coordinates": [
          90.460302,
          23.7707571
        ]
      }
    },
    {
      "type": "Feature",
      "properties": {
        "id": 1183,
        "predicted_prevalence": 0.0020879,
        "prediction_uncertainty": 0.7789225,
        "exceedance_probability": 0,
        "adaptively_selected": 0
      },
      "geometry": {
        "type": "Point",
        "coordinates": [
          90.463949,
          23.7707571
        ]
      }
    },
    {
      "type": "Feature",
      "properties": {
        "id": 1184,
        "predicted_prevalence": 0.0006073,
        "prediction_uncertainty": 0.7789273,
        "exceedance_probability": 0,
        "adaptively_selected": 0
      },
      "geometry": {
        "type": "Point",
        "coordinates": [
          90.4675959,
          23.7707571
        ]
      }
    },
    {
      "type": "Feature",
      "properties": {
        "id": 1185,
        "predicted_prevalence": 0.0001556,
        "prediction_uncertainty": 0.7789278,
        "exceedance_probability": 0,
        "adaptively_selected": 0
      },
      "geometry": {
        "type": "Point",
        "coordinates": [
          90.4712429,
          23.7707571
        ]
      }
    },
    {
      "type": "Feature",
      "properties": {
        "id": 1186,
        "predicted_prevalence": 3.52e-05,
        "prediction_uncertainty": 0.7789278,
        "exceedance_probability": 0,
        "adaptively_selected": 0
      },
      "geometry": {
        "type": "Point",
        "coordinates": [
          90.4748898,
          23.7707571
        ]
      }
    },
    {
      "type": "Feature",
      "properties": {
        "id": 1187,
        "predicted_prevalence": 7.0337125e-06,
        "prediction_uncertainty": 0.7789278,
        "exceedance_probability": 0,
        "adaptively_selected": 0
      },
      "geometry": {
        "type": "Point",
        "coordinates": [
          90.4785367,
          23.7707571
        ]
      }
    },
    {
      "type": "Feature",
      "properties": {
        "id": 1188,
        "predicted_prevalence": 1.2997101e-06,
        "prediction_uncertainty": 0.7789278,
        "exceedance_probability": 0,
        "adaptively_selected": 0
      },
      "geometry": {
        "type": "Point",
        "coordinates": [
          90.4821837,
          23.7707571
        ]
      }
    },
    {
      "type": "Feature",
      "properties": {
        "id": 1189,
        "predicted_prevalence": 3.6859217e-07,
        "prediction_uncertainty": 0.7789278,
        "exceedance_probability": 0,
        "adaptively_selected": 0
      },
      "geometry": {
        "type": "Point",
        "coordinates": [
          90.4858306,
          23.7707571
        ]
      }
    },
    {
      "type": "Feature",
      "properties": {
        "id": 1190,
        "predicted_prevalence": 4.5773275e-07,
        "prediction_uncertainty": 0.7789278,
        "exceedance_probability": 0,
        "adaptively_selected": 1
      },
      "geometry": {
        "type": "Point",
        "coordinates": [
          90.4894776,
          23.7707571
        ]
      }
    },
    {
      "type": "Feature",
      "properties": {
        "id": 1191,
        "predicted_prevalence": 9.3027091e-07,
        "prediction_uncertainty": 0.7789278,
        "exceedance_probability": 0,
        "adaptively_selected": 0
      },
      "geometry": {
        "type": "Point",
        "coordinates": [
          90.4931245,
          23.7707571
        ]
      }
    },
    {
      "type": "Feature",
      "properties": {
        "id": 1192,
        "predicted_prevalence": 1.7457928e-06,
        "prediction_uncertainty": 0.7789278,
        "exceedance_probability": 0,
        "adaptively_selected": 0
      },
      "geometry": {
        "type": "Point",
        "coordinates": [
          90.4967714,
          23.7707571
        ]
      }
    },
    {
      "type": "Feature",
      "properties": {
        "id": 1193,
        "predicted_prevalence": 2.8772418e-06,
        "prediction_uncertainty": 0.7789278,
        "exceedance_probability": 0,
        "adaptively_selected": 0
      },
      "geometry": {
        "type": "Point",
        "coordinates": [
          90.5004184,
          23.7707571
        ]
      }
    },
    {
      "type": "Feature",
      "properties": {
        "id": 1194,
        "predicted_prevalence": 4.1521895e-06,
        "prediction_uncertainty": 0.7789278,
        "exceedance_probability": 0,
        "adaptively_selected": 0
      },
      "geometry": {
        "type": "Point",
        "coordinates": [
          90.5040653,
          23.7707571
        ]
      }
    },
    {
      "type": "Feature",
      "properties": {
        "id": 1195,
        "predicted_prevalence": 5.245909e-06,
        "prediction_uncertainty": 0.7789278,
        "exceedance_probability": 0,
        "adaptively_selected": 0
      },
      "geometry": {
        "type": "Point",
        "coordinates": [
          90.5077122,
          23.7707571
        ]
      }
    },
    {
      "type": "Feature",
      "properties": {
        "id": 1196,
        "predicted_prevalence": 5.8023343e-06,
        "prediction_uncertainty": 0.7789278,
        "exceedance_probability": 0,
        "adaptively_selected": 0
      },
      "geometry": {
        "type": "Point",
        "coordinates": [
          90.5113592,
          23.7707571
        ]
      }
    },
    {
      "type": "Feature",
      "properties": {
        "id": 1197,
        "predicted_prevalence": 5.6185323e-06,
        "prediction_uncertainty": 0.7789278,
        "exceedance_probability": 0,
        "adaptively_selected": 0
      },
      "geometry": {
        "type": "Point",
        "coordinates": [
          90.5150061,
          23.7707571
        ]
      }
    },
    {
      "type": "Feature",
      "properties": {
        "id": 1198,
        "predicted_prevalence": 4.7630063e-06,
        "prediction_uncertainty": 0.7789278,
        "exceedance_probability": 0,
        "adaptively_selected": 0
      },
      "geometry": {
        "type": "Point",
        "coordinates": [
          90.5186531,
          23.7707571
        ]
      }
    },
    {
      "type": "Feature",
      "properties": {
        "id": 1199,
        "predicted_prevalence": 3.5349034e-06,
        "prediction_uncertainty": 0.7789278,
        "exceedance_probability": 0,
        "adaptively_selected": 0
      },
      "geometry": {
        "type": "Point",
        "coordinates": [
          90.5223,
          23.7707571
        ]
      }
    },
    {
      "type": "Feature",
      "properties": {
        "id": 1200,
        "predicted_prevalence": -0.0247864,
        "prediction_uncertainty": 0.7088152,
        "exceedance_probability": 0,
        "adaptively_selected": 0
      },
      "geometry": {
        "type": "Point",
        "coordinates": [
          90.3436,
          23.7751857
        ]
      }
    },
    {
      "type": "Feature",
      "properties": {
        "id": 1201,
        "predicted_prevalence": -0.0230557,
        "prediction_uncertainty": 0.6497101,
        "exceedance_probability": 0,
        "adaptively_selected": 0
      },
      "geometry": {
        "type": "Point",
        "coordinates": [
          90.3472469,
          23.7751857
        ]
      }
    },
    {
      "type": "Feature",
      "properties": {
        "id": 1202,
        "predicted_prevalence": -0.0135312,
        "prediction_uncertainty": 0.5964356,
        "exceedance_probability": 0,
        "adaptively_selected": 0
      },
      "geometry": {
        "type": "Point",
        "coordinates": [
          90.3508939,
          23.7751857
        ]
      }
    },
    {
      "type": "Feature",
      "properties": {
        "id": 1203,
        "predicted_prevalence": 0.0004917,
        "prediction_uncertainty": 0.5774757,
        "exceedance_probability": 0,
        "adaptively_selected": 0
      },
      "geometry": {
        "type": "Point",
        "coordinates": [
          90.3545408,
          23.7751857
        ]
      }
    },
    {
      "type": "Feature",
      "properties": {
        "id": 1204,
        "predicted_prevalence": 0.0124632,
        "prediction_uncertainty": 0.5787739,
        "exceedance_probability": 0,
        "adaptively_selected": 0
      },
      "geometry": {
        "type": "Point",
        "coordinates": [
          90.3581878,
          23.7751857
        ]
      }
    },
    {
      "type": "Feature",
      "properties": {
        "id": 1205,
        "predicted_prevalence": 0.0193204,
        "prediction_uncertainty": 0.5516931,
        "exceedance_probability": 0,
        "adaptively_selected": 0
      },
      "geometry": {
        "type": "Point",
        "coordinates": [
          90.3618347,
          23.7751857
        ]
      }
    },
    {
      "type": "Feature",
      "properties": {
        "id": 1206,
        "predicted_prevalence": 0.028265,
        "prediction_uncertainty": 0.4799189,
        "exceedance_probability": 0,
        "adaptively_selected": 0
      },
      "geometry": {
        "type": "Point",
        "coordinates": [
          90.3654816,
          23.7751857
        ]
      }
    },
    {
      "type": "Feature",
      "properties": {
        "id": 1207,
        "predicted_prevalence": 0.055698,
        "prediction_uncertainty": 0.4223474,
        "exceedance_probability": 0,
        "adaptively_selected": 0
      },
      "geometry": {
        "type": "Point",
        "coordinates": [
          90.3691286,
          23.7751857
        ]
      }
    },
    {
      "type": "Feature",
      "properties": {
        "id": 1208,
        "predicted_prevalence": 0.1158924,
        "prediction_uncertainty": 0.4617304,
        "exceedance_probability": 0,
        "adaptively_selected": 0
      },
      "geometry": {
        "type": "Point",
        "coordinates": [
          90.3727755,
          23.7751857
        ]
      }
    },
    {
      "type": "Feature",
      "properties": {
        "id": 1209,
        "predicted_prevalence": 0.2069796,
        "prediction_uncertainty": 0.5616289,
        "exceedance_probability": 0,
        "adaptively_selected": 0
      },
      "geometry": {
        "type": "Point",
        "coordinates": [
          90.3764224,
          23.7751857
        ]
      }
    },
    {
      "type": "Feature",
      "properties": {
        "id": 1210,
        "predicted_prevalence": 0.3064848,
        "prediction_uncertainty": 0.6363801,
        "exceedance_probability": 0,
        "adaptively_selected": 0
      },
      "geometry": {
        "type": "Point",
        "coordinates": [
          90.3800694,
          23.7751857
        ]
      }
    },
    {
      "type": "Feature",
      "properties": {
        "id": 1211,
        "predicted_prevalence": 0.3825885,
        "prediction_uncertainty": 0.6518681,
        "exceedance_probability": 1,
        "adaptively_selected": 0
      },
      "geometry": {
        "type": "Point",
        "coordinates": [
          90.3837163,
          23.7751857
        ]
      }
    },
    {
      "type": "Feature",
      "properties": {
        "id": 1212,
        "predicted_prevalence": 0.4149742,
        "prediction_uncertainty": 0.620614,
        "exceedance_probability": 1,
        "adaptively_selected": 0
      },
      "geometry": {
        "type": "Point",
        "coordinates": [
          90.3873633,
          23.7751857
        ]
      }
    },
    {
      "type": "Feature",
      "properties": {
        "id": 1213,
        "predicted_prevalence": 0.409893,
        "prediction_uncertainty": 0.5855543,
        "exceedance_probability": 1,
        "adaptively_selected": 0
      },
      "geometry": {
        "type": "Point",
        "coordinates": [
          90.3910102,
          23.7751857
        ]
      }
    },
    {
      "type": "Feature",
      "properties": {
        "id": 1214,
        "predicted_prevalence": 0.3954397,
        "prediction_uncertainty": 0.5867043,
        "exceedance_probability": 1,
        "adaptively_selected": 0
      },
      "geometry": {
        "type": "Point",
        "coordinates": [
          90.3946571,
          23.7751857
        ]
      }
    },
    {
      "type": "Feature",
      "properties": {
        "id": 1215,
        "predicted_prevalence": 0.3969086,
        "prediction_uncertainty": 0.61033,
        "exceedance_probability": 1,
        "adaptively_selected": 0
      },
      "geometry": {
        "type": "Point",
        "coordinates": [
          90.3983041,
          23.7751857
        ]
      }
    },
    {
      "type": "Feature",
      "properties": {
        "id": 1216,
        "predicted_prevalence": 0.4109716,
        "prediction_uncertainty": 0.6007849,
        "exceedance_probability": 1,
        "adaptively_selected": 0
      },
      "geometry": {
        "type": "Point",
        "coordinates": [
          90.401951,
          23.7751857
        ]
      }
    },
    {
      "type": "Feature",
      "properties": {
        "id": 1217,
        "predicted_prevalence": 0.404092,
        "prediction_uncertainty": 0.5152118,
        "exceedance_probability": 1,
        "adaptively_selected": 0
      },
      "geometry": {
        "type": "Point",
        "coordinates": [
          90.405598,
          23.7751857
        ]
      }
    },
    {
      "type": "Feature",
      "properties": {
        "id": 1218,
        "predicted_prevalence": 0.3425423,
        "prediction_uncertainty": 0.348327,
        "exceedance_probability": 0,
        "adaptively_selected": 0
      },
      "geometry": {
        "type": "Point",
        "coordinates": [
          90.4092449,
          23.7751857
        ]
      }
    },
    {
      "type": "Feature",
      "properties": {
        "id": 1219,
        "predicted_prevalence": 0.2301573,
        "prediction_uncertainty": 0.1467918,
        "exceedance_probability": 0,
        "adaptively_selected": 0
      },
      "geometry": {
        "type": "Point",
        "coordinates": [
          90.4128918,
          23.7751857
        ]
      }
    },
    {
      "type": "Feature",
      "properties": {
        "id": 1220,
        "predicted_prevalence": 0.1170772,
        "prediction_uncertainty": 0.1654195,
        "exceedance_probability": 0,
        "adaptively_selected": 0
      },
      "geometry": {
        "type": "Point",
        "coordinates": [
          90.4165388,
          23.7751857
        ]
      }
    },
    {
      "type": "Feature",
      "properties": {
        "id": 1221,
        "predicted_prevalence": 0.0664705,
        "prediction_uncertainty": 0.3148857,
        "exceedance_probability": 0,
        "adaptively_selected": 0
      },
      "geometry": {
        "type": "Point",
        "coordinates": [
          90.4201857,
          23.7751857
        ]
      }
    },
    {
      "type": "Feature",
      "properties": {
        "id": 1222,
        "predicted_prevalence": 0.1061188,
        "prediction_uncertainty": 0.3700597,
        "exceedance_probability": 0,
        "adaptively_selected": 0
      },
      "geometry": {
        "type": "Point",
        "coordinates": [
          90.4238327,
          23.7751857
        ]
      }
    },
    {
      "type": "Feature",
      "properties": {
        "id": 1223,
        "predicted_prevalence": 0.2070328,
        "prediction_uncertainty": 0.3197078,
        "exceedance_probability": 0,
        "adaptively_selected": 0
      },
      "geometry": {
        "type": "Point",
        "coordinates": [
          90.4274796,
          23.7751857
        ]
      }
    },
    {
      "type": "Feature",
      "properties": {
        "id": 1224,
        "predicted_prevalence": 0.3059615,
        "prediction_uncertainty": 0.2632815,
        "exceedance_probability": 0,
        "adaptively_selected": 0
      },
      "geometry": {
        "type": "Point",
        "coordinates": [
          90.4311265,
          23.7751857
        ]
      }
    },
    {
      "type": "Feature",
      "properties": {
        "id": 1225,
        "predicted_prevalence": 0.3495337,
        "prediction_uncertainty": 0.3589835,
        "exceedance_probability": 0,
        "adaptively_selected": 0
      },
      "geometry": {
        "type": "Point",
        "coordinates": [
          90.4347735,
          23.7751857
        ]
      }
    },
    {
      "type": "Feature",
      "properties": {
        "id": 1226,
        "predicted_prevalence": 0.3235123,
        "prediction_uncertainty": 0.5256941,
        "exceedance_probability": 0,
        "adaptively_selected": 0
      },
      "geometry": {
        "type": "Point",
        "coordinates": [
          90.4384204,
          23.7751857
        ]
      }
    },
    {
      "type": "Feature",
      "properties": {
        "id": 1227,
        "predicted_prevalence": 0.2500776,
        "prediction_uncertainty": 0.6575583,
        "exceedance_probability": 0,
        "adaptively_selected": 0
      },
      "geometry": {
        "type": "Point",
        "coordinates": [
          90.4420673,
          23.7751857
        ]
      }
    },
    {
      "type": "Feature",
      "properties": {
        "id": 1228,
        "predicted_prevalence": 0.1644597,
        "prediction_uncertainty": 0.7325749,
        "exceedance_probability": 0,
        "adaptively_selected": 0
      },
      "geometry": {
        "type": "Point",
        "coordinates": [
          90.4457143,
          23.7751857
        ]
      }
    },
    {
      "type": "Feature",
      "properties": {
        "id": 1229,
        "predicted_prevalence": 0.0930634,
        "prediction_uncertainty": 0.7650221,
        "exceedance_probability": 0,
        "adaptively_selected": 0
      },
      "geometry": {
        "type": "Point",
        "coordinates": [
          90.4493612,
          23.7751857
        ]
      }
    },
    {
      "type": "Feature",
      "properties": {
        "id": 1230,
        "predicted_prevalence": 0.0456376,
        "prediction_uncertainty": 0.7756951,
        "exceedance_probability": 0,
        "adaptively_selected": 0
      },
      "geometry": {
        "type": "Point",
        "coordinates": [
          90.4530082,
          23.7751857
        ]
      }
    },
    {
      "type": "Feature",
      "properties": {
        "id": 1231,
        "predicted_prevalence": 0.0194829,
        "prediction_uncertainty": 0.77835,
        "exceedance_probability": 0,
        "adaptively_selected": 0
      },
      "geometry": {
        "type": "Point",
        "coordinates": [
          90.4566551,
          23.7751857
        ]
      }
    },
    {
      "type": "Feature",
      "properties": {
        "id": 1232,
        "predicted_prevalence": 0.0072615,
        "prediction_uncertainty": 0.7788486,
        "exceedance_probability": 0,
        "adaptively_selected": 0
      },
      "geometry": {
        "type": "Point",
        "coordinates": [
          90.460302,
          23.7751857
        ]
      }
    },
    {
      "type": "Feature",
      "properties": {
        "id": 1233,
        "predicted_prevalence": 0.0023674,
        "prediction_uncertainty": 0.7789195,
        "exceedance_probability": 0,
        "adaptively_selected": 0
      },
      "geometry": {
        "type": "Point",
        "coordinates": [
          90.463949,
          23.7751857
        ]
      }
    },
    {
      "type": "Feature",
      "properties": {
        "id": 1234,
        "predicted_prevalence": 0.0006759,
        "prediction_uncertainty": 0.7789271,
        "exceedance_probability": 0,
        "adaptively_selected": 0
      },
      "geometry": {
        "type": "Point",
        "coordinates": [
          90.4675959,
          23.7751857
        ]
      }
    },
    {
      "type": "Feature",
      "properties": {
        "id": 1235,
        "predicted_prevalence": 0.0001692,
        "prediction_uncertainty": 0.7789277,
        "exceedance_probability": 0,
        "adaptively_selected": 0
      },
      "geometry": {
        "type": "Point",
        "coordinates": [
          90.4712429,
          23.7751857
        ]
      }
    },
    {
      "type": "Feature",
      "properties": {
        "id": 1236,
        "predicted_prevalence": 3.71e-05,
        "prediction_uncertainty": 0.7789278,
        "exceedance_probability": 0,
        "adaptively_selected": 0
      },
      "geometry": {
        "type": "Point",
        "coordinates": [
          90.4748898,
          23.7751857
        ]
      }
    },
    {
      "type": "Feature",
      "properties": {
        "id": 1237,
        "predicted_prevalence": 7.1610665e-06,
        "prediction_uncertainty": 0.7789278,
        "exceedance_probability": 0,
        "adaptively_selected": 0
      },
      "geometry": {
        "type": "Point",
        "coordinates": [
          90.4785367,
          23.7751857
        ]
      }
    },
    {
      "type": "Feature",
      "properties": {
        "id": 1238,
        "predicted_prevalence": 1.2186996e-06,
        "prediction_uncertainty": 0.7789278,
        "exceedance_probability": 0,
        "adaptively_selected": 0
      },
      "geometry": {
        "type": "Point",
        "coordinates": [
          90.4821837,
          23.7751857
        ]
      }
    },
    {
      "type": "Feature",
      "properties": {
        "id": 1239,
        "predicted_prevalence": 1.9978823e-07,
        "prediction_uncertainty": 0.7789278,
        "exceedance_probability": 0,
        "adaptively_selected": 0
      },
      "geometry": {
        "type": "Point",
        "coordinates": [
          90.4858306,
          23.7751857
        ]
      }
    },
    {
      "type": "Feature",
      "properties": {
        "id": 1240,
        "predicted_prevalence": 7.1565875e-08,
        "prediction_uncertainty": 0.7789278,
        "exceedance_probability": 0,
        "adaptively_selected": 0
      },
      "geometry": {
        "type": "Point",
        "coordinates": [
          90.4894776,
          23.7751857
        ]
      }
    },
    {
      "type": "Feature",
      "properties": {
        "id": 1241,
        "predicted_prevalence": 1.0591284e-07,
        "prediction_uncertainty": 0.7789278,
        "exceedance_probability": 0,
        "adaptively_selected": 0
      },
      "geometry": {
        "type": "Point",
        "coordinates": [
          90.4931245,
          23.7751857
        ]
      }
    },
    {
      "type": "Feature",
      "properties": {
        "id": 1242,
        "predicted_prevalence": 1.9458527e-07,
        "prediction_uncertainty": 0.7789278,
        "exceedance_probability": 0,
        "adaptively_selected": 0
      },
      "geometry": {
        "type": "Point",
        "coordinates": [
          90.4967714,
          23.7751857
        ]
      }
    },
    {
      "type": "Feature",
      "properties": {
        "id": 1243,
        "predicted_prevalence": 3.2032825e-07,
        "prediction_uncertainty": 0.7789278,
        "exceedance_probability": 0,
        "adaptively_selected": 0
      },
      "geometry": {
        "type": "Point",
        "coordinates": [
          90.5004184,
          23.7751857
        ]
      }
    },
    {
      "type": "Feature",
      "properties": {
        "id": 1244,
        "predicted_prevalence": 4.6224194e-07,
        "prediction_uncertainty": 0.7789278,
        "exceedance_probability": 0,
        "adaptively_selected": 0
      },
      "geometry": {
        "type": "Point",
        "coordinates": [
          90.5040653,
          23.7751857
        ]
      }
    },
    {
      "type": "Feature",
      "properties": {
        "id": 1245,
        "predicted_prevalence": 5.8399819e-07,
        "prediction_uncertainty": 0.7789278,
        "exceedance_probability": 0,
        "adaptively_selected": 0
      },
      "geometry": {
        "type": "Point",
        "coordinates": [
          90.5077122,
          23.7751857
        ]
      }
    },
    {
      "type": "Feature",
      "properties": {
        "id": 1246,
        "predicted_prevalence": 6.4594184e-07,
        "prediction_uncertainty": 0.7789278,
        "exceedance_probability": 0,
        "adaptively_selected": 0
      },
      "geometry": {
        "type": "Point",
        "coordinates": [
          90.5113592,
          23.7751857
        ]
      }
    },
    {
      "type": "Feature",
      "properties": {
        "id": 1247,
        "predicted_prevalence": 6.2548017e-07,
        "prediction_uncertainty": 0.7789278,
        "exceedance_probability": 0,
        "adaptively_selected": 0
      },
      "geometry": {
        "type": "Point",
        "coordinates": [
          90.5150061,
          23.7751857
        ]
      }
    },
    {
      "type": "Feature",
      "properties": {
        "id": 1248,
        "predicted_prevalence": 5.3023918e-07,
        "prediction_uncertainty": 0.7789278,
        "exceedance_probability": 0,
        "adaptively_selected": 1
      },
      "geometry": {
        "type": "Point",
        "coordinates": [
          90.5186531,
          23.7751857
        ]
      }
    },
    {
      "type": "Feature",
      "properties": {
        "id": 1249,
        "predicted_prevalence": 3.9352127e-07,
        "prediction_uncertainty": 0.7789278,
        "exceedance_probability": 0,
        "adaptively_selected": 0
      },
      "geometry": {
        "type": "Point",
        "coordinates": [
          90.5223,
          23.7751857
        ]
      }
    },
    {
      "type": "Feature",
      "properties": {
        "id": 1250,
        "predicted_prevalence": -0.0122332,
        "prediction_uncertainty": 0.7542685,
        "exceedance_probability": 0,
        "adaptively_selected": 0
      },
      "geometry": {
        "type": "Point",
        "coordinates": [
          90.3436,
          23.7796143
        ]
      }
    },
    {
      "type": "Feature",
      "properties": {
        "id": 1251,
        "predicted_prevalence": -0.0071257,
        "prediction_uncertainty": 0.7336414,
        "exceedance_probability": 0,
        "adaptively_selected": 0
      },
      "geometry": {
        "type": "Point",
        "coordinates": [
          90.3472469,
          23.7796143
        ]
      }
    },
    {
      "type": "Feature",
      "properties": {
        "id": 1252,
        "predicted_prevalence": 0.0059616,
        "prediction_uncertainty": 0.7132685,
        "exceedance_probability": 0,
        "adaptively_selected": 0
      },
      "geometry": {
        "type": "Point",
        "coordinates": [
          90.3508939,
          23.7796143
        ]
      }
    },
    {
      "type": "Feature",
      "properties": {
        "id": 1253,
        "predicted_prevalence": 0.0251011,
        "prediction_uncertainty": 0.6987842,
        "exceedance_probability": 0,
        "adaptively_selected": 0
      },
      "geometry": {
        "type": "Point",
        "coordinates": [
          90.3545408,
          23.7796143
        ]
      }
    },
    {
      "type": "Feature",
      "properties": {
        "id": 1254,
        "predicted_prevalence": 0.0443724,
        "prediction_uncertainty": 0.6843097,
        "exceedance_probability": 0,
        "adaptively_selected": 0
      },
      "geometry": {
        "type": "Point",
        "coordinates": [
          90.3581878,
          23.7796143
        ]
      }
    },
    {
      "type": "Feature",
      "properties": {
        "id": 1255,
        "predicted_prevalence": 0.0577708,
        "prediction_uncertainty": 0.6578693,
        "exceedance_probability": 0,
        "adaptively_selected": 0
      },
      "geometry": {
        "type": "Point",
        "coordinates": [
          90.3618347,
          23.7796143
        ]
      }
    },
    {
      "type": "Feature",
      "properties": {
        "id": 1256,
        "predicted_prevalence": 0.0648264,
        "prediction_uncertainty": 0.6228677,
        "exceedance_probability": 0,
        "adaptively_selected": 0
      },
      "geometry": {
        "type": "Point",
        "coordinates": [
          90.3654816,
          23.7796143
        ]
      }
    },
    {
      "type": "Feature",
      "properties": {
        "id": 1257,
        "predicted_prevalence": 0.07277,
        "prediction_uncertainty": 0.6062171,
        "exceedance_probability": 0,
        "adaptively_selected": 0
      },
      "geometry": {
        "type": "Point",
        "coordinates": [
          90.3691286,
          23.7796143
        ]
      }
    },
    {
      "type": "Feature",
      "properties": {
        "id": 1258,
        "predicted_prevalence": 0.0920467,
        "prediction_uncertainty": 0.6294222,
        "exceedance_probability": 0,
        "adaptively_selected": 0
      },
      "geometry": {
        "type": "Point",
        "coordinates": [
          90.3727755,
          23.7796143
        ]
      }
    },
    {
      "type": "Feature",
      "properties": {
        "id": 1259,
        "predicted_prevalence": 0.127845,
        "prediction_uncertainty": 0.6767692,
        "exceedance_probability": 0,
        "adaptively_selected": 0
      },
      "geometry": {
        "type": "Point",
        "coordinates": [
          90.3764224,
          23.7796143
        ]
      }
    },
    {
      "type": "Feature",
      "properties": {
        "id": 1260,
        "predicted_prevalence": 0.1745116,
        "prediction_uncertainty": 0.7154733,
        "exceedance_probability": 0,
        "adaptively_selected": 0
      },
      "geometry": {
        "type": "Point",
        "coordinates": [
          90.3800694,
          23.7796143
        ]
      }
    },
    {
      "type": "Feature",
      "properties": {
        "id": 1261,
        "predicted_prevalence": 0.2180199,
        "prediction_uncertainty": 0.7281161,
        "exceedance_probability": 0,
        "adaptively_selected": 0
      },
      "geometry": {
        "type": "Point",
        "coordinates": [
          90.3837163,
          23.7796143
        ]
      }
    },
    {
      "type": "Feature",
      "properties": {
        "id": 1262,
        "predicted_prevalence": 0.2453846,
        "prediction_uncertainty": 0.7179312,
        "exceedance_probability": 0,
        "adaptively_selected": 0
      },
      "geometry": {
        "type": "Point",
        "coordinates": [
          90.3873633,
          23.7796143
        ]
      }
    },
    {
      "type": "Feature",
      "properties": {
        "id": 1263,
        "predicted_prevalence": 0.2539667,
        "prediction_uncertainty": 0.6991669,
        "exceedance_probability": 0,
        "adaptively_selected": 0
      },
      "geometry": {
        "type": "Point",
        "coordinates": [
          90.3910102,
          23.7796143
        ]
      }
    },
    {
      "type": "Feature",
      "properties": {
        "id": 1264,
        "predicted_prevalence": 0.2525441,
        "prediction_uncertainty": 0.6832537,
        "exceedance_probability": 0,
        "adaptively_selected": 0
      },
      "geometry": {
        "type": "Point",
        "coordinates": [
          90.3946571,
          23.7796143
        ]
      }
    },
    {
      "type": "Feature",
      "properties": {
        "id": 1265,
        "predicted_prevalence": 0.2518312,
        "prediction_uncertainty": 0.666765,
        "exceedance_probability": 0,
        "adaptively_selected": 0
      },
      "geometry": {
        "type": "Point",
        "coordinates": [
          90.3983041,
          23.7796143
        ]
      }
    },
    {
      "type": "Feature",
      "properties": {
        "id": 1266,
        "predicted_prevalence": 0.2520492,
        "prediction_uncertainty": 0.629489,
        "exceedance_probability": 0,
        "adaptively_selected": 0
      },
      "geometry": {
        "type": "Point",
        "coordinates": [
          90.401951,
          23.7796143
        ]
      }
    },
    {
      "type": "Feature",
      "properties": {
        "id": 1267,
        "predicted_prevalence": 0.2406129,
        "prediction_uncertainty": 0.5435183,
        "exceedance_probability": 0,
        "adaptively_selected": 0
      },
      "geometry": {
        "type": "Point",
        "coordinates": [
          90.405598,
          23.7796143
        ]
      }
    },
    {
      "type": "Feature",
      "properties": {
        "id": 1268,
        "predicted_prevalence": 0.2057599,
        "prediction_uncertainty": 0.390934,
        "exceedance_probability": 0,
        "adaptively_selected": 0
      },
      "geometry": {
        "type": "Point",
        "coordinates": [
          90.4092449,
          23.7796143
        ]
      }
    },
    {
      "type": "Feature",
      "properties": {
        "id": 1269,
        "predicted_prevalence": 0.155346,
        "prediction_uncertainty": 0.1906331,
        "exceedance_probability": 0,
        "adaptively_selected": 0
      },
      "geometry": {
        "type": "Point",
        "coordinates": [
          90.4128918,
          23.7796143
        ]
      }
    },
    {
      "type": "Feature",
      "properties": {
        "id": 1270,
        "predicted_prevalence": 0.1206052,
        "prediction_uncertainty": 0.124893,
        "exceedance_probability": 0,
        "adaptively_selected": 0
      },
      "geometry": {
        "type": "Point",
        "coordinates": [
          90.4165388,
          23.7796143
        ]
      }
    },
    {
      "type": "Feature",
      "properties": {
        "id": 1271,
        "predicted_prevalence": 0.1358842,
        "prediction_uncertainty": 0.2638756,
        "exceedance_probability": 0,
        "adaptively_selected": 0
      },
      "geometry": {
        "type": "Point",
        "coordinates": [
          90.4201857,
          23.7796143
        ]
      }
    },
    {
      "type": "Feature",
      "properties": {
        "id": 1272,
        "predicted_prevalence": 0.2092117,
        "prediction_uncertainty": 0.3104417,
        "exceedance_probability": 0,
        "adaptively_selected": 0
      },
      "geometry": {
        "type": "Point",
        "coordinates": [
          90.4238327,
          23.7796143
        ]
      }
    },
    {
      "type": "Feature",
      "properties": {
        "id": 1273,
        "predicted_prevalence": 0.310384,
        "prediction_uncertainty": 0.2177823,
        "exceedance_probability": 0,
        "adaptively_selected": 0
      },
      "geometry": {
        "type": "Point",
        "coordinates": [
          90.4274796,
          23.7796143
        ]
      }
    },
    {
      "type": "Feature",
      "properties": {
        "id": 1274,
        "predicted_prevalence": 0.3887538,
        "prediction_uncertainty": 0.0532551,
        "exceedance_probability": 1,
        "adaptively_selected": 0
      },
      "geometry": {
        "type": "Point",
        "coordinates": [
          90.4311265,
          23.7796143
        ]
      }
    },
    {
      "type": "Feature",
      "properties": {
        "id": 1275,
        "predicted_prevalence": 0.4060721,
        "prediction_uncertainty": 0.2564227,
        "exceedance_probability": 1,
        "adaptively_selected": 0
      },
      "geometry": {
        "type": "Point",
        "coordinates": [
          90.4347735,
          23.7796143
        ]
      }
    },
    {
      "type": "Feature",
      "properties": {
        "id": 1276,
        "predicted_prevalence": 0.3577621,
        "prediction_uncertainty": 0.4809679,
        "exceedance_probability": 1,
        "adaptively_selected": 1
      },
      "geometry": {
        "type": "Point",
        "coordinates": [
          90.4384204,
          23.7796143
        ]
      }
    },
    {
      "type": "Feature",
      "properties": {
        "id": 1277,
        "predicted_prevalence": 0.2690085,
        "prediction_uncertainty": 0.6389547,
        "exceedance_probability": 0,
        "adaptively_selected": 0
      },
      "geometry": {
        "type": "Point",
        "coordinates": [
          90.4420673,
          23.7796143
        ]
      }
    },
    {
      "type": "Feature",
      "properties": {
        "id": 1278,
        "predicted_prevalence": 0.1741531,
        "prediction_uncertainty": 0.7258796,
        "exceedance_probability": 0,
        "adaptively_selected": 0
      },
      "geometry": {
        "type": "Point",
        "coordinates": [
          90.4457143,
          23.7796143
        ]
      }
    },
    {
      "type": "Feature",
      "properties": {
        "id": 1279,
        "predicted_prevalence": 0.0976582,
        "prediction_uncertainty": 0.7630571,
        "exceedance_probability": 0,
        "adaptively_selected": 0
      },
      "geometry": {
        "type": "Point",
        "coordinates": [
          90.4493612,
          23.7796143
        ]
      }
    },
    {
      "type": "Feature",
      "properties": {
        "id": 1280,
        "predicted_prevalence": 0.0476259,
        "prediction_uncertainty": 0.7752416,
        "exceedance_probability": 0,
        "adaptively_selected": 0
      },
      "geometry": {
        "type": "Point",
        "coordinates": [
          90.4530082,
          23.7796143
        ]
      }
    },
    {
      "type": "Feature",
      "properties": {
        "id": 1281,
        "predicted_prevalence": 0.0202527,
        "prediction_uncertainty": 0.7782692,
        "exceedance_probability": 0,
        "adaptively_selected": 0
      },
      "geometry": {
        "type": "Point",
        "coordinates": [
          90.4566551,
          23.7796143
        ]
      }
    },
    {
      "type": "Feature",
      "properties": {
        "id": 1282,
        "predicted_prevalence": 0.0075228,
        "prediction_uncertainty": 0.7788376,
        "exceedance_probability": 0,
        "adaptively_selected": 0
      },
      "geometry": {
        "type": "Point",
        "coordinates": [
          90.460302,
          23.7796143
        ]
      }
    },
    {
      "type": "Feature",
      "properties": {
        "id": 1283,
        "predicted_prevalence": 0.0024435,
        "prediction_uncertainty": 0.7789183,
        "exceedance_probability": 0,
        "adaptively_selected": 0
      },
      "geometry": {
        "type": "Point",
        "coordinates": [
          90.463949,
          23.7796143
        ]
      }
    },
    {
      "type": "Feature",
      "properties": {
        "id": 1284,
        "predicted_prevalence": 0.0006946,
        "prediction_uncertainty": 0.778927,
        "exceedance_probability": 0,
        "adaptively_selected": 0
      },
      "geometry": {
        "type": "Point",
        "coordinates": [
          90.4675959,
          23.7796143
        ]
      }
    },
    {
      "type": "Feature",
      "properties": {
        "id": 1285,
        "predicted_prevalence": 0.0001729,
        "prediction_uncertainty": 0.7789277,
        "exceedance_probability": 0,
        "adaptively_selected": 0
      },
      "geometry": {
        "type": "Point",
        "coordinates": [
          90.4712429,
          23.7796143
        ]
      }
    },
    {
      "type": "Feature",
      "properties": {
        "id": 1286,
        "predicted_prevalence": 3.77e-05,
        "prediction_uncertainty": 0.7789278,
        "exceedance_probability": 0,
        "adaptively_selected": 0
      },
      "geometry": {
        "type": "Point",
        "coordinates": [
          90.4748898,
          23.7796143
        ]
      }
    },
    {
      "type": "Feature",
      "properties": {
        "id": 1287,
        "predicted_prevalence": 7.1984356e-06,
        "prediction_uncertainty": 0.7789278,
        "exceedance_probability": 0,
        "adaptively_selected": 0
      },
      "geometry": {
        "type": "Point",
        "coordinates": [
          90.4785367,
          23.7796143
        ]
      }
    },
    {
      "type": "Feature",
      "properties": {
        "id": 1288,
        "predicted_prevalence": 1.2056992e-06,
        "prediction_uncertainty": 0.7789278,
        "exceedance_probability": 0,
        "adaptively_selected": 0
      },
      "geometry": {
        "type": "Point",
        "coordinates": [
          90.4821837,
          23.7796143
        ]
      }
    },
    {
      "type": "Feature",
      "properties": {
        "id": 1289,
        "predicted_prevalence": 1.7866105e-07,
        "prediction_uncertainty": 0.7789278,
        "exceedance_probability": 0,
        "adaptively_selected": 1
      },
      "geometry": {
        "type": "Point",
        "coordinates": [
          90.4858306,
          23.7796143
        ]
      }
    },
    {
      "type": "Feature",
      "properties": {
        "id": 1290,
        "predicted_prevalence": 2.7159702e-08,
        "prediction_uncertainty": 0.7789278,
        "exceedance_probability": 0,
        "adaptively_selected": 0
      },
      "geometry": {
        "type": "Point",
        "coordinates": [
          90.4894776,
          23.7796143
        ]
      }
    },
    {
      "type": "Feature",
      "properties": {
        "id": 1291,
        "predicted_prevalence": 1.2014362e-08,
        "prediction_uncertainty": 0.7789278,
        "exceedance_probability": 0,
        "adaptively_selected": 0
      },
      "geometry": {
        "type": "Point",
        "coordinates": [
          90.4931245,
          23.7796143
        ]
      }
    },
    {
      "type": "Feature",
      "properties": {
        "id": 1292,
        "predicted_prevalence": 1.8034178e-08,
        "prediction_uncertainty": 0.7789278,
        "exceedance_probability": 0,
        "adaptively_selected": 0
      },
      "geometry": {
        "type": "Point",
        "coordinates": [
          90.4967714,
          23.7796143
        ]
      }
    },
    {
      "type": "Feature",
      "properties": {
        "id": 1293,
        "predicted_prevalence": 2.932964e-08,
        "prediction_uncertainty": 0.7789278,
        "exceedance_probability": 0,
        "adaptively_selected": 0
      },
      "geometry": {
        "type": "Point",
        "coordinates": [
          90.5004184,
          23.7796143
        ]
      }
    },
    {
      "type": "Feature",
      "properties": {
        "id": 1294,
        "predicted_prevalence": 4.2296143e-08,
        "prediction_uncertainty": 0.7789278,
        "exceedance_probability": 0,
        "adaptively_selected": 0
      },
      "geometry": {
        "type": "Point",
        "coordinates": [
          90.5040653,
          23.7796143
        ]
      }
    },
    {
      "type": "Feature",
      "properties": {
        "id": 1295,
        "predicted_prevalence": 5.3435281e-08,
        "prediction_uncertainty": 0.7789278,
        "exceedance_probability": 0,
        "adaptively_selected": 0
      },
      "geometry": {
        "type": "Point",
        "coordinates": [
          90.5077122,
          23.7796143
        ]
      }
    },
    {
      "type": "Feature",
      "properties": {
        "id": 1296,
        "predicted_prevalence": 5.9102959e-08,
        "prediction_uncertainty": 0.7789278,
        "exceedance_probability": 0,
        "adaptively_selected": 0
      },
      "geometry": {
        "type": "Point",
        "coordinates": [
          90.5113592,
          23.7796143
        ]
      }
    },
    {
      "type": "Feature",
      "properties": {
        "id": 1297,
        "predicted_prevalence": 5.7230734e-08,
        "prediction_uncertainty": 0.7789278,
        "exceedance_probability": 0,
        "adaptively_selected": 0
      },
      "geometry": {
        "type": "Point",
        "coordinates": [
          90.5150061,
          23.7796143
        ]
      }
    },
    {
      "type": "Feature",
      "properties": {
        "id": 1298,
        "predicted_prevalence": 4.851629e-08,
        "prediction_uncertainty": 0.7789278,
        "exceedance_probability": 0,
        "adaptively_selected": 0
      },
      "geometry": {
        "type": "Point",
        "coordinates": [
          90.5186531,
          23.7796143
        ]
      }
    },
    {
      "type": "Feature",
      "properties": {
        "id": 1299,
        "predicted_prevalence": 3.6006755e-08,
        "prediction_uncertainty": 0.7789278,
        "exceedance_probability": 0,
        "adaptively_selected": 0
      },
      "geometry": {
        "type": "Point",
        "coordinates": [
          90.5223,
          23.7796143
        ]
      }
    },
    {
      "type": "Feature",
      "properties": {
        "id": 1300,
        "predicted_prevalence": 0.0094737,
        "prediction_uncertainty": 0.7718394,
        "exceedance_probability": 0,
        "adaptively_selected": 0
      },
      "geometry": {
        "type": "Point",
        "coordinates": [
          90.3436,
          23.7840429
        ]
      }
    },
    {
      "type": "Feature",
      "properties": {
        "id": 1301,
        "predicted_prevalence": 0.0277603,
        "prediction_uncertainty": 0.7632332,
        "exceedance_probability": 0,
        "adaptively_selected": 0
      },
      "geometry": {
        "type": "Point",
        "coordinates": [
          90.3472469,
          23.7840429
        ]
      }
    },
    {
      "type": "Feature",
      "properties": {
        "id": 1302,
        "predicted_prevalence": 0.0581107,
        "prediction_uncertainty": 0.7478377,
        "exceedance_probability": 0,
        "adaptively_selected": 0
      },
      "geometry": {
        "type": "Point",
        "coordinates": [
          90.3508939,
          23.7840429
        ]
      }
    },
    {
      "type": "Feature",
      "properties": {
        "id": 1303,
        "predicted_prevalence": 0.0974548,
        "prediction_uncertainty": 0.7222448,
        "exceedance_probability": 0,
        "adaptively_selected": 0
      },
      "geometry": {
        "type": "Point",
        "coordinates": [
          90.3545408,
          23.7840429
        ]
      }
    },
    {
      "type": "Feature",
      "properties": {
        "id": 1304,
        "predicted_prevalence": 0.1364583,
        "prediction_uncertainty": 0.6858362,
        "exceedance_probability": 0,
        "adaptively_selected": 0
      },
      "geometry": {
        "type": "Point",
        "coordinates": [
          90.3581878,
          23.7840429
        ]
      }
    },
    {
      "type": "Feature",
      "properties": {
        "id": 1305,
        "predicted_prevalence": 0.1630338,
        "prediction_uncertainty": 0.64825,
        "exceedance_probability": 0,
        "adaptively_selected": 0
      },
      "geometry": {
        "type": "Point",
        "coordinates": [
          90.3618347,
          23.7840429
        ]
      }
    },
    {
      "type": "Feature",
      "properties": {
        "id": 1306,
        "predicted_prevalence": 0.1692985,
        "prediction_uncertainty": 0.6300996,
        "exceedance_probability": 0,
        "adaptively_selected": 0
      },
      "geometry": {
        "type": "Point",
        "coordinates": [
          90.3654816,
          23.7840429
        ]
      }
    },
    {
      "type": "Feature",
      "properties": {
        "id": 1307,
        "predicted_prevalence": 0.1569753,
        "prediction_uncertainty": 0.6455053,
        "exceedance_probability": 0,
        "adaptively_selected": 0
      },
      "geometry": {
        "type": "Point",
        "coordinates": [
          90.3691286,
          23.7840429
        ]
      }
    },
    {
      "type": "Feature",
      "properties": {
        "id": 1308,
        "predicted_prevalence": 0.1364805,
        "prediction_uncertainty": 0.6846334,
        "exceedance_probability": 0,
        "adaptively_selected": 0
      },
      "geometry": {
        "type": "Point",
        "coordinates": [
          90.3727755,
          23.7840429
        ]
      }
    },
    {
      "type": "Feature",
      "properties": {
        "id": 1309,
        "predicted_prevalence": 0.1199835,
        "prediction_uncertainty": 0.7248477,
        "exceedance_probability": 0,
        "adaptively_selected": 0
      },
      "geometry": {
        "type": "Point",
        "coordinates": [
          90.3764224,
          23.7840429
        ]
      }
    },
    {
      "type": "Feature",
      "properties": {
        "id": 1310,
        "predicted_prevalence": 0.1138791,
        "prediction_uncertainty": 0.7508604,
        "exceedance_probability": 0,
        "adaptively_selected": 0
      },
      "geometry": {
        "type": "Point",
        "coordinates": [
          90.3800694,
          23.7840429
        ]
      }
    },
    {
      "type": "Feature",
      "properties": {
        "id": 1311,
        "predicted_prevalence": 0.1164078,
        "prediction_uncertainty": 0.7587098,
        "exceedance_probability": 0,
        "adaptively_selected": 0
      },
      "geometry": {
        "type": "Point",
        "coordinates": [
          90.3837163,
          23.7840429
        ]
      }
    },
    {
      "type": "Feature",
      "properties": {
        "id": 1312,
        "predicted_prevalence": 0.1216278,
        "prediction_uncertainty": 0.7487172,
        "exceedance_probability": 0,
        "adaptively_selected": 1
      },
      "geometry": {
        "type": "Point",
        "coordinates": [
          90.3873633,
          23.7840429
        ]
      }
    },
    {
      "type": "Feature",
      "properties": {
        "id": 1313,
        "predicted_prevalence": 0.1257777,
        "prediction_uncertainty": 0.7196401,
        "exceedance_probability": 0,
        "adaptively_selected": 0
      },
      "geometry": {
        "type": "Point",
        "coordinates": [
          90.3910102,
          23.7840429
        ]
      }
    },
    {
      "type": "Feature",
      "properties": {
        "id": 1314,
        "predicted_prevalence": 0.1302521,
        "prediction_uncertainty": 0.6714052,
        "exceedance_probability": 0,
        "adaptively_selected": 0
      },
      "geometry": {
        "type": "Point",
        "coordinates": [
          90.3946571,
          23.7840429
        ]
      }
    },
    {
      "type": "Feature",
      "properties": {
        "id": 1315,
        "predicted_prevalence": 0.1383193,
        "prediction_uncertainty": 0.6129487,
        "exceedance_probability": 0,
        "adaptively_selected": 0
      },
      "geometry": {
        "type": "Point",
        "coordinates": [
          90.3983041,
          23.7840429
        ]
      }
    },
    {
      "type": "Feature",
      "properties": {
        "id": 1316,
        "predicted_prevalence": 0.148767,
        "prediction_uncertainty": 0.55525,
        "exceedance_probability": 0,
        "adaptively_selected": 0
      },
      "geometry": {
        "type": "Point",
        "coordinates": [
          90.401951,
          23.7840429
        ]
      }
    },
    {
      "type": "Feature",
      "properties": {
        "id": 1317,
        "predicted_prevalence": 0.1540391,
        "prediction_uncertainty": 0.4839133,
        "exceedance_probability": 0,
        "adaptively_selected": 0
      },
      "geometry": {
        "type": "Point",
        "coordinates": [
          90.405598,
          23.7840429
        ]
      }
    },
    {
      "type": "Feature",
      "properties": {
        "id": 1318,
        "predicted_prevalence": 0.1474998,
        "prediction_uncertainty": 0.3602969,
        "exceedance_probability": 0,
        "adaptively_selected": 0
      },
      "geometry": {
        "type": "Point",
        "coordinates": [
          90.4092449,
          23.7840429
        ]
      }
    },
    {
      "type": "Feature",
      "properties": {
        "id": 1319,
        "predicted_prevalence": 0.1345166,
        "prediction_uncertainty": 0.1674484,
        "exceedance_probability": 0,
        "adaptively_selected": 0
      },
      "geometry": {
        "type": "Point",
        "coordinates": [
          90.4128918,
          23.7840429
        ]
      }
    },
    {
      "type": "Feature",
      "properties": {
        "id": 1320,
        "predicted_prevalence": 0.1347632,
        "prediction_uncertainty": 0.0665746,
        "exceedance_probability": 0,
        "adaptively_selected": 0
      },
      "geometry": {
        "type": "Point",
        "coordinates": [
          90.4165388,
          23.7840429
        ]
      }
    },
    {
      "type": "Feature",
      "properties": {
        "id": 1321,
        "predicted_prevalence": 0.168937,
        "prediction_uncertainty": 0.2626102,
        "exceedance_probability": 0,
        "adaptively_selected": 0
      },
      "geometry": {
        "type": "Point",
        "coordinates": [
          90.4201857,
          23.7840429
        ]
      }
    },
    {
      "type": "Feature",
      "properties": {
        "id": 1322,
        "predicted_prevalence": 0.2389885,
        "prediction_uncertainty": 0.3683863,
        "exceedance_probability": 0,
        "adaptively_selected": 0
      },
      "geometry": {
        "type": "Point",
        "coordinates": [
          90.4238327,
          23.7840429
        ]
      }
    },
    {
      "type": "Feature",
      "properties": {
        "id": 1323,
        "predicted_prevalence": 0.3202867,
        "prediction_uncertainty": 0.3751811,
        "exceedance_probability": 0,
        "adaptively_selected": 0
      },
      "geometry": {
        "type": "Point",
        "coordinates": [
          90.4274796,
          23.7840429
        ]
      }
    },
    {
      "type": "Feature",
      "properties": {
        "id": 1324,
        "predicted_prevalence": 0.3749443,
        "prediction_uncertainty": 0.361744,
        "exceedance_probability": 1,
        "adaptively_selected": 0
      },
      "geometry": {
        "type": "Point",
        "coordinates": [
          90.4311265,
          23.7840429
        ]
      }
    },
    {
      "type": "Feature",
      "properties": {
        "id": 1325,
        "predicted_prevalence": 0.3761199,
        "prediction_uncertainty": 0.4339229,
        "exceedance_probability": 1,
        "adaptively_selected": 0
      },
      "geometry": {
        "type": "Point",
        "coordinates": [
          90.4347735,
          23.7840429
        ]
      }
    },
    {
      "type": "Feature",
      "properties": {
        "id": 1326,
        "predicted_prevalence": 0.3235674,
        "prediction_uncertainty": 0.5636427,
        "exceedance_probability": 0,
        "adaptively_selected": 0
      },
      "geometry": {
        "type": "Point",
        "coordinates": [
          90.4384204,
          23.7840429
        ]
      }
    },
    {
      "type": "Feature",
      "properties": {
        "id": 1327,
        "predicted_prevalence": 0.2399156,
        "prediction_uncertainty": 0.6737994,
        "exceedance_probability": 0,
        "adaptively_selected": 0
      },
      "geometry": {
        "type": "Point",
        "coordinates": [
          90.4420673,
          23.7840429
        ]
      }
    },
    {
      "type": "Feature",
      "properties": {
        "id": 1328,
        "predicted_prevalence": 0.1540635,
        "prediction_uncertainty": 0.7384269,
        "exceedance_probability": 0,
        "adaptively_selected": 0
      },
      "geometry": {
        "type": "Point",
        "coordinates": [
          90.4457143,
          23.7840429
        ]
      }
    },
    {
      "type": "Feature",
      "properties": {
        "id": 1329,
        "predicted_prevalence": 0.0860006,
        "prediction_uncertainty": 0.7667322,
        "exceedance_probability": 0,
        "adaptively_selected": 0
      },
      "geometry": {
        "type": "Point",
        "coordinates": [
          90.4493612,
          23.7840429
        ]
      }
    },
    {
      "type": "Feature",
      "properties": {
        "id": 1330,
        "predicted_prevalence": 0.0418421,
        "prediction_uncertainty": 0.7760884,
        "exceedance_probability": 0,
        "adaptively_selected": 0
      },
      "geometry": {
        "type": "Point",
        "coordinates": [
          90.4530082,
          23.7840429
        ]
      }
    },
    {
      "type": "Feature",
      "properties": {
        "id": 1331,
        "predicted_prevalence": 0.0177758,
        "prediction_uncertainty": 0.77842,
        "exceedance_probability": 0,
        "adaptively_selected": 0
      },
      "geometry": {
        "type": "Point",
        "coordinates": [
          90.4566551,
          23.7840429
        ]
      }
    },
    {
      "type": "Feature",
      "properties": {
        "id": 1332,
        "predicted_prevalence": 0.0066022,
        "prediction_uncertainty": 0.7788582,
        "exceedance_probability": 0,
        "adaptively_selected": 0
      },
      "geometry": {
        "type": "Point",
        "coordinates": [
          90.460302,
          23.7840429
        ]
      }
    },
    {
      "type": "Feature",
      "properties": {
        "id": 1333,
        "predicted_prevalence": 0.0021458,
        "prediction_uncertainty": 0.7789205,
        "exceedance_probability": 0,
        "adaptively_selected": 0
      },
      "geometry": {
        "type": "Point",
        "coordinates": [
          90.463949,
          23.7840429
        ]
      }
    },
    {
      "type": "Feature",
      "properties": {
        "id": 1334,
        "predicted_prevalence": 0.0006107,
        "prediction_uncertainty": 0.7789272,
        "exceedance_probability": 0,
        "adaptively_selected": 0
      },
      "geometry": {
        "type": "Point",
        "coordinates": [
          90.4675959,
          23.7840429
        ]
      }
    },
    {
      "type": "Feature",
      "properties": {
        "id": 1335,
        "predicted_prevalence": 0.0001522,
        "prediction_uncertainty": 0.7789278,
        "exceedance_probability": 0,
        "adaptively_selected": 0
      },
      "geometry": {
        "type": "Point",
        "coordinates": [
          90.4712429,
          23.7840429
        ]
      }
    },
    {
      "type": "Feature",
      "properties": {
        "id": 1336,
        "predicted_prevalence": 3.33e-05,
        "prediction_uncertainty": 0.7789278,
        "exceedance_probability": 0,
        "adaptively_selected": 0
      },
      "geometry": {
        "type": "Point",
        "coordinates": [
          90.4748898,
          23.7840429
        ]
      }
    },
    {
      "type": "Feature",
      "properties": {
        "id": 1337,
        "predicted_prevalence": 6.3764988e-06,
        "prediction_uncertainty": 0.7789278,
        "exceedance_probability": 0,
        "adaptively_selected": 0
      },
      "geometry": {
        "type": "Point",
        "coordinates": [
          90.4785367,
          23.7840429
        ]
      }
    },
    {
      "type": "Feature",
      "properties": {
        "id": 1338,
        "predicted_prevalence": 1.0724201e-06,
        "prediction_uncertainty": 0.7789278,
        "exceedance_probability": 0,
        "adaptively_selected": 0
      },
      "geometry": {
        "type": "Point",
        "coordinates": [
          90.4821837,
          23.7840429
        ]
      }
    },
    {
      "type": "Feature",
      "properties": {
        "id": 1339,
        "predicted_prevalence": 1.5850534e-07,
        "prediction_uncertainty": 0.7789278,
        "exceedance_probability": 0,
        "adaptively_selected": 0
      },
      "geometry": {
        "type": "Point",
        "coordinates": [
          90.4858306,
          23.7840429
        ]
      }
    },
    {
      "type": "Feature",
      "properties": {
        "id": 1340,
        "predicted_prevalence": 2.0886924e-08,
        "prediction_uncertainty": 0.7789278,
        "exceedance_probability": 0,
        "adaptively_selected": 0
      },
      "geometry": {
        "type": "Point",
        "coordinates": [
          90.4894776,
          23.7840429
        ]
      }
    },
    {
      "type": "Feature",
      "properties": {
        "id": 1341,
        "predicted_prevalence": 3.0578575e-09,
        "prediction_uncertainty": 0.7789278,
        "exceedance_probability": 0,
        "adaptively_selected": 0
      },
      "geometry": {
        "type": "Point",
        "coordinates": [
          90.4931245,
          23.7840429
        ]
      }
    },
    {
      "type": "Feature",
      "properties": {
        "id": 1342,
        "predicted_prevalence": 1.5732912e-09,
        "prediction_uncertainty": 0.7789278,
        "exceedance_probability": 0,
        "adaptively_selected": 0
      },
      "geometry": {
        "type": "Point",
        "coordinates": [
          90.4967714,
          23.7840429
        ]
      }
    },
    {
      "type": "Feature",
      "properties": {
        "id": 1343,
        "predicted_prevalence": 2.2250086e-09,
        "prediction_uncertainty": 0.7789278,
        "exceedance_probability": 0,
        "adaptively_selected": 0
      },
      "geometry": {
        "type": "Point",
        "coordinates": [
          90.5004184,
          23.7840429
        ]
      }
    },
    {
      "type": "Feature",
      "properties": {
        "id": 1344,
        "predicted_prevalence": 3.1823567e-09,
        "prediction_uncertainty": 0.7789278,
        "exceedance_probability": 0,
        "adaptively_selected": 0
      },
      "geometry": {
        "type": "Point",
        "coordinates": [
          90.5040653,
          23.7840429
        ]
      }
    },
    {
      "type": "Feature",
      "properties": {
        "id": 1345,
        "predicted_prevalence": 4.018652e-09,
        "prediction_uncertainty": 0.7789278,
        "exceedance_probability": 0,
        "adaptively_selected": 0
      },
      "geometry": {
        "type": "Point",
        "coordinates": [
          90.5077122,
          23.7840429
        ]
      }
    },
    {
      "type": "Feature",
      "properties": {
        "id": 1346,
        "predicted_prevalence": 4.4447848e-09,
        "prediction_uncertainty": 0.7789278,
        "exceedance_probability": 0,
        "adaptively_selected": 0
      },
      "geometry": {
        "type": "Point",
        "coordinates": [
          90.5113592,
          23.7840429
        ]
      }
    },
    {
      "type": "Feature",
      "properties": {
        "id": 1347,
        "predicted_prevalence": 4.3039798e-09,
        "prediction_uncertainty": 0.7789278,
        "exceedance_probability": 0,
        "adaptively_selected": 0
      },
      "geometry": {
        "type": "Point",
        "coordinates": [
          90.5150061,
          23.7840429
        ]
      }
    },
    {
      "type": "Feature",
      "properties": {
        "id": 1348,
        "predicted_prevalence": 3.6486185e-09,
        "prediction_uncertainty": 0.7789278,
        "exceedance_probability": 0,
        "adaptively_selected": 0
      },
      "geometry": {
        "type": "Point",
        "coordinates": [
          90.5186531,
          23.7840429
        ]
      }
    },
    {
      "type": "Feature",
      "properties": {
        "id": 1349,
        "predicted_prevalence": 2.7078515e-09,
        "prediction_uncertainty": 0.7789278,
        "exceedance_probability": 0,
        "adaptively_selected": 0
      },
      "geometry": {
        "type": "Point",
        "coordinates": [
          90.5223,
          23.7840429
        ]
      }
    },
    {
      "type": "Feature",
      "properties": {
        "id": 1350,
        "predicted_prevalence": 0.0298474,
        "prediction_uncertainty": 0.7749108,
        "exceedance_probability": 0,
        "adaptively_selected": 0
      },
      "geometry": {
        "type": "Point",
        "coordinates": [
          90.3436,
          23.7884714
        ]
      }
    },
    {
      "type": "Feature",
      "properties": {
        "id": 1351,
        "predicted_prevalence": 0.0632374,
        "prediction_uncertainty": 0.764837,
        "exceedance_probability": 0,
        "adaptively_selected": 0
      },
      "geometry": {
        "type": "Point",
        "coordinates": [
          90.3472469,
          23.7884714
        ]
      }
    },
    {
      "type": "Feature",
      "properties": {
        "id": 1352,
        "predicted_prevalence": 0.1145161,
        "prediction_uncertainty": 0.7378652,
        "exceedance_probability": 0,
        "adaptively_selected": 0
      },
      "geometry": {
        "type": "Point",
        "coordinates": [
          90.3508939,
          23.7884714
        ]
      }
    },
    {
      "type": "Feature",
      "properties": {
        "id": 1353,
        "predicted_prevalence": 0.1788057,
        "prediction_uncertainty": 0.6818082,
        "exceedance_probability": 0,
        "adaptively_selected": 0
      },
      "geometry": {
        "type": "Point",
        "coordinates": [
          90.3545408,
          23.7884714
        ]
      }
    },
    {
      "type": "Feature",
      "properties": {
        "id": 1354,
        "predicted_prevalence": 0.2419928,
        "prediction_uncertainty": 0.595234,
        "exceedance_probability": 0,
        "adaptively_selected": 0
      },
      "geometry": {
        "type": "Point",
        "coordinates": [
          90.3581878,
          23.7884714
        ]
      }
    },
    {
      "type": "Feature",
      "properties": {
        "id": 1355,
        "predicted_prevalence": 0.284923,
        "prediction_uncertainty": 0.5088332,
        "exceedance_probability": 0,
        "adaptively_selected": 0
      },
      "geometry": {
        "type": "Point",
        "coordinates": [
          90.3618347,
          23.7884714
        ]
      }
    },
    {
      "type": "Feature",
      "properties": {
        "id": 1356,
        "predicted_prevalence": 0.2928907,
        "prediction_uncertainty": 0.4866779,
        "exceedance_probability": 0,
        "adaptively_selected": 0
      },
      "geometry": {
        "type": "Point",
        "coordinates": [
          90.3654816,
          23.7884714
        ]
      }
    },
    {
      "type": "Feature",
      "properties": {
        "id": 1357,
        "predicted_prevalence": 0.2643019,
        "prediction_uncertainty": 0.5507449,
        "exceedance_probability": 0,
        "adaptively_selected": 0
      },
      "geometry": {
        "type": "Point",
        "coordinates": [
          90.3691286,
          23.7884714
        ]
      }
    },
    {
      "type": "Feature",
      "properties": {
        "id": 1358,
        "predicted_prevalence": 0.2117063,
        "prediction_uncertainty": 0.6437411,
        "exceedance_probability": 0,
        "adaptively_selected": 0
      },
      "geometry": {
        "type": "Point",
        "coordinates": [
          90.3727755,
          23.7884714
        ]
      }
    },
    {
      "type": "Feature",
      "properties": {
        "id": 1359,
        "predicted_prevalence": 0.1541973,
        "prediction_uncertainty": 0.7153327,
        "exceedance_probability": 0,
        "adaptively_selected": 0
      },
      "geometry": {
        "type": "Point",
        "coordinates": [
          90.3764224,
          23.7884714
        ]
      }
    },
    {
      "type": "Feature",
      "properties": {
        "id": 1360,
        "predicted_prevalence": 0.1071523,
        "prediction_uncertainty": 0.7530719,
        "exceedance_probability": 0,
        "adaptively_selected": 0
      },
      "geometry": {
        "type": "Point",
        "coordinates": [
          90.3800694,
          23.7884714
        ]
      }
    },
    {
      "type": "Feature",
      "properties": {
        "id": 1361,
        "predicted_prevalence": 0.07671,
        "prediction_uncertainty": 0.7621975,
        "exceedance_probability": 0,
        "adaptively_selected": 0
      },
      "geometry": {
        "type": "Point",
        "coordinates": [
          90.3837163,
          23.7884714
        ]
      }
    },
    {
      "type": "Feature",
      "properties": {
        "id": 1362,
        "predicted_prevalence": 0.0615742,
        "prediction_uncertainty": 0.7443324,
        "exceedance_probability": 0,
        "adaptively_selected": 0
      },
      "geometry": {
        "type": "Point",
        "coordinates": [
          90.3873633,
          23.7884714
        ]
      }
    },
    {
      "type": "Feature",
      "properties": {
        "id": 1363,
        "predicted_prevalence": 0.058778,
        "prediction_uncertainty": 0.6899163,
        "exceedance_probability": 0,
        "adaptively_selected": 0
      },
      "geometry": {
        "type": "Point",
        "coordinates": [
          90.3910102,
          23.7884714
        ]
      }
    },
    {
      "type": "Feature",
      "properties": {
        "id": 1364,
        "predicted_prevalence": 0.0676743,
        "prediction_uncertainty": 0.5901349,
        "exceedance_probability": 0,
        "adaptively_selected": 0
      },
      "geometry": {
        "type": "Point",
        "coordinates": [
          90.3946571,
          23.7884714
        ]
      }
    },
    {
      "type": "Feature",
      "properties": {
        "id": 1365,
        "predicted_prevalence": 0.0887049,
        "prediction_uncertainty": 0.4633411,
        "exceedance_probability": 0,
        "adaptively_selected": 0
      },
      "geometry": {
        "type": "Point",
        "coordinates": [
          90.3983041,
          23.7884714
        ]
      }
    },
    {
      "type": "Feature",
      "properties": {
        "id": 1366,
        "predicted_prevalence": 0.118636,
        "prediction_uncertainty": 0.3657266,
        "exceedance_probability": 0,
        "adaptively_selected": 0
      },
      "geometry": {
        "type": "Point",
        "coordinates": [
          90.401951,
          23.7884714
        ]
      }
    },
    {
      "type": "Feature",
      "properties": {
        "id": 1367,
        "predicted_prevalence": 0.1482322,
        "prediction_uncertainty": 0.3198964,
        "exceedance_probability": 0,
        "adaptively_selected": 0
      },
      "geometry": {
        "type": "Point",
        "coordinates": [
          90.405598,
          23.7884714
        ]
      }
    },
    {
      "type": "Feature",
      "properties": {
        "id": 1368,
        "predicted_prevalence": 0.1671721,
        "prediction_uncertainty": 0.251688,
        "exceedance_probability": 0,
        "adaptively_selected": 0
      },
      "geometry": {
        "type": "Point",
        "coordinates": [
          90.4092449,
          23.7884714
        ]
      }
    },
    {
      "type": "Feature",
      "properties": {
        "id": 1369,
        "predicted_prevalence": 0.173493,
        "prediction_uncertainty": 0.1219255,
        "exceedance_probability": 0,
        "adaptively_selected": 0
      },
      "geometry": {
        "type": "Point",
        "coordinates": [
          90.4128918,
          23.7884714
        ]
      }
    },
    {
      "type": "Feature",
      "properties": {
        "id": 1370,
        "predicted_prevalence": 0.1778333,
        "prediction_uncertainty": 0.1665806,
        "exceedance_probability": 0,
        "adaptively_selected": 0
      },
      "geometry": {
        "type": "Point",
        "coordinates": [
          90.4165388,
          23.7884714
        ]
      }
    },
    {
      "type": "Feature",
      "properties": {
        "id": 1371,
        "predicted_prevalence": 0.1955431,
        "prediction_uncertainty": 0.3553205,
        "exceedance_probability": 0,
        "adaptively_selected": 0
      },
      "geometry": {
        "type": "Point",
        "coordinates": [
          90.4201857,
          23.7884714
        ]
      }
    },
    {
      "type": "Feature",
      "properties": {
        "id": 1372,
        "predicted_prevalence": 0.231859,
        "prediction_uncertainty": 0.4902476,
        "exceedance_probability": 0,
        "adaptively_selected": 0
      },
      "geometry": {
        "type": "Point",
        "coordinates": [
          90.4238327,
          23.7884714
        ]
      }
    },
    {
      "type": "Feature",
      "properties": {
        "id": 1373,
        "predicted_prevalence": 0.2740175,
        "prediction_uncertainty": 0.5517598,
        "exceedance_probability": 0,
        "adaptively_selected": 0
      },
      "geometry": {
        "type": "Point",
        "coordinates": [
          90.4274796,
          23.7884714
        ]
      }
    },
    {
      "type": "Feature",
      "properties": {
        "id": 1374,
        "predicted_prevalence": 0.2986575,
        "prediction_uncertainty": 0.5780254,
        "exceedance_probability": 0,
        "adaptively_selected": 0
      },
      "geometry": {
        "type": "Point",
        "coordinates": [
          90.4311265,
          23.7884714
        ]
      }
    },
    {
      "type": "Feature",
      "properties": {
        "id": 1375,
        "predicted_prevalence": 0.2883577,
        "prediction_uncertainty": 0.6163767,
        "exceedance_probability": 0,
        "adaptively_selected": 0
      },
      "geometry": {
        "type": "Point",
        "coordinates": [
          90.4347735,
          23.7884714
        ]
      }
    },
    {
      "type": "Feature",
      "properties": {
        "id": 1376,
        "predicted_prevalence": 0.2430921,
        "prediction_uncertainty": 0.6734045,
        "exceedance_probability": 0,
        "adaptively_selected": 0
      },
      "geometry": {
        "type": "Point",
        "coordinates": [
          90.4384204,
          23.7884714
        ]
      }
    },
    {
      "type": "Feature",
      "properties": {
        "id": 1377,
        "predicted_prevalence": 0.178362,
        "prediction_uncertainty": 0.7255905,
        "exceedance_probability": 0,
        "adaptively_selected": 0
      },
      "geometry": {
        "type": "Point",
        "coordinates": [
          90.4420673,
          23.7884714
        ]
      }
    },
    {
      "type": "Feature",
      "properties": {
        "id": 1378,
        "predicted_prevalence": 0.1139812,
        "prediction_uncertainty": 0.7579941,
        "exceedance_probability": 0,
        "adaptively_selected": 0
      },
      "geometry": {
        "type": "Point",
        "coordinates": [
          90.4457143,
          23.7884714
        ]
      }
    },
    {
      "type": "Feature",
      "properties": {
        "id": 1379,
        "predicted_prevalence": 0.0635485,
        "prediction_uncertainty": 0.7725713,
        "exceedance_probability": 0,
        "adaptively_selected": 0
      },
      "geometry": {
        "type": "Point",
        "coordinates": [
          90.4493612,
          23.7884714
        ]
      }
    },
    {
      "type": "Feature",
      "properties": {
        "id": 1380,
        "predicted_prevalence": 0.0309648,
        "prediction_uncertainty": 0.7774411,
        "exceedance_probability": 0,
        "adaptively_selected": 0
      },
      "geometry": {
        "type": "Point",
        "coordinates": [
          90.4530082,
          23.7884714
        ]
      }
    },
    {
      "type": "Feature",
      "properties": {
        "id": 1381,
        "predicted_prevalence": 0.0132063,
        "prediction_uncertainty": 0.7786605,
        "exceedance_probability": 0,
        "adaptively_selected": 0
      },
      "geometry": {
        "type": "Point",
        "coordinates": [
          90.4566551,
          23.7884714
        ]
      }
    },
    {
      "type": "Feature",
      "properties": {
        "id": 1382,
        "predicted_prevalence": 0.0049364,
        "prediction_uncertainty": 0.7788908,
        "exceedance_probability": 0,
        "adaptively_selected": 0
      },
      "geometry": {
        "type": "Point",
        "coordinates": [
          90.460302,
          23.7884714
        ]
      }
    },
    {
      "type": "Feature",
      "properties": {
        "id": 1383,
        "predicted_prevalence": 0.0016191,
        "prediction_uncertainty": 0.7789238,
        "exceedance_probability": 0,
        "adaptively_selected": 0
      },
      "geometry": {
        "type": "Point",
        "coordinates": [
          90.463949,
          23.7884714
        ]
      }
    },
    {
      "type": "Feature",
      "properties": {
        "id": 1384,
        "predicted_prevalence": 0.0004665,
        "prediction_uncertainty": 0.7789275,
        "exceedance_probability": 0,
        "adaptively_selected": 0
      },
      "geometry": {
        "type": "Point",
        "coordinates": [
          90.4675959,
          23.7884714
        ]
      }
    },
    {
      "type": "Feature",
      "properties": {
        "id": 1385,
        "predicted_prevalence": 0.0001183,
        "prediction_uncertainty": 0.7789278,
        "exceedance_probability": 0,
        "adaptively_selected": 0
      },
      "geometry": {
        "type": "Point",
        "coordinates": [
          90.4712429,
          23.7884714
        ]
      }
    },
    {
      "type": "Feature",
      "properties": {
        "id": 1386,
        "predicted_prevalence": 2.64e-05,
        "prediction_uncertainty": 0.7789278,
        "exceedance_probability": 0,
        "adaptively_selected": 0
      },
      "geometry": {
        "type": "Point",
        "coordinates": [
          90.4748898,
          23.7884714
        ]
      }
    },
    {
      "type": "Feature",
      "properties": {
        "id": 1387,
        "predicted_prevalence": 5.2021935e-06,
        "prediction_uncertainty": 0.7789278,
        "exceedance_probability": 0,
        "adaptively_selected": 0
      },
      "geometry": {
        "type": "Point",
        "coordinates": [
          90.4785367,
          23.7884714
        ]
      }
    },
    {
      "type": "Feature",
      "properties": {
        "id": 1388,
        "predicted_prevalence": 9.0606844e-07,
        "prediction_uncertainty": 0.7789278,
        "exceedance_probability": 0,
        "adaptively_selected": 0
      },
      "geometry": {
        "type": "Point",
        "coordinates": [
          90.4821837,
          23.7884714
        ]
      }
    },
    {
      "type": "Feature",
      "properties": {
        "id": 1389,
        "predicted_prevalence": 1.3979691e-07,
        "prediction_uncertainty": 0.7789278,
        "exceedance_probability": 0,
        "adaptively_selected": 0
      },
      "geometry": {
        "type": "Point",
        "coordinates": [
          90.4858306,
          23.7884714
        ]
      }
    },
    {
      "type": "Feature",
      "properties": {
        "id": 1390,
        "predicted_prevalence": 1.9164683e-08,
        "prediction_uncertainty": 0.7789278,
        "exceedance_probability": 0,
        "adaptively_selected": 0
      },
      "geometry": {
        "type": "Point",
        "coordinates": [
          90.4894776,
          23.7884714
        ]
      }
    },
    {
      "type": "Feature",
      "properties": {
        "id": 1391,
        "predicted_prevalence": 2.3759874e-09,
        "prediction_uncertainty": 0.7789278,
        "exceedance_probability": 0,
        "adaptively_selected": 0
      },
      "geometry": {
        "type": "Point",
        "coordinates": [
          90.4931245,
          23.7884714
        ]
      }
    },
    {
      "type": "Feature",
      "properties": {
        "id": 1392,
        "predicted_prevalence": 3.357864e-10,
        "prediction_uncertainty": 0.7789278,
        "exceedance_probability": 0,
        "adaptively_selected": 0
      },
      "geometry": {
        "type": "Point",
        "coordinates": [
          90.4967714,
          23.7884714
        ]
      }
    },
    {
      "type": "Feature",
      "properties": {
        "id": 1393,
        "predicted_prevalence": 1.6074977e-10,
        "prediction_uncertainty": 0.7789278,
        "exceedance_probability": 0,
        "adaptively_selected": 0
      },
      "geometry": {
        "type": "Point",
        "coordinates": [
          90.5004184,
          23.7884714
        ]
      }
    },
    {
      "type": "Feature",
      "properties": {
        "id": 1394,
        "predicted_prevalence": 1.9872277e-10,
        "prediction_uncertainty": 0.7789278,
        "exceedance_probability": 0,
        "adaptively_selected": 0
      },
      "geometry": {
        "type": "Point",
        "coordinates": [
          90.5040653,
          23.7884714
        ]
      }
    },
    {
      "type": "Feature",
      "properties": {
        "id": 1395,
        "predicted_prevalence": 2.4855356e-10,
        "prediction_uncertainty": 0.7789278,
        "exceedance_probability": 0,
        "adaptively_selected": 1
      },
      "geometry": {
        "type": "Point",
        "coordinates": [
          90.5077122,
          23.7884714
        ]
      }
    },
    {
      "type": "Feature",
      "properties": {
        "id": 1396,
        "predicted_prevalence": 2.7474755e-10,
        "prediction_uncertainty": 0.7789278,
        "exceedance_probability": 0,
        "adaptively_selected": 0
      },
      "geometry": {
        "type": "Point",
        "coordinates": [
          90.5113592,
          23.7884714
        ]
      }
    },
    {
      "type": "Feature",
      "properties": {
        "id": 1397,
        "predicted_prevalence": 2.6603409e-10,
        "prediction_uncertainty": 0.7789278,
        "exceedance_probability": 0,
        "adaptively_selected": 0
      },
      "geometry": {
        "type": "Point",
        "coordinates": [
          90.5150061,
          23.7884714
        ]
      }
    },
    {
      "type": "Feature",
      "properties": {
        "id": 1398,
        "predicted_prevalence": 2.255249e-10,
        "prediction_uncertainty": 0.7789278,
        "exceedance_probability": 0,
        "adaptively_selected": 0
      },
      "geometry": {
        "type": "Point",
        "coordinates": [
          90.5186531,
          23.7884714
        ]
      }
    },
    {
      "type": "Feature",
      "properties": {
        "id": 1399,
        "predicted_prevalence": 1.6737509e-10,
        "prediction_uncertainty": 0.7789278,
        "exceedance_probability": 0,
        "adaptively_selected": 0
      },
      "geometry": {
        "type": "Point",
        "coordinates": [
          90.5223,
          23.7884714
        ]
      }
    },
    {
      "type": "Feature",
      "properties": {
        "id": 1400,
        "predicted_prevalence": 0.0428408,
        "prediction_uncertainty": 0.7740301,
        "exceedance_probability": 0,
        "adaptively_selected": 0
      },
      "geometry": {
        "type": "Point",
        "coordinates": [
          90.3436,
          23.7929
        ]
      }
    },
    {
      "type": "Feature",
      "properties": {
        "id": 1401,
        "predicted_prevalence": 0.0867896,
        "prediction_uncertainty": 0.7594168,
        "exceedance_probability": 0,
        "adaptively_selected": 0
      },
      "geometry": {
        "type": "Point",
        "coordinates": [
          90.3472469,
          23.7929
        ]
      }
    },
    {
      "type": "Feature",
      "properties": {
        "id": 1402,
        "predicted_prevalence": 0.1530987,
        "prediction_uncertainty": 0.7178982,
        "exceedance_probability": 0,
        "adaptively_selected": 0
      },
      "geometry": {
        "type": "Point",
        "coordinates": [
          90.3508939,
          23.7929
        ]
      }
    },
    {
      "type": "Feature",
      "properties": {
        "id": 1403,
        "predicted_prevalence": 0.2355674,
        "prediction_uncertainty": 0.6269108,
        "exceedance_probability": 0,
        "adaptively_selected": 0
      },
      "geometry": {
        "type": "Point",
        "coordinates": [
          90.3545408,
          23.7929
        ]
      }
    },
    {
      "type": "Feature",
      "properties": {
        "id": 1404,
        "predicted_prevalence": 0.3165137,
        "prediction_uncertainty": 0.4722334,
        "exceedance_probability": 0,
        "adaptively_selected": 0
      },
      "geometry": {
        "type": "Point",
        "coordinates": [
          90.3581878,
          23.7929
        ]
      }
    },
    {
      "type": "Feature",
      "properties": {
        "id": 1405,
        "predicted_prevalence": 0.3716803,
        "prediction_uncertainty": 0.2797804,
        "exceedance_probability": 1,
        "adaptively_selected": 0
      },
      "geometry": {
        "type": "Point",
        "coordinates": [
          90.3618347,
          23.7929
        ]
      }
    },
    {
      "type": "Feature",
      "properties": {
        "id": 1406,
        "predicted_prevalence": 0.3817798,
        "prediction_uncertainty": 0.2205871,
        "exceedance_probability": 1,
        "adaptively_selected": 0
      },
      "geometry": {
        "type": "Point",
        "coordinates": [
          90.3654816,
          23.7929
        ]
      }
    },
    {
      "type": "Feature",
      "properties": {
        "id": 1407,
        "predicted_prevalence": 0.3434779,
        "prediction_uncertainty": 0.3934355,
        "exceedance_probability": 0,
        "adaptively_selected": 0
      },
      "geometry": {
        "type": "Point",
        "coordinates": [
          90.3691286,
          23.7929
        ]
      }
    },
    {
      "type": "Feature",
      "properties": {
        "id": 1408,
        "predicted_prevalence": 0.2714337,
        "prediction_uncertainty": 0.570928,
        "exceedance_probability": 0,
        "adaptively_selected": 0
      },
      "geometry": {
        "type": "Point",
        "coordinates": [
          90.3727755,
          23.7929
        ]
      }
    },
    {
      "type": "Feature",
      "properties": {
        "id": 1409,
        "predicted_prevalence": 0.1897046,
        "prediction_uncertainty": 0.6872677,
        "exceedance_probability": 0,
        "adaptively_selected": 0
      },
      "geometry": {
        "type": "Point",
        "coordinates": [
          90.3764224,
          23.7929
        ]
      }
    },
    {
      "type": "Feature",
      "properties": {
        "id": 1410,
        "predicted_prevalence": 0.1192915,
        "prediction_uncertainty": 0.7442742,
        "exceedance_probability": 0,
        "adaptively_selected": 0
      },
      "geometry": {
        "type": "Point",
        "coordinates": [
          90.3800694,
          23.7929
        ]
      }
    },
    {
      "type": "Feature",
      "properties": {
        "id": 1411,
        "predicted_prevalence": 0.0706707,
        "prediction_uncertainty": 0.7583868,
        "exceedance_probability": 0,
        "adaptively_selected": 0
      },
      "geometry": {
        "type": "Point",
        "coordinates": [
          90.3837163,
          23.7929
        ]
      }
    },
    {
      "type": "Feature",
      "properties": {
        "id": 1412,
        "predicted_prevalence": 0.0447799,
        "prediction_uncertainty": 0.7355389,
        "exceedance_probability": 0,
        "adaptively_selected": 0
      },
      "geometry": {
        "type": "Point",
        "coordinates": [
          90.3873633,
          23.7929
        ]
      }
    },
    {
      "type": "Feature",
      "properties": {
        "id": 1413,
        "predicted_prevalence": 0.0390528,
        "prediction_uncertainty": 0.6629039,
        "exceedance_probability": 0,
        "adaptively_selected": 0
      },
      "geometry": {
        "type": "Point",
        "coordinates": [
          90.3910102,
          23.7929
        ]
      }
    },
    {
      "type": "Feature",
      "properties": {
        "id": 1414,
        "predicted_prevalence": 0.0522808,
        "prediction_uncertainty": 0.5228388,
        "exceedance_probability": 0,
        "adaptively_selected": 0
      },
      "geometry": {
        "type": "Point",
        "coordinates": [
          90.3946571,
          23.7929
        ]
      }
    },
    {
      "type": "Feature",
      "properties": {
        "id": 1415,
        "predicted_prevalence": 0.0842235,
        "prediction_uncertainty": 0.321696,
        "exceedance_probability": 0,
        "adaptively_selected": 0
      },
      "geometry": {
        "type": "Point",
        "coordinates": [
          90.3983041,
          23.7929
        ]
      }
    },
    {
      "type": "Feature",
      "properties": {
        "id": 1416,
        "predicted_prevalence": 0.1309055,
        "prediction_uncertainty": 0.1145983,
        "exceedance_probability": 0,
        "adaptively_selected": 0
      },
      "geometry": {
        "type": "Point",
        "coordinates": [
          90.401951,
          23.7929
        ]
      }
    },
    {
      "type": "Feature",
      "properties": {
        "id": 1417,
        "predicted_prevalence": 0.1811296,
        "prediction_uncertainty": 0.0771508,
        "exceedance_probability": 0,
        "adaptively_selected": 0
      },
      "geometry": {
        "type": "Point",
        "coordinates": [
          90.405598,
          23.7929
        ]
      }
    },
    {
      "type": "Feature",
      "properties": {
        "id": 1418,
        "predicted_prevalence": 0.2197495,
        "prediction_uncertainty": 0.0907624,
        "exceedance_probability": 0,
        "adaptively_selected": 0
      },
      "geometry": {
        "type": "Point",
        "coordinates": [
          90.4092449,
          23.7929
        ]
      }
    },
    {
      "type": "Feature",
      "properties": {
        "id": 1419,
        "predicted_prevalence": 0.2369523,
        "prediction_uncertainty": 0.0293027,
        "exceedance_probability": 0,
        "adaptively_selected": 0
      },
      "geometry": {
        "type": "Point",
        "coordinates": [
          90.4128918,
          23.7929
        ]
      }
    },
    {
      "type": "Feature",
      "properties": {
        "id": 1420,
        "predicted_prevalence": 0.2353795,
        "prediction_uncertainty": 0.2147846,
        "exceedance_probability": 0,
        "adaptively_selected": 0
      },
      "geometry": {
        "type": "Point",
        "coordinates": [
          90.4165388,
          23.7929
        ]
      }
    },
    {
      "type": "Feature",
      "properties": {
        "id": 1421,
        "predicted_prevalence": 0.227247,
        "prediction_uncertainty": 0.4056111,
        "exceedance_probability": 0,
        "adaptively_selected": 0
      },
      "geometry": {
        "type": "Point",
        "coordinates": [
          90.4201857,
          23.7929
        ]
      }
    },
    {
      "type": "Feature",
      "properties": {
        "id": 1422,
        "predicted_prevalence": 0.2231588,
        "prediction_uncertainty": 0.5433515,
        "exceedance_probability": 0,
        "adaptively_selected": 0
      },
      "geometry": {
        "type": "Point",
        "coordinates": [
          90.4238327,
          23.7929
        ]
      }
    },
    {
      "type": "Feature",
      "properties": {
        "id": 1423,
        "predicted_prevalence": 0.2230452,
        "prediction_uncertainty": 0.6217463,
        "exceedance_probability": 0,
        "adaptively_selected": 0
      },
      "geometry": {
        "type": "Point",
        "coordinates": [
          90.4274796,
          23.7929
        ]
      }
    },
    {
      "type": "Feature",
      "properties": {
        "id": 1424,
        "predicted_prevalence": 0.2174868,
        "prediction_uncertainty": 0.666581,
        "exceedance_probability": 0,
        "adaptively_selected": 0
      },
      "geometry": {
        "type": "Point",
        "coordinates": [
          90.4311265,
          23.7929
        ]
      }
    },
    {
      "type": "Feature",
      "properties": {
        "id": 1425,
        "predicted_prevalence": 0.1971543,
        "prediction_uncertainty": 0.7020894,
        "exceedance_probability": 0,
        "adaptively_selected": 0
      },
      "geometry": {
        "type": "Point",
        "coordinates": [
          90.4347735,
          23.7929
        ]
      }
    },
    {
      "type": "Feature",
      "properties": {
        "id": 1426,
        "predicted_prevalence": 0.1609791,
        "prediction_uncertainty": 0.7338044,
        "exceedance_probability": 0,
        "adaptively_selected": 0
      },
      "geometry": {
        "type": "Point",
        "coordinates": [
          90.4384204,
          23.7929
        ]
      }
    },
    {
      "type": "Feature",
      "properties": {
        "id": 1427,
        "predicted_prevalence": 0.1165721,
        "prediction_uncertainty": 0.7572875,
        "exceedance_probability": 0,
        "adaptively_selected": 0
      },
      "geometry": {
        "type": "Point",
        "coordinates": [
          90.4420673,
          23.7929
        ]
      }
    },
    {
      "type": "Feature",
      "properties": {
        "id": 1428,
        "predicted_prevalence": 0.0744199,
        "prediction_uncertainty": 0.7705981,
        "exceedance_probability": 0,
        "adaptively_selected": 0
      },
      "geometry": {
        "type": "Point",
        "coordinates": [
          90.4457143,
          23.7929
        ]
      }
    },
    {
      "type": "Feature",
      "properties": {
        "id": 1429,
        "predicted_prevalence": 0.041828,
        "prediction_uncertainty": 0.7763649,
        "exceedance_probability": 0,
        "adaptively_selected": 0
      },
      "geometry": {
        "type": "Point",
        "coordinates": [
          90.4493612,
          23.7929
        ]
      }
    },
    {
      "type": "Feature",
      "properties": {
        "id": 1430,
        "predicted_prevalence": 0.0207127,
        "prediction_uncertainty": 0.7782949,
        "exceedance_probability": 0,
        "adaptively_selected": 0
      },
      "geometry": {
        "type": "Point",
        "coordinates": [
          90.4530082,
          23.7929
        ]
      }
    },
    {
      "type": "Feature",
      "properties": {
        "id": 1431,
        "predicted_prevalence": 0.009051,
        "prediction_uncertainty": 0.778801,
        "exceedance_probability": 0,
        "adaptively_selected": 0
      },
      "geometry": {
        "type": "Point",
        "coordinates": [
          90.4566551,
          23.7929
        ]
      }
    },
    {
      "type": "Feature",
      "properties": {
        "id": 1432,
        "predicted_prevalence": 0.0034972,
        "prediction_uncertainty": 0.7789069,
        "exceedance_probability": 0,
        "adaptively_selected": 0
      },
      "geometry": {
        "type": "Point",
        "coordinates": [
          90.460302,
          23.7929
        ]
      }
    },
    {
      "type": "Feature",
      "properties": {
        "id": 1433,
        "predicted_prevalence": 0.0011975,
        "prediction_uncertainty": 0.7789249,
        "exceedance_probability": 0,
        "adaptively_selected": 0
      },
      "geometry": {
        "type": "Point",
        "coordinates": [
          90.463949,
          23.7929
        ]
      }
    },
    {
      "type": "Feature",
      "properties": {
        "id": 1434,
        "predicted_prevalence": 0.0003642,
        "prediction_uncertainty": 0.7789275,
        "exceedance_probability": 0,
        "adaptively_selected": 0
      },
      "geometry": {
        "type": "Point",
        "coordinates": [
          90.4675959,
          23.7929
        ]
      }
    },
    {
      "type": "Feature",
      "properties": {
        "id": 1435,
        "predicted_prevalence": 9.86e-05,
        "prediction_uncertainty": 0.7789278,
        "exceedance_probability": 0,
        "adaptively_selected": 0
      },
      "geometry": {
        "type": "Point",
        "coordinates": [
          90.4712429,
          23.7929
        ]
      }
    },
    {
      "type": "Feature",
      "properties": {
        "id": 1436,
        "predicted_prevalence": 2.38e-05,
        "prediction_uncertainty": 0.7789278,
        "exceedance_probability": 0,
        "adaptively_selected": 0
      },
      "geometry": {
        "type": "Point",
        "coordinates": [
          90.4748898,
          23.7929
        ]
      }
    },
    {
      "type": "Feature",
      "properties": {
        "id": 1437,
        "predicted_prevalence": 5.1223218e-06,
        "prediction_uncertainty": 0.7789278,
        "exceedance_probability": 0,
        "adaptively_selected": 0
      },
      "geometry": {
        "type": "Point",
        "coordinates": [
          90.4785367,
          23.7929
        ]
      }
    },
    {
      "type": "Feature",
      "properties": {
        "id": 1438,
        "predicted_prevalence": 9.853269e-07,
        "prediction_uncertainty": 0.7789278,
        "exceedance_probability": 0,
        "adaptively_selected": 0
      },
      "geometry": {
        "type": "Point",
        "coordinates": [
          90.4821837,
          23.7929
        ]
      }
    },
    {
      "type": "Feature",
      "properties": {
        "id": 1439,
        "predicted_prevalence": 1.6923268e-07,
        "prediction_uncertainty": 0.7789278,
        "exceedance_probability": 0,
        "adaptively_selected": 0
      },
      "geometry": {
        "type": "Point",
        "coordinates": [
          90.4858306,
          23.7929
        ]
      }
    },
    {
      "type": "Feature",
      "properties": {
        "id": 1440,
        "predicted_prevalence": 2.5928155e-08,
        "prediction_uncertainty": 0.7789278,
        "exceedance_probability": 0,
        "adaptively_selected": 0
      },
      "geometry": {
        "type": "Point",
        "coordinates": [
          90.4894776,
          23.7929
        ]
      }
    },
    {
      "type": "Feature",
      "properties": {
        "id": 1441,
        "predicted_prevalence": 3.5398893e-09,
        "prediction_uncertainty": 0.7789278,
        "exceedance_probability": 0,
        "adaptively_selected": 0
      },
      "geometry": {
        "type": "Point",
        "coordinates": [
          90.4931245,
          23.7929
        ]
      }
    },
    {
      "type": "Feature",
      "properties": {
        "id": 1442,
        "predicted_prevalence": 4.332624e-10,
        "prediction_uncertainty": 0.7789278,
        "exceedance_probability": 0,
        "adaptively_selected": 0
      },
      "geometry": {
        "type": "Point",
        "coordinates": [
          90.4967714,
          23.7929
        ]
      }
    },
    {
      "type": "Feature",
      "properties": {
        "id": 1443,
        "predicted_prevalence": 5.3079308e-11,
        "prediction_uncertainty": 0.7789278,
        "exceedance_probability": 0,
        "adaptively_selected": 0
      },
      "geometry": {
        "type": "Point",
        "coordinates": [
          90.5004184,
          23.7929
        ]
      }
    },
    {
      "type": "Feature",
      "properties": {
        "id": 1444,
        "predicted_prevalence": 1.4383262e-11,
        "prediction_uncertainty": 0.7789278,
        "exceedance_probability": 0,
        "adaptively_selected": 0
      },
      "geometry": {
        "type": "Point",
        "coordinates": [
          90.5040653,
          23.7929
        ]
      }
    },
    {
      "type": "Feature",
      "properties": {
        "id": 1445,
        "predicted_prevalence": 1.2988709e-11,
        "prediction_uncertainty": 0.7789278,
        "exceedance_probability": 0,
        "adaptively_selected": 0
      },
      "geometry": {
        "type": "Point",
        "coordinates": [
          90.5077122,
          23.7929
        ]
      }
    },
    {
      "type": "Feature",
      "properties": {
        "id": 1446,
        "predicted_prevalence": 1.3984906e-11,
        "prediction_uncertainty": 0.7789278,
        "exceedance_probability": 0,
        "adaptively_selected": 0
      },
      "geometry": {
        "type": "Point",
        "coordinates": [
          90.5113592,
          23.7929
        ]
      }
    },
    {
      "type": "Feature",
      "properties": {
        "id": 1447,
        "predicted_prevalence": 1.3517139e-11,
        "prediction_uncertainty": 0.7789278,
        "exceedance_probability": 0,
        "adaptively_selected": 1
      },
      "geometry": {
        "type": "Point",
        "coordinates": [
          90.5150061,
          23.7929
        ]
      }
    },
    {
      "type": "Feature",
      "properties": {
        "id": 1448,
        "predicted_prevalence": 1.1457488e-11,
        "prediction_uncertainty": 0.7789278,
        "exceedance_probability": 0,
        "adaptively_selected": 0
      },
      "geometry": {
        "type": "Point",
        "coordinates": [
          90.5186531,
          23.7929
        ]
      }
    },
    {
      "type": "Feature",
      "properties": {
        "id": 1449,
        "predicted_prevalence": 8.5031955e-12,
        "prediction_uncertainty": 0.7789278,
        "exceedance_probability": 0,
        "adaptively_selected": 0
      },
      "geometry": {
        "type": "Point",
        "coordinates": [
          90.5223,
          23.7929
        ]
      }
    },
    {
      "type": "Feature",
      "properties": {
        "id": 1450,
        "predicted_prevalence": 0.0456578,
        "prediction_uncertainty": 0.7739075,
        "exceedance_probability": 0,
        "adaptively_selected": 0
      },
      "geometry": {
        "type": "Point",
        "coordinates": [
          90.3436,
          23.7973286
        ]
      }
    },
    {
      "type": "Feature",
      "properties": {
        "id": 1451,
        "predicted_prevalence": 0.091573,
        "prediction_uncertainty": 0.7587086,
        "exceedance_probability": 0,
        "adaptively_selected": 1
      },
      "geometry": {
        "type": "Point",
        "coordinates": [
          90.3472469,
          23.7973286
        ]
      }
    },
    {
      "type": "Feature",
      "properties": {
        "id": 1452,
        "predicted_prevalence": 0.1605716,
        "prediction_uncertainty": 0.7153027,
        "exceedance_probability": 0,
        "adaptively_selected": 0
      },
      "geometry": {
        "type": "Point",
        "coordinates": [
          90.3508939,
          23.7973286
        ]
      }
    },
    {
      "type": "Feature",
      "properties": {
        "id": 1453,
        "predicted_prevalence": 0.2462646,
        "prediction_uncertainty": 0.61957,
        "exceedance_probability": 0,
        "adaptively_selected": 0
      },
      "geometry": {
        "type": "Point",
        "coordinates": [
          90.3545408,
          23.7973286
        ]
      }
    },
    {
      "type": "Feature",
      "properties": {
        "id": 1454,
        "predicted_prevalence": 0.3304422,
        "prediction_uncertainty": 0.4541901,
        "exceedance_probability": 0,
        "adaptively_selected": 0
      },
      "geometry": {
        "type": "Point",
        "coordinates": [
          90.3581878,
          23.7973286
        ]
      }
    },
    {
      "type": "Feature",
      "properties": {
        "id": 1455,
        "predicted_prevalence": 0.3880253,
        "prediction_uncertainty": 0.2350413,
        "exceedance_probability": 1,
        "adaptively_selected": 0
      },
      "geometry": {
        "type": "Point",
        "coordinates": [
          90.3618347,
          23.7973286
        ]
      }
    },
    {
      "type": "Feature",
      "properties": {
        "id": 1456,
        "predicted_prevalence": 0.3988859,
        "prediction_uncertainty": 0.1568566,
        "exceedance_probability": 1,
        "adaptively_selected": 0
      },
      "geometry": {
        "type": "Point",
        "coordinates": [
          90.3654816,
          23.7973286
        ]
      }
    },
    {
      "type": "Feature",
      "properties": {
        "id": 1457,
        "predicted_prevalence": 0.3592536,
        "prediction_uncertainty": 0.3684505,
        "exceedance_probability": 1,
        "adaptively_selected": 0
      },
      "geometry": {
        "type": "Point",
        "coordinates": [
          90.3691286,
          23.7973286
        ]
      }
    },
    {
      "type": "Feature",
      "properties": {
        "id": 1458,
        "predicted_prevalence": 0.2840835,
        "prediction_uncertainty": 0.560866,
        "exceedance_probability": 0,
        "adaptively_selected": 0
      },
      "geometry": {
        "type": "Point",
        "coordinates": [
          90.3727755,
          23.7973286
        ]
      }
    },
    {
      "type": "Feature",
      "properties": {
        "id": 1459,
        "predicted_prevalence": 0.1984662,
        "prediction_uncertainty": 0.683465,
        "exceedance_probability": 0,
        "adaptively_selected": 0
      },
      "geometry": {
        "type": "Point",
        "coordinates": [
          90.3764224,
          23.7973286
        ]
      }
    },
    {
      "type": "Feature",
      "properties": {
        "id": 1460,
        "predicted_prevalence": 0.1248036,
        "prediction_uncertainty": 0.7428711,
        "exceedance_probability": 0,
        "adaptively_selected": 0
      },
      "geometry": {
        "type": "Point",
        "coordinates": [
          90.3800694,
          23.7973286
        ]
      }
    },
    {
      "type": "Feature",
      "properties": {
        "id": 1461,
        "predicted_prevalence": 0.0747468,
        "prediction_uncertainty": 0.7578167,
        "exceedance_probability": 0,
        "adaptively_selected": 0
      },
      "geometry": {
        "type": "Point",
        "coordinates": [
          90.3837163,
          23.7973286
        ]
      }
    },
    {
      "type": "Feature",
      "properties": {
        "id": 1462,
        "predicted_prevalence": 0.049629,
        "prediction_uncertainty": 0.7366626,
        "exceedance_probability": 0,
        "adaptively_selected": 0
      },
      "geometry": {
        "type": "Point",
        "coordinates": [
          90.3873633,
          23.7973286
        ]
      }
    },
    {
      "type": "Feature",
      "properties": {
        "id": 1463,
        "predicted_prevalence": 0.0463282,
        "prediction_uncertainty": 0.6704575,
        "exceedance_probability": 0,
        "adaptively_selected": 0
      },
      "geometry": {
        "type": "Point",
        "coordinates": [
          90.3910102,
          23.7973286
        ]
      }
    },
    {
      "type": "Feature",
      "properties": {
        "id": 1464,
        "predicted_prevalence": 0.0625966,
        "prediction_uncertainty": 0.5477205,
        "exceedance_probability": 0,
        "adaptively_selected": 0
      },
      "geometry": {
        "type": "Point",
        "coordinates": [
          90.3946571,
          23.7973286
        ]
      }
    },
    {
      "type": "Feature",
      "properties": {
        "id": 1465,
        "predicted_prevalence": 0.0976226,
        "prediction_uncertainty": 0.3864697,
        "exceedance_probability": 0,
        "adaptively_selected": 0
      },
      "geometry": {
        "type": "Point",
        "coordinates": [
          90.3983041,
          23.7973286
        ]
      }
    },
    {
      "type": "Feature",
      "properties": {
        "id": 1466,
        "predicted_prevalence": 0.1479597,
        "prediction_uncertainty": 0.2670925,
        "exceedance_probability": 0,
        "adaptively_selected": 0
      },
      "geometry": {
        "type": "Point",
        "coordinates": [
          90.401951,
          23.7973286
        ]
      }
    },
    {
      "type": "Feature",
      "properties": {
        "id": 1467,
        "predicted_prevalence": 0.2033998,
        "prediction_uncertainty": 0.2621422,
        "exceedance_probability": 0,
        "adaptively_selected": 0
      },
      "geometry": {
        "type": "Point",
        "coordinates": [
          90.405598,
          23.7973286
        ]
      }
    },
    {
      "type": "Feature",
      "properties": {
        "id": 1468,
        "predicted_prevalence": 0.2483776,
        "prediction_uncertainty": 0.2744571,
        "exceedance_probability": 0,
        "adaptively_selected": 0
      },
      "geometry": {
        "type": "Point",
        "coordinates": [
          90.4092449,
          23.7973286
        ]
      }
    },
    {
      "type": "Feature",
      "properties": {
        "id": 1469,
        "predicted_prevalence": 0.2697693,
        "prediction_uncertainty": 0.2616732,
        "exceedance_probability": 0,
        "adaptively_selected": 0
      },
      "geometry": {
        "type": "Point",
        "coordinates": [
          90.4128918,
          23.7973286
        ]
      }
    },
    {
      "type": "Feature",
      "properties": {
        "id": 1470,
        "predicted_prevalence": 0.2649564,
        "prediction_uncertainty": 0.3016934,
        "exceedance_probability": 0,
        "adaptively_selected": 0
      },
      "geometry": {
        "type": "Point",
        "coordinates": [
          90.4165388,
          23.7973286
        ]
      }
    },
    {
      "type": "Feature",
      "properties": {
        "id": 1471,
        "predicted_prevalence": 0.2425252,
        "prediction_uncertainty": 0.3966879,
        "exceedance_probability": 0,
        "adaptively_selected": 1
      },
      "geometry": {
        "type": "Point",
        "coordinates": [
          90.4201857,
          23.7973286
        ]
      }
    },
    {
      "type": "Feature",
      "properties": {
        "id": 1472,
        "predicted_prevalence": 0.2147477,
        "prediction_uncertainty": 0.48656,
        "exceedance_probability": 0,
        "adaptively_selected": 0
      },
      "geometry": {
        "type": "Point",
        "coordinates": [
          90.4238327,
          23.7973286
        ]
      }
    },
    {
      "type": "Feature",
      "properties": {
        "id": 1473,
        "predicted_prevalence": 0.1889078,
        "prediction_uncertainty": 0.5619588,
        "exceedance_probability": 0,
        "adaptively_selected": 0
      },
      "geometry": {
        "type": "Point",
        "coordinates": [
          90.4274796,
          23.7973286
        ]
      }
    },
    {
      "type": "Feature",
      "properties": {
        "id": 1474,
        "predicted_prevalence": 0.1648144,
        "prediction_uncertainty": 0.633543,
        "exceedance_probability": 0,
        "adaptively_selected": 0
      },
      "geometry": {
        "type": "Point",
        "coordinates": [
          90.4311265,
          23.7973286
        ]
      }
    },
    {
      "type": "Feature",
      "properties": {
        "id": 1475,
        "predicted_prevalence": 0.1389227,
        "prediction_uncertainty": 0.6960841,
        "exceedance_probability": 0,
        "adaptively_selected": 0
      },
      "geometry": {
        "type": "Point",
        "coordinates": [
          90.4347735,
          23.7973286
        ]
      }
    },
    {
      "type": "Feature",
      "properties": {
        "id": 1476,
        "predicted_prevalence": 0.1096674,
        "prediction_uncertainty": 0.7389449,
        "exceedance_probability": 0,
        "adaptively_selected": 0
      },
      "geometry": {
        "type": "Point",
        "coordinates": [
          90.4384204,
          23.7973286
        ]
      }
    },
    {
      "type": "Feature",
      "properties": {
        "id": 1477,
        "predicted_prevalence": 0.0792652,
        "prediction_uncertainty": 0.7618347,
        "exceedance_probability": 0,
        "adaptively_selected": 0
      },
      "geometry": {
        "type": "Point",
        "coordinates": [
          90.4420673,
          23.7973286
        ]
      }
    },
    {
      "type": "Feature",
      "properties": {
        "id": 1478,
        "predicted_prevalence": 0.0518045,
        "prediction_uncertainty": 0.7720288,
        "exceedance_probability": 0,
        "adaptively_selected": 0
      },
      "geometry": {
        "type": "Point",
        "coordinates": [
          90.4457143,
          23.7973286
        ]
      }
    },
    {
      "type": "Feature",
      "properties": {
        "id": 1479,
        "predicted_prevalence": 0.0304441,
        "prediction_uncertainty": 0.7762568,
        "exceedance_probability": 0,
        "adaptively_selected": 0
      },
      "geometry": {
        "type": "Point",
        "coordinates": [
          90.4493612,
          23.7973286
        ]
      }
    },
    {
      "type": "Feature",
      "properties": {
        "id": 1480,
        "predicted_prevalence": 0.0160547,
        "prediction_uncertainty": 0.7779926,
        "exceedance_probability": 0,
        "adaptively_selected": 0
      },
      "geometry": {
        "type": "Point",
        "coordinates": [
          90.4530082,
          23.7973286
        ]
      }
    },
    {
      "type": "Feature",
      "properties": {
        "id": 1481,
        "predicted_prevalence": 0.007592,
        "prediction_uncertainty": 0.7786534,
        "exceedance_probability": 0,
        "adaptively_selected": 0
      },
      "geometry": {
        "type": "Point",
        "coordinates": [
          90.4566551,
          23.7973286
        ]
      }
    },
    {
      "type": "Feature",
      "properties": {
        "id": 1482,
        "predicted_prevalence": 0.0032174,
        "prediction_uncertainty": 0.7788636,
        "exceedance_probability": 0,
        "adaptively_selected": 0
      },
      "geometry": {
        "type": "Point",
        "coordinates": [
          90.460302,
          23.7973286
        ]
      }
    },
    {
      "type": "Feature",
      "properties": {
        "id": 1483,
        "predicted_prevalence": 0.0012207,
        "prediction_uncertainty": 0.7789161,
        "exceedance_probability": 0,
        "adaptively_selected": 0
      },
      "geometry": {
        "type": "Point",
        "coordinates": [
          90.463949,
          23.7973286
        ]
      }
    },
    {
      "type": "Feature",
      "properties": {
        "id": 1484,
        "predicted_prevalence": 0.000414,
        "prediction_uncertainty": 0.7789261,
        "exceedance_probability": 0,
        "adaptively_selected": 0
      },
      "geometry": {
        "type": "Point",
        "coordinates": [
          90.4675959,
          23.7973286
        ]
      }
    },
    {
      "type": "Feature",
      "properties": {
        "id": 1485,
        "predicted_prevalence": 0.0001252,
        "prediction_uncertainty": 0.7789276,
        "exceedance_probability": 0,
        "adaptively_selected": 0
      },
      "geometry": {
        "type": "Point",
        "coordinates": [
          90.4712429,
          23.7973286
        ]
      }
    },
    {
      "type": "Feature",
      "properties": {
        "id": 1486,
        "predicted_prevalence": 3.37e-05,
        "prediction_uncertainty": 0.7789278,
        "exceedance_probability": 0,
        "adaptively_selected": 0
      },
      "geometry": {
        "type": "Point",
        "coordinates": [
          90.4748898,
          23.7973286
        ]
      }
    },
    {
      "type": "Feature",
      "properties": {
        "id": 1487,
        "predicted_prevalence": 8.0495161e-06,
        "prediction_uncertainty": 0.7789278,
        "exceedance_probability": 0,
        "adaptively_selected": 0
      },
      "geometry": {
        "type": "Point",
        "coordinates": [
          90.4785367,
          23.7973286
        ]
      }
    },
    {
      "type": "Feature",
      "properties": {
        "id": 1488,
        "predicted_prevalence": 1.7025393e-06,
        "prediction_uncertainty": 0.7789278,
        "exceedance_probability": 0,
        "adaptively_selected": 0
      },
      "geometry": {
        "type": "Point",
        "coordinates": [
          90.4821837,
          23.7973286
        ]
      }
    },
    {
      "type": "Feature",
      "properties": {
        "id": 1489,
        "predicted_prevalence": 3.1816774e-07,
        "prediction_uncertainty": 0.7789278,
        "exceedance_probability": 0,
        "adaptively_selected": 0
      },
      "geometry": {
        "type": "Point",
        "coordinates": [
          90.4858306,
          23.7973286
        ]
      }
    },
    {
      "type": "Feature",
      "properties": {
        "id": 1490,
        "predicted_prevalence": 5.2437031e-08,
        "prediction_uncertainty": 0.7789278,
        "exceedance_probability": 0,
        "adaptively_selected": 0
      },
      "geometry": {
        "type": "Point",
        "coordinates": [
          90.4894776,
          23.7973286
        ]
      }
    },
    {
      "type": "Feature",
      "properties": {
        "id": 1491,
        "predicted_prevalence": 7.6097414e-09,
        "prediction_uncertainty": 0.7789278,
        "exceedance_probability": 0,
        "adaptively_selected": 0
      },
      "geometry": {
        "type": "Point",
        "coordinates": [
          90.4931245,
          23.7973286
        ]
      }
    },
    {
      "type": "Feature",
      "properties": {
        "id": 1492,
        "predicted_prevalence": 9.7131944e-10,
        "prediction_uncertainty": 0.7789278,
        "exceedance_probability": 0,
        "adaptively_selected": 0
      },
      "geometry": {
        "type": "Point",
        "coordinates": [
          90.4967714,
          23.7973286
        ]
      }
    },
    {
      "type": "Feature",
      "properties": {
        "id": 1493,
        "predicted_prevalence": 1.0917003e-10,
        "prediction_uncertainty": 0.7789278,
        "exceedance_probability": 0,
        "adaptively_selected": 0
      },
      "geometry": {
        "type": "Point",
        "coordinates": [
          90.5004184,
          23.7973286
        ]
      }
    },
    {
      "type": "Feature",
      "properties": {
        "id": 1494,
        "predicted_prevalence": 1.1132765e-11,
        "prediction_uncertainty": 0.7789278,
        "exceedance_probability": 0,
        "adaptively_selected": 0
      },
      "geometry": {
        "type": "Point",
        "coordinates": [
          90.5040653,
          23.7973286
        ]
      }
    },
    {
      "type": "Feature",
      "properties": {
        "id": 1495,
        "predicted_prevalence": 1.4520756e-12,
        "prediction_uncertainty": 0.7789278,
        "exceedance_probability": 0,
        "adaptively_selected": 0
      },
      "geometry": {
        "type": "Point",
        "coordinates": [
          90.5077122,
          23.7973286
        ]
      }
    },
    {
      "type": "Feature",
      "properties": {
        "id": 1496,
        "predicted_prevalence": 6.5284225e-13,
        "prediction_uncertainty": 0.7789278,
        "exceedance_probability": 0,
        "adaptively_selected": 0
      },
      "geometry": {
        "type": "Point",
        "coordinates": [
          90.5113592,
          23.7973286
        ]
      }
    },
    {
      "type": "Feature",
      "properties": {
        "id": 1497,
        "predicted_prevalence": 5.6899059e-13,
        "prediction_uncertainty": 0.7789278,
        "exceedance_probability": 0,
        "adaptively_selected": 0
      },
      "geometry": {
        "type": "Point",
        "coordinates": [
          90.5150061,
          23.7973286
        ]
      }
    },
    {
      "type": "Feature",
      "properties": {
        "id": 1498,
        "predicted_prevalence": 4.7868178e-13,
        "prediction_uncertainty": 0.7789278,
        "exceedance_probability": 0,
        "adaptively_selected": 0
      },
      "geometry": {
        "type": "Point",
        "coordinates": [
          90.5186531,
          23.7973286
        ]
      }
    },
    {
      "type": "Feature",
      "properties": {
        "id": 1499,
        "predicted_prevalence": 3.5507076e-13,
        "prediction_uncertainty": 0.7789278,
        "exceedance_probability": 0,
        "adaptively_selected": 0
      },
      "geometry": {
        "type": "Point",
        "coordinates": [
          90.5223,
          23.7973286
        ]
      }
    },
    {
      "type": "Feature",
      "properties": {
        "id": 1500,
        "predicted_prevalence": 0.0394735,
        "prediction_uncertainty": 0.7753849,
        "exceedance_probability": 0,
        "adaptively_selected": 0
      },
      "geometry": {
        "type": "Point",
        "coordinates": [
          90.3436,
          23.8017571
        ]
      }
    },
    {
      "type": "Feature",
      "properties": {
        "id": 1501,
        "predicted_prevalence": 0.0790407,
        "prediction_uncertainty": 0.7646846,
        "exceedance_probability": 0,
        "adaptively_selected": 0
      },
      "geometry": {
        "type": "Point",
        "coordinates": [
          90.3472469,
          23.8017571
        ]
      }
    },
    {
      "type": "Feature",
      "properties": {
        "id": 1502,
        "predicted_prevalence": 0.1385195,
        "prediction_uncertainty": 0.7344691,
        "exceedance_probability": 0,
        "adaptively_selected": 0
      },
      "geometry": {
        "type": "Point",
        "coordinates": [
          90.3508939,
          23.8017571
        ]
      }
    },
    {
      "type": "Feature",
      "properties": {
        "id": 1503,
        "predicted_prevalence": 0.2124903,
        "prediction_uncertainty": 0.670003,
        "exceedance_probability": 0,
        "adaptively_selected": 0
      },
      "geometry": {
        "type": "Point",
        "coordinates": [
          90.3545408,
          23.8017571
        ]
      }
    },
    {
      "type": "Feature",
      "properties": {
        "id": 1504,
        "predicted_prevalence": 0.2853556,
        "prediction_uncertainty": 0.5683092,
        "exceedance_probability": 0,
        "adaptively_selected": 0
      },
      "geometry": {
        "type": "Point",
        "coordinates": [
          90.3581878,
          23.8017571
        ]
      }
    },
    {
      "type": "Feature",
      "properties": {
        "id": 1505,
        "predicted_prevalence": 0.3355337,
        "prediction_uncertainty": 0.4644338,
        "exceedance_probability": 0,
        "adaptively_selected": 0
      },
      "geometry": {
        "type": "Point",
        "coordinates": [
          90.3618347,
          23.8017571
        ]
      }
    },
    {
      "type": "Feature",
      "properties": {
        "id": 1506,
        "predicted_prevalence": 0.3456218,
        "prediction_uncertainty": 0.4401065,
        "exceedance_probability": 0,
        "adaptively_selected": 0
      },
      "geometry": {
        "type": "Point",
        "coordinates": [
          90.3654816,
          23.8017571
        ]
      }
    },
    {
      "type": "Feature",
      "properties": {
        "id": 1507,
        "predicted_prevalence": 0.312334,
        "prediction_uncertainty": 0.5218152,
        "exceedance_probability": 0,
        "adaptively_selected": 0
      },
      "geometry": {
        "type": "Point",
        "coordinates": [
          90.3691286,
          23.8017571
        ]
      }
    },
    {
      "type": "Feature",
      "properties": {
        "id": 1508,
        "predicted_prevalence": 0.2487538,
        "prediction_uncertainty": 0.6315959,
        "exceedance_probability": 0,
        "adaptively_selected": 0
      },
      "geometry": {
        "type": "Point",
        "coordinates": [
          90.3727755,
          23.8017571
        ]
      }
    },
    {
      "type": "Feature",
      "properties": {
        "id": 1509,
        "predicted_prevalence": 0.1770691,
        "prediction_uncertainty": 0.7115969,
        "exceedance_probability": 0,
        "adaptively_selected": 0
      },
      "geometry": {
        "type": "Point",
        "coordinates": [
          90.3764224,
          23.8017571
        ]
      }
    },
    {
      "type": "Feature",
      "properties": {
        "id": 1510,
        "predicted_prevalence": 0.1173539,
        "prediction_uncertainty": 0.7507854,
        "exceedance_probability": 0,
        "adaptively_selected": 0
      },
      "geometry": {
        "type": "Point",
        "coordinates": [
          90.3800694,
          23.8017571
        ]
      }
    },
    {
      "type": "Feature",
      "properties": {
        "id": 1511,
        "predicted_prevalence": 0.0800689,
        "prediction_uncertainty": 0.7567627,
        "exceedance_probability": 0,
        "adaptively_selected": 0
      },
      "geometry": {
        "type": "Point",
        "coordinates": [
          90.3837163,
          23.8017571
        ]
      }
    },
    {
      "type": "Feature",
      "properties": {
        "id": 1512,
        "predicted_prevalence": 0.0657485,
        "prediction_uncertainty": 0.7343513,
        "exceedance_probability": 0,
        "adaptively_selected": 0
      },
      "geometry": {
        "type": "Point",
        "coordinates": [
          90.3873633,
          23.8017571
        ]
      }
    },
    {
      "type": "Feature",
      "properties": {
        "id": 1513,
        "predicted_prevalence": 0.0697907,
        "prediction_uncertainty": 0.6811472,
        "exceedance_probability": 0,
        "adaptively_selected": 0
      },
      "geometry": {
        "type": "Point",
        "coordinates": [
          90.3910102,
          23.8017571
        ]
      }
    },
    {
      "type": "Feature",
      "properties": {
        "id": 1514,
        "predicted_prevalence": 0.0877325,
        "prediction_uncertainty": 0.6000333,
        "exceedance_probability": 0,
        "adaptively_selected": 0
      },
      "geometry": {
        "type": "Point",
        "coordinates": [
          90.3946571,
          23.8017571
        ]
      }
    },
    {
      "type": "Feature",
      "properties": {
        "id": 1515,
        "predicted_prevalence": 0.1172403,
        "prediction_uncertainty": 0.5190163,
        "exceedance_probability": 0,
        "adaptively_selected": 0
      },
      "geometry": {
        "type": "Point",
        "coordinates": [
          90.3983041,
          23.8017571
        ]
      }
    },
    {
      "type": "Feature",
      "properties": {
        "id": 1516,
        "predicted_prevalence": 0.155939,
        "prediction_uncertainty": 0.4848795,
        "exceedance_probability": 0,
        "adaptively_selected": 0
      },
      "geometry": {
        "type": "Point",
        "coordinates": [
          90.401951,
          23.8017571
        ]
      }
    },
    {
      "type": "Feature",
      "properties": {
        "id": 1517,
        "predicted_prevalence": 0.1977691,
        "prediction_uncertainty": 0.4985699,
        "exceedance_probability": 0,
        "adaptively_selected": 0
      },
      "geometry": {
        "type": "Point",
        "coordinates": [
          90.405598,
          23.8017571
        ]
      }
    },
    {
      "type": "Feature",
      "properties": {
        "id": 1518,
        "predicted_prevalence": 0.2323852,
        "prediction_uncertainty": 0.506381,
        "exceedance_probability": 0,
        "adaptively_selected": 0
      },
      "geometry": {
        "type": "Point",
        "coordinates": [
          90.4092449,
          23.8017571
        ]
      }
    },
    {
      "type": "Feature",
      "properties": {
        "id": 1519,
        "predicted_prevalence": 0.2496068,
        "prediction_uncertainty": 0.4787664,
        "exceedance_probability": 0,
        "adaptively_selected": 0
      },
      "geometry": {
        "type": "Point",
        "coordinates": [
          90.4128918,
          23.8017571
        ]
      }
    },
    {
      "type": "Feature",
      "properties": {
        "id": 1520,
        "predicted_prevalence": 0.245592,
        "prediction_uncertainty": 0.4234683,
        "exceedance_probability": 0,
        "adaptively_selected": 0
      },
      "geometry": {
        "type": "Point",
        "coordinates": [
          90.4165388,
          23.8017571
        ]
      }
    },
    {
      "type": "Feature",
      "properties": {
        "id": 1521,
        "predicted_prevalence": 0.224971,
        "prediction_uncertainty": 0.3550438,
        "exceedance_probability": 0,
        "adaptively_selected": 0
      },
      "geometry": {
        "type": "Point",
        "coordinates": [
          90.4201857,
          23.8017571
        ]
      }
    },
    {
      "type": "Feature",
      "properties": {
        "id": 1522,
        "predicted_prevalence": 0.1969213,
        "prediction_uncertainty": 0.3156117,
        "exceedance_probability": 0,
        "adaptively_selected": 0
      },
      "geometry": {
        "type": "Point",
        "coordinates": [
          90.4238327,
          23.8017571
        ]
      }
    },
    {
      "type": "Feature",
      "properties": {
        "id": 1523,
        "predicted_prevalence": 0.1689837,
        "prediction_uncertainty": 0.3787214,
        "exceedance_probability": 0,
        "adaptively_selected": 0
      },
      "geometry": {
        "type": "Point",
        "coordinates": [
          90.4274796,
          23.8017571
        ]
      }
    },
    {
      "type": "Feature",
      "properties": {
        "id": 1524,
        "predicted_prevalence": 0.1438191,
        "prediction_uncertainty": 0.5103995,
        "exceedance_probability": 0,
        "adaptively_selected": 0
      },
      "geometry": {
        "type": "Point",
        "coordinates": [
          90.4311265,
          23.8017571
        ]
      }
    },
    {
      "type": "Feature",
      "properties": {
        "id": 1525,
        "predicted_prevalence": 0.120382,
        "prediction_uncertainty": 0.6285076,
        "exceedance_probability": 0,
        "adaptively_selected": 0
      },
      "geometry": {
        "type": "Point",
        "coordinates": [
          90.4347735,
          23.8017571
        ]
      }
    },
    {
      "type": "Feature",
      "properties": {
        "id": 1526,
        "predicted_prevalence": 0.0970389,
        "prediction_uncertainty": 0.7020921,
        "exceedance_probability": 0,
        "adaptively_selected": 0
      },
      "geometry": {
        "type": "Point",
        "coordinates": [
          90.4384204,
          23.8017571
        ]
      }
    },
    {
      "type": "Feature",
      "properties": {
        "id": 1527,
        "predicted_prevalence": 0.0736609,
        "prediction_uncertainty": 0.7392739,
        "exceedance_probability": 0,
        "adaptively_selected": 0
      },
      "geometry": {
        "type": "Point",
        "coordinates": [
          90.4420673,
          23.8017571
        ]
      }
    },
    {
      "type": "Feature",
      "properties": {
        "id": 1528,
        "predicted_prevalence": 0.0517145,
        "prediction_uncertainty": 0.7579685,
        "exceedance_probability": 0,
        "adaptively_selected": 0
      },
      "geometry": {
        "type": "Point",
        "coordinates": [
          90.4457143,
          23.8017571
        ]
      }
    },
    {
      "type": "Feature",
      "properties": {
        "id": 1529,
        "predicted_prevalence": 0.0331393,
        "prediction_uncertainty": 0.7687411,
        "exceedance_probability": 0,
        "adaptively_selected": 0
      },
      "geometry": {
        "type": "Point",
        "coordinates": [
          90.4493612,
          23.8017571
        ]
      }
    },
    {
      "type": "Feature",
      "properties": {
        "id": 1530,
        "predicted_prevalence": 0.0191955,
        "prediction_uncertainty": 0.7748363,
        "exceedance_probability": 0,
        "adaptively_selected": 0
      },
      "geometry": {
        "type": "Point",
        "coordinates": [
          90.4530082,
          23.8017571
        ]
      }
    },
    {
      "type": "Feature",
      "properties": {
        "id": 1531,
        "predicted_prevalence": 0.0099757,
        "prediction_uncertainty": 0.7776394,
        "exceedance_probability": 0,
        "adaptively_selected": 0
      },
      "geometry": {
        "type": "Point",
        "coordinates": [
          90.4566551,
          23.8017571
        ]
      }
    },
    {
      "type": "Feature",
      "properties": {
        "id": 1532,
        "predicted_prevalence": 0.0046242,
        "prediction_uncertainty": 0.7786157,
        "exceedance_probability": 0,
        "adaptively_selected": 0
      },
      "geometry": {
        "type": "Point",
        "coordinates": [
          90.460302,
          23.8017571
        ]
      }
    },
    {
      "type": "Feature",
      "properties": {
        "id": 1533,
        "predicted_prevalence": 0.0019032,
        "prediction_uncertainty": 0.7788699,
        "exceedance_probability": 0,
        "adaptively_selected": 0
      },
      "geometry": {
        "type": "Point",
        "coordinates": [
          90.463949,
          23.8017571
        ]
      }
    },
    {
      "type": "Feature",
      "properties": {
        "id": 1534,
        "predicted_prevalence": 0.000693,
        "prediction_uncertainty": 0.7789196,
        "exceedance_probability": 0,
        "adaptively_selected": 0
      },
      "geometry": {
        "type": "Point",
        "coordinates": [
          90.4675959,
          23.8017571
        ]
      }
    },
    {
      "type": "Feature",
      "properties": {
        "id": 1535,
        "predicted_prevalence": 0.0002227,
        "prediction_uncertainty": 0.7789269,
        "exceedance_probability": 0,
        "adaptively_selected": 0
      },
      "geometry": {
        "type": "Point",
        "coordinates": [
          90.4712429,
          23.8017571
        ]
      }
    },
    {
      "type": "Feature",
      "properties": {
        "id": 1536,
        "predicted_prevalence": 6.3e-05,
        "prediction_uncertainty": 0.7789277,
        "exceedance_probability": 0,
        "adaptively_selected": 0
      },
      "geometry": {
        "type": "Point",
        "coordinates": [
          90.4748898,
          23.8017571
        ]
      }
    },
    {
      "type": "Feature",
      "properties": {
        "id": 1537,
        "predicted_prevalence": 1.57e-05,
        "prediction_uncertainty": 0.7789278,
        "exceedance_probability": 0,
        "adaptively_selected": 0
      },
      "geometry": {
        "type": "Point",
        "coordinates": [
          90.4785367,
          23.8017571
        ]
      }
    },
    {
      "type": "Feature",
      "properties": {
        "id": 1538,
        "predicted_prevalence": 3.4229049e-06,
        "prediction_uncertainty": 0.7789278,
        "exceedance_probability": 0,
        "adaptively_selected": 0
      },
      "geometry": {
        "type": "Point",
        "coordinates": [
          90.4821837,
          23.8017571
        ]
      }
    },
    {
      "type": "Feature",
      "properties": {
        "id": 1539,
        "predicted_prevalence": 6.5615714e-07,
        "prediction_uncertainty": 0.7789278,
        "exceedance_probability": 0,
        "adaptively_selected": 0
      },
      "geometry": {
        "type": "Point",
        "coordinates": [
          90.4858306,
          23.8017571
        ]
      }
    },
    {
      "type": "Feature",
      "properties": {
        "id": 1540,
        "predicted_prevalence": 1.1030904e-07,
        "prediction_uncertainty": 0.7789278,
        "exceedance_probability": 0,
        "adaptively_selected": 0
      },
      "geometry": {
        "type": "Point",
        "coordinates": [
          90.4894776,
          23.8017571
        ]
      }
    },
    {
      "type": "Feature",
      "properties": {
        "id": 1541,
        "predicted_prevalence": 1.6255887e-08,
        "prediction_uncertainty": 0.7789278,
        "exceedance_probability": 0,
        "adaptively_selected": 0
      },
      "geometry": {
        "type": "Point",
        "coordinates": [
          90.4931245,
          23.8017571
        ]
      }
    },
    {
      "type": "Feature",
      "properties": {
        "id": 1542,
        "predicted_prevalence": 2.0992518e-09,
        "prediction_uncertainty": 0.7789278,
        "exceedance_probability": 0,
        "adaptively_selected": 0
      },
      "geometry": {
        "type": "Point",
        "coordinates": [
          90.4967714,
          23.8017571
        ]
      }
    },
    {
      "type": "Feature",
      "properties": {
        "id": 1543,
        "predicted_prevalence": 2.3750982e-10,
        "prediction_uncertainty": 0.7789278,
        "exceedance_probability": 0,
        "adaptively_selected": 0
      },
      "geometry": {
        "type": "Point",
        "coordinates": [
          90.5004184,
          23.8017571
        ]
      }
    },
    {
      "type": "Feature",
      "properties": {
        "id": 1544,
        "predicted_prevalence": 2.3550313e-11,
        "prediction_uncertainty": 0.7789278,
        "exceedance_probability": 0,
        "adaptively_selected": 0
      },
      "geometry": {
        "type": "Point",
        "coordinates": [
          90.5040653,
          23.8017571
        ]
      }
    },
    {
      "type": "Feature",
      "properties": {
        "id": 1545,
        "predicted_prevalence": 2.0608218e-12,
        "prediction_uncertainty": 0.7789278,
        "exceedance_probability": 0,
        "adaptively_selected": 0
      },
      "geometry": {
        "type": "Point",
        "coordinates": [
          90.5077122,
          23.8017571
        ]
      }
    },
    {
      "type": "Feature",
      "properties": {
        "id": 1546,
        "predicted_prevalence": 1.7526186e-13,
        "prediction_uncertainty": 0.7789278,
        "exceedance_probability": 0,
        "adaptively_selected": 0
      },
      "geometry": {
        "type": "Point",
        "coordinates": [
          90.5113592,
          23.8017571
        ]
      }
    },
    {
      "type": "Feature",
      "properties": {
        "id": 1547,
        "predicted_prevalence": 2.9701393e-14,
        "prediction_uncertainty": 0.7789278,
        "exceedance_probability": 0,
        "adaptively_selected": 0
      },
      "geometry": {
        "type": "Point",
        "coordinates": [
          90.5150061,
          23.8017571
        ]
      }
    },
    {
      "type": "Feature",
      "properties": {
        "id": 1548,
        "predicted_prevalence": 1.7021053e-14,
        "prediction_uncertainty": 0.7789278,
        "exceedance_probability": 0,
        "adaptively_selected": 0
      },
      "geometry": {
        "type": "Point",
        "coordinates": [
          90.5186531,
          23.8017571
        ]
      }
    },
    {
      "type": "Feature",
      "properties": {
        "id": 1549,
        "predicted_prevalence": 1.2216115e-14,
        "prediction_uncertainty": 0.7789278,
        "exceedance_probability": 0,
        "adaptively_selected": 0
      },
      "geometry": {
        "type": "Point",
        "coordinates": [
          90.5223,
          23.8017571
        ]
      }
    },
    {
      "type": "Feature",
      "properties": {
        "id": 1550,
        "predicted_prevalence": 0.0291792,
        "prediction_uncertainty": 0.7771596,
        "exceedance_probability": 0,
        "adaptively_selected": 0
      },
      "geometry": {
        "type": "Point",
        "coordinates": [
          90.3436,
          23.8061857
        ]
      }
    },
    {
      "type": "Feature",
      "properties": {
        "id": 1551,
        "predicted_prevalence": 0.0585783,
        "prediction_uncertainty": 0.771806,
        "exceedance_probability": 0,
        "adaptively_selected": 0
      },
      "geometry": {
        "type": "Point",
        "coordinates": [
          90.3472469,
          23.8061857
        ]
      }
    },
    {
      "type": "Feature",
      "properties": {
        "id": 1552,
        "predicted_prevalence": 0.1029675,
        "prediction_uncertainty": 0.7567915,
        "exceedance_probability": 0,
        "adaptively_selected": 0
      },
      "geometry": {
        "type": "Point",
        "coordinates": [
          90.3508939,
          23.8061857
        ]
      }
    },
    {
      "type": "Feature",
      "properties": {
        "id": 1553,
        "predicted_prevalence": 0.1584871,
        "prediction_uncertainty": 0.7255859,
        "exceedance_probability": 0,
        "adaptively_selected": 0
      },
      "geometry": {
        "type": "Point",
        "coordinates": [
          90.3545408,
          23.8061857
        ]
      }
    },
    {
      "type": "Feature",
      "properties": {
        "id": 1554,
        "predicted_prevalence": 0.2136355,
        "prediction_uncertainty": 0.6792787,
        "exceedance_probability": 0,
        "adaptively_selected": 0
      },
      "geometry": {
        "type": "Point",
        "coordinates": [
          90.3581878,
          23.8061857
        ]
      }
    },
    {
      "type": "Feature",
      "properties": {
        "id": 1555,
        "predicted_prevalence": 0.252283,
        "prediction_uncertainty": 0.6363366,
        "exceedance_probability": 0,
        "adaptively_selected": 0
      },
      "geometry": {
        "type": "Point",
        "coordinates": [
          90.3618347,
          23.8061857
        ]
      }
    },
    {
      "type": "Feature",
      "properties": {
        "id": 1556,
        "predicted_prevalence": 0.2612708,
        "prediction_uncertainty": 0.6258881,
        "exceedance_probability": 0,
        "adaptively_selected": 0
      },
      "geometry": {
        "type": "Point",
        "coordinates": [
          90.3654816,
          23.8061857
        ]
      }
    },
    {
      "type": "Feature",
      "properties": {
        "id": 1557,
        "predicted_prevalence": 0.2380701,
        "prediction_uncertainty": 0.6564533,
        "exceedance_probability": 0,
        "adaptively_selected": 0
      },
      "geometry": {
        "type": "Point",
        "coordinates": [
          90.3691286,
          23.8061857
        ]
      }
    },
    {
      "type": "Feature",
      "properties": {
        "id": 1558,
        "predicted_prevalence": 0.1928232,
        "prediction_uncertainty": 0.7041299,
        "exceedance_probability": 0,
        "adaptively_selected": 0
      },
      "geometry": {
        "type": "Point",
        "coordinates": [
          90.3727755,
          23.8061857
        ]
      }
    },
    {
      "type": "Feature",
      "properties": {
        "id": 1559,
        "predicted_prevalence": 0.1430845,
        "prediction_uncertainty": 0.7414025,
        "exceedance_probability": 0,
        "adaptively_selected": 0
      },
      "geometry": {
        "type": "Point",
        "coordinates": [
          90.3764224,
          23.8061857
        ]
      }
    },
    {
      "type": "Feature",
      "properties": {
        "id": 1560,
        "predicted_prevalence": 0.10509,
        "prediction_uncertainty": 0.7557672,
        "exceedance_probability": 0,
        "adaptively_selected": 0
      },
      "geometry": {
        "type": "Point",
        "coordinates": [
          90.3800694,
          23.8061857
        ]
      }
    },
    {
      "type": "Feature",
      "properties": {
        "id": 1561,
        "predicted_prevalence": 0.0872331,
        "prediction_uncertainty": 0.7436025,
        "exceedance_probability": 0,
        "adaptively_selected": 0
      },
      "geometry": {
        "type": "Point",
        "coordinates": [
          90.3837163,
          23.8061857
        ]
      }
    },
    {
      "type": "Feature",
      "properties": {
        "id": 1562,
        "predicted_prevalence": 0.0887695,
        "prediction_uncertainty": 0.7019668,
        "exceedance_probability": 0,
        "adaptively_selected": 0
      },
      "geometry": {
        "type": "Point",
        "coordinates": [
          90.3873633,
          23.8061857
        ]
      }
    },
    {
      "type": "Feature",
      "properties": {
        "id": 1563,
        "predicted_prevalence": 0.1030379,
        "prediction_uncertainty": 0.6332356,
        "exceedance_probability": 0,
        "adaptively_selected": 0
      },
      "geometry": {
        "type": "Point",
        "coordinates": [
          90.3910102,
          23.8061857
        ]
      }
    },
    {
      "type": "Feature",
      "properties": {
        "id": 1564,
        "predicted_prevalence": 0.1224513,
        "prediction_uncertainty": 0.5593751,
        "exceedance_probability": 0,
        "adaptively_selected": 0
      },
      "geometry": {
        "type": "Point",
        "coordinates": [
          90.3946571,
          23.8061857
        ]
      }
    },
    {
      "type": "Feature",
      "properties": {
        "id": 1565,
        "predicted_prevalence": 0.1422417,
        "prediction_uncertainty": 0.5244187,
        "exceedance_probability": 0,
        "adaptively_selected": 0
      },
      "geometry": {
        "type": "Point",
        "coordinates": [
          90.3983041,
          23.8061857
        ]
      }
    },
    {
      "type": "Feature",
      "properties": {
        "id": 1566,
        "predicted_prevalence": 0.1609391,
        "prediction_uncertainty": 0.5519423,
        "exceedance_probability": 0,
        "adaptively_selected": 0
      },
      "geometry": {
        "type": "Point",
        "coordinates": [
          90.401951,
          23.8061857
        ]
      }
    },
    {
      "type": "Feature",
      "properties": {
        "id": 1567,
        "predicted_prevalence": 0.1779532,
        "prediction_uncertainty": 0.6056145,
        "exceedance_probability": 0,
        "adaptively_selected": 0
      },
      "geometry": {
        "type": "Point",
        "coordinates": [
          90.405598,
          23.8061857
        ]
      }
    },
    {
      "type": "Feature",
      "properties": {
        "id": 1568,
        "predicted_prevalence": 0.1911372,
        "prediction_uncertainty": 0.6336128,
        "exceedance_probability": 0,
        "adaptively_selected": 0
      },
      "geometry": {
        "type": "Point",
        "coordinates": [
          90.4092449,
          23.8061857
        ]
      }
    },
    {
      "type": "Feature",
      "properties": {
        "id": 1569,
        "predicted_prevalence": 0.1971268,
        "prediction_uncertainty": 0.6070834,
        "exceedance_probability": 0,
        "adaptively_selected": 0
      },
      "geometry": {
        "type": "Point",
        "coordinates": [
          90.4128918,
          23.8061857
        ]
      }
    },
    {
      "type": "Feature",
      "properties": {
        "id": 1570,
        "predicted_prevalence": 0.1940625,
        "prediction_uncertainty": 0.5123065,
        "exceedance_probability": 0,
        "adaptively_selected": 0
      },
      "geometry": {
        "type": "Point",
        "coordinates": [
          90.4165388,
          23.8061857
        ]
      }
    },
    {
      "type": "Feature",
      "properties": {
        "id": 1571,
        "predicted_prevalence": 0.1835461,
        "prediction_uncertainty": 0.3421129,
        "exceedance_probability": 0,
        "adaptively_selected": 0
      },
      "geometry": {
        "type": "Point",
        "coordinates": [
          90.4201857,
          23.8061857
        ]
      }
    },
    {
      "type": "Feature",
      "properties": {
        "id": 1572,
        "predicted_prevalence": 0.1696218,
        "prediction_uncertainty": 0.1111671,
        "exceedance_probability": 0,
        "adaptively_selected": 0
      },
      "geometry": {
        "type": "Point",
        "coordinates": [
          90.4238327,
          23.8061857
        ]
      }
    },
    {
      "type": "Feature",
      "properties": {
        "id": 1573,
        "predicted_prevalence": 0.1558285,
        "prediction_uncertainty": 0.1569403,
        "exceedance_probability": 0,
        "adaptively_selected": 0
      },
      "geometry": {
        "type": "Point",
        "coordinates": [
          90.4274796,
          23.8061857
        ]
      }
    },
    {
      "type": "Feature",
      "properties": {
        "id": 1574,
        "predicted_prevalence": 0.1430351,
        "prediction_uncertainty": 0.3784386,
        "exceedance_probability": 0,
        "adaptively_selected": 0
      },
      "geometry": {
        "type": "Point",
        "coordinates": [
          90.4311265,
          23.8061857
        ]
      }
    },
    {
      "type": "Feature",
      "properties": {
        "id": 1575,
        "predicted_prevalence": 0.1295733,
        "prediction_uncertainty": 0.5318892,
        "exceedance_probability": 0,
        "adaptively_selected": 0
      },
      "geometry": {
        "type": "Point",
        "coordinates": [
          90.4347735,
          23.8061857
        ]
      }
    },
    {
      "type": "Feature",
      "properties": {
        "id": 1576,
        "predicted_prevalence": 0.1131219,
        "prediction_uncertainty": 0.6193415,
        "exceedance_probability": 0,
        "adaptively_selected": 0
      },
      "geometry": {
        "type": "Point",
        "coordinates": [
          90.4384204,
          23.8061857
        ]
      }
    },
    {
      "type": "Feature",
      "properties": {
        "id": 1577,
        "predicted_prevalence": 0.0927802,
        "prediction_uncertainty": 0.6712887,
        "exceedance_probability": 0,
        "adaptively_selected": 0
      },
      "geometry": {
        "type": "Point",
        "coordinates": [
          90.4420673,
          23.8061857
        ]
      }
    },
    {
      "type": "Feature",
      "properties": {
        "id": 1578,
        "predicted_prevalence": 0.0699766,
        "prediction_uncertainty": 0.7118376,
        "exceedance_probability": 0,
        "adaptively_selected": 0
      },
      "geometry": {
        "type": "Point",
        "coordinates": [
          90.4457143,
          23.8061857
        ]
      }
    },
    {
      "type": "Feature",
      "properties": {
        "id": 1579,
        "predicted_prevalence": 0.0477704,
        "prediction_uncertainty": 0.7442898,
        "exceedance_probability": 0,
        "adaptively_selected": 0
      },
      "geometry": {
        "type": "Point",
        "coordinates": [
          90.4493612,
          23.8061857
        ]
      }
    },
    {
      "type": "Feature",
      "properties": {
        "id": 1580,
        "predicted_prevalence": 0.0291924,
        "prediction_uncertainty": 0.7648353,
        "exceedance_probability": 0,
        "adaptively_selected": 0
      },
      "geometry": {
        "type": "Point",
        "coordinates": [
          90.4530082,
          23.8061857
        ]
      }
    },
    {
      "type": "Feature",
      "properties": {
        "id": 1581,
        "predicted_prevalence": 0.0158502,
        "prediction_uncertainty": 0.7744933,
        "exceedance_probability": 0,
        "adaptively_selected": 0
      },
      "geometry": {
        "type": "Point",
        "coordinates": [
          90.4566551,
          23.8061857
        ]
      }
    },
    {
      "type": "Feature",
      "properties": {
        "id": 1582,
        "predicted_prevalence": 0.0076083,
        "prediction_uncertainty": 0.7778567,
        "exceedance_probability": 0,
        "adaptively_selected": 0
      },
      "geometry": {
        "type": "Point",
        "coordinates": [
          90.460302,
          23.8061857
        ]
      }
    },
    {
      "type": "Feature",
      "properties": {
        "id": 1583,
        "predicted_prevalence": 0.003218,
        "prediction_uncertainty": 0.7787298,
        "exceedance_probability": 0,
        "adaptively_selected": 0
      },
      "geometry": {
        "type": "Point",
        "coordinates": [
          90.463949,
          23.8061857
        ]
      }
    },
    {
      "type": "Feature",
      "properties": {
        "id": 1584,
        "predicted_prevalence": 0.0011967,
        "prediction_uncertainty": 0.7788998,
        "exceedance_probability": 0,
        "adaptively_selected": 0
      },
      "geometry": {
        "type": "Point",
        "coordinates": [
          90.4675959,
          23.8061857
        ]
      }
    },
    {
      "type": "Feature",
      "properties": {
        "id": 1585,
        "predicted_prevalence": 0.0003907,
        "prediction_uncertainty": 0.7789248,
        "exceedance_probability": 0,
        "adaptively_selected": 0
      },
      "geometry": {
        "type": "Point",
        "coordinates": [
          90.4712429,
          23.8061857
        ]
      }
    },
    {
      "type": "Feature",
      "properties": {
        "id": 1586,
        "predicted_prevalence": 0.0001119,
        "prediction_uncertainty": 0.7789275,
        "exceedance_probability": 0,
        "adaptively_selected": 0
      },
      "geometry": {
        "type": "Point",
        "coordinates": [
          90.4748898,
          23.8061857
        ]
      }
    },
    {
      "type": "Feature",
      "properties": {
        "id": 1587,
        "predicted_prevalence": 2.81e-05,
        "prediction_uncertainty": 0.7789278,
        "exceedance_probability": 0,
        "adaptively_selected": 0
      },
      "geometry": {
        "type": "Point",
        "coordinates": [
          90.4785367,
          23.8061857
        ]
      }
    },
    {
      "type": "Feature",
      "properties": {
        "id": 1588,
        "predicted_prevalence": 6.1805825e-06,
        "prediction_uncertainty": 0.7789278,
        "exceedance_probability": 0,
        "adaptively_selected": 0
      },
      "geometry": {
        "type": "Point",
        "coordinates": [
          90.4821837,
          23.8061857
        ]
      }
    },
    {
      "type": "Feature",
      "properties": {
        "id": 1589,
        "predicted_prevalence": 1.1910726e-06,
        "prediction_uncertainty": 0.7789278,
        "exceedance_probability": 0,
        "adaptively_selected": 0
      },
      "geometry": {
        "type": "Point",
        "coordinates": [
          90.4858306,
          23.8061857
        ]
      }
    },
    {
      "type": "Feature",
      "properties": {
        "id": 1590,
        "predicted_prevalence": 2.0103537e-07,
        "prediction_uncertainty": 0.7789278,
        "exceedance_probability": 0,
        "adaptively_selected": 0
      },
      "geometry": {
        "type": "Point",
        "coordinates": [
          90.4894776,
          23.8061857
        ]
      }
    },
    {
      "type": "Feature",
      "properties": {
        "id": 1591,
        "predicted_prevalence": 2.9715069e-08,
        "prediction_uncertainty": 0.7789278,
        "exceedance_probability": 0,
        "adaptively_selected": 0
      },
      "geometry": {
        "type": "Point",
        "coordinates": [
          90.4931245,
          23.8061857
        ]
      }
    },
    {
      "type": "Feature",
      "properties": {
        "id": 1592,
        "predicted_prevalence": 3.8460319e-09,
        "prediction_uncertainty": 0.7789278,
        "exceedance_probability": 0,
        "adaptively_selected": 0
      },
      "geometry": {
        "type": "Point",
        "coordinates": [
          90.4967714,
          23.8061857
        ]
      }
    },
    {
      "type": "Feature",
      "properties": {
        "id": 1593,
        "predicted_prevalence": 4.3586755e-10,
        "prediction_uncertainty": 0.7789278,
        "exceedance_probability": 0,
        "adaptively_selected": 0
      },
      "geometry": {
        "type": "Point",
        "coordinates": [
          90.5004184,
          23.8061857
        ]
      }
    },
    {
      "type": "Feature",
      "properties": {
        "id": 1594,
        "predicted_prevalence": 4.3250022e-11,
        "prediction_uncertainty": 0.7789278,
        "exceedance_probability": 0,
        "adaptively_selected": 0
      },
      "geometry": {
        "type": "Point",
        "coordinates": [
          90.5040653,
          23.8061857
        ]
      }
    },
    {
      "type": "Feature",
      "properties": {
        "id": 1595,
        "predicted_prevalence": 3.7578776e-12,
        "prediction_uncertainty": 0.7789278,
        "exceedance_probability": 0,
        "adaptively_selected": 0
      },
      "geometry": {
        "type": "Point",
        "coordinates": [
          90.5077122,
          23.8061857
        ]
      }
    },
    {
      "type": "Feature",
      "properties": {
        "id": 1596,
        "predicted_prevalence": 2.863555e-13,
        "prediction_uncertainty": 0.7789278,
        "exceedance_probability": 0,
        "adaptively_selected": 1
      },
      "geometry": {
        "type": "Point",
        "coordinates": [
          90.5113592,
          23.8061857
        ]
      }
    },
    {
      "type": "Feature",
      "properties": {
        "id": 1597,
        "predicted_prevalence": 1.9577755e-14,
        "prediction_uncertainty": 0.7789278,
        "exceedance_probability": 0,
        "adaptively_selected": 0
      },
      "geometry": {
        "type": "Point",
        "coordinates": [
          90.5150061,
          23.8061857
        ]
      }
    },
    {
      "type": "Feature",
      "properties": {
        "id": 1598,
        "predicted_prevalence": 1.5726846e-15,
        "prediction_uncertainty": 0.7789278,
        "exceedance_probability": 0,
        "adaptively_selected": 0
      },
      "geometry": {
        "type": "Point",
        "coordinates": [
          90.5186531,
          23.8061857
        ]
      }
    },
    {
      "type": "Feature",
      "properties": {
        "id": 1599,
        "predicted_prevalence": 4.0035368e-16,
        "prediction_uncertainty": 0.7789278,
        "exceedance_probability": 0,
        "adaptively_selected": 0
      },
      "geometry": {
        "type": "Point",
        "coordinates": [
          90.5223,
          23.8061857
        ]
      }
    },
    {
      "type": "Feature",
      "properties": {
        "id": 1600,
        "predicted_prevalence": 0.020363,
        "prediction_uncertainty": 0.7779898,
        "exceedance_probability": 0,
        "adaptively_selected": 0
      },
      "geometry": {
        "type": "Point",
        "coordinates": [
          90.3436,
          23.8106143
        ]
      }
    },
    {
      "type": "Feature",
      "properties": {
        "id": 1601,
        "predicted_prevalence": 0.0412363,
        "prediction_uncertainty": 0.7750029,
        "exceedance_probability": 0,
        "adaptively_selected": 0
      },
      "geometry": {
        "type": "Point",
        "coordinates": [
          90.3472469,
          23.8106143
        ]
      }
    },
    {
      "type": "Feature",
      "properties": {
        "id": 1602,
        "predicted_prevalence": 0.0731456,
        "prediction_uncertainty": 0.7662603,
        "exceedance_probability": 0,
        "adaptively_selected": 0
      },
      "geometry": {
        "type": "Point",
        "coordinates": [
          90.3508939,
          23.8106143
        ]
      }
    },
    {
      "type": "Feature",
      "properties": {
        "id": 1603,
        "predicted_prevalence": 0.1136596,
        "prediction_uncertainty": 0.7472991,
        "exceedance_probability": 0,
        "adaptively_selected": 0
      },
      "geometry": {
        "type": "Point",
        "coordinates": [
          90.3545408,
          23.8106143
        ]
      }
    },
    {
      "type": "Feature",
      "properties": {
        "id": 1604,
        "predicted_prevalence": 0.1547485,
        "prediction_uncertainty": 0.7178047,
        "exceedance_probability": 0,
        "adaptively_selected": 0
      },
      "geometry": {
        "type": "Point",
        "coordinates": [
          90.3581878,
          23.8106143
        ]
      }
    },
    {
      "type": "Feature",
      "properties": {
        "id": 1605,
        "predicted_prevalence": 0.1847246,
        "prediction_uncertainty": 0.68811,
        "exceedance_probability": 0,
        "adaptively_selected": 0
      },
      "geometry": {
        "type": "Point",
        "coordinates": [
          90.3618347,
          23.8106143
        ]
      }
    },
    {
      "type": "Feature",
      "properties": {
        "id": 1606,
        "predicted_prevalence": 0.1937063,
        "prediction_uncertainty": 0.6764725,
        "exceedance_probability": 0,
        "adaptively_selected": 0
      },
      "geometry": {
        "type": "Point",
        "coordinates": [
          90.3654816,
          23.8106143
        ]
      }
    },
    {
      "type": "Feature",
      "properties": {
        "id": 1607,
        "predicted_prevalence": 0.1795123,
        "prediction_uncertainty": 0.6916125,
        "exceedance_probability": 0,
        "adaptively_selected": 0
      },
      "geometry": {
        "type": "Point",
        "coordinates": [
          90.3691286,
          23.8106143
        ]
      }
    },
    {
      "type": "Feature",
      "properties": {
        "id": 1608,
        "predicted_prevalence": 0.1497147,
        "prediction_uncertainty": 0.7215115,
        "exceedance_probability": 0,
        "adaptively_selected": 0
      },
      "geometry": {
        "type": "Point",
        "coordinates": [
          90.3727755,
          23.8106143
        ]
      }
    },
    {
      "type": "Feature",
      "properties": {
        "id": 1609,
        "predicted_prevalence": 0.118143,
        "prediction_uncertainty": 0.7457564,
        "exceedance_probability": 0,
        "adaptively_selected": 0
      },
      "geometry": {
        "type": "Point",
        "coordinates": [
          90.3764224,
          23.8106143
        ]
      }
    },
    {
      "type": "Feature",
      "properties": {
        "id": 1610,
        "predicted_prevalence": 0.0981384,
        "prediction_uncertainty": 0.7485928,
        "exceedance_probability": 0,
        "adaptively_selected": 0
      },
      "geometry": {
        "type": "Point",
        "coordinates": [
          90.3800694,
          23.8106143
        ]
      }
    },
    {
      "type": "Feature",
      "properties": {
        "id": 1611,
        "predicted_prevalence": 0.0966333,
        "prediction_uncertainty": 0.7170225,
        "exceedance_probability": 0,
        "adaptively_selected": 0
      },
      "geometry": {
        "type": "Point",
        "coordinates": [
          90.3837163,
          23.8106143
        ]
      }
    },
    {
      "type": "Feature",
      "properties": {
        "id": 1612,
        "predicted_prevalence": 0.1118522,
        "prediction_uncertainty": 0.6380569,
        "exceedance_probability": 0,
        "adaptively_selected": 0
      },
      "geometry": {
        "type": "Point",
        "coordinates": [
          90.3873633,
          23.8106143
        ]
      }
    },
    {
      "type": "Feature",
      "properties": {
        "id": 1613,
        "predicted_prevalence": 0.1351598,
        "prediction_uncertainty": 0.5112601,
        "exceedance_probability": 0,
        "adaptively_selected": 0
      },
      "geometry": {
        "type": "Point",
        "coordinates": [
          90.3910102,
          23.8106143
        ]
      }
    },
    {
      "type": "Feature",
      "properties": {
        "id": 1614,
        "predicted_prevalence": 0.1558914,
        "prediction_uncertainty": 0.3808249,
        "exceedance_probability": 0,
        "adaptively_selected": 0
      },
      "geometry": {
        "type": "Point",
        "coordinates": [
          90.3946571,
          23.8106143
        ]
      }
    },
    {
      "type": "Feature",
      "properties": {
        "id": 1615,
        "predicted_prevalence": 0.1667225,
        "prediction_uncertainty": 0.361128,
        "exceedance_probability": 0,
        "adaptively_selected": 0
      },
      "geometry": {
        "type": "Point",
        "coordinates": [
          90.3983041,
          23.8106143
        ]
      }
    },
    {
      "type": "Feature",
      "properties": {
        "id": 1616,
        "predicted_prevalence": 0.1665623,
        "prediction_uncertainty": 0.4738645,
        "exceedance_probability": 0,
        "adaptively_selected": 0
      },
      "geometry": {
        "type": "Point",
        "coordinates": [
          90.401951,
          23.8106143
        ]
      }
    },
    {
      "type": "Feature",
      "properties": {
        "id": 1617,
        "predicted_prevalence": 0.1593744,
        "prediction_uncertainty": 0.5986753,
        "exceedance_probability": 0,
        "adaptively_selected": 0
      },
      "geometry": {
        "type": "Point",
        "coordinates": [
          90.405598,
          23.8106143
        ]
      }
    },
    {
      "type": "Feature",
      "properties": {
        "id": 1618,
        "predicted_prevalence": 0.1504021,
        "prediction_uncertainty": 0.6691295,
        "exceedance_probability": 0,
        "adaptively_selected": 0
      },
      "geometry": {
        "type": "Point",
        "coordinates": [
          90.4092449,
          23.8106143
        ]
      }
    },
    {
      "type": "Feature",
      "properties": {
        "id": 1619,
        "predicted_prevalence": 0.1431119,
        "prediction_uncertainty": 0.6676813,
        "exceedance_probability": 0,
        "adaptively_selected": 0
      },
      "geometry": {
        "type": "Point",
        "coordinates": [
          90.4128918,
          23.8106143
        ]
      }
    },
    {
      "type": "Feature",
      "properties": {
        "id": 1620,
        "predicted_prevalence": 0.1387552,
        "prediction_uncertainty": 0.5923999,
        "exceedance_probability": 0,
        "adaptively_selected": 0
      },
      "geometry": {
        "type": "Point",
        "coordinates": [
          90.4165388,
          23.8106143
        ]
      }
    },
    {
      "type": "Feature",
      "properties": {
        "id": 1621,
        "predicted_prevalence": 0.1375738,
        "prediction_uncertainty": 0.4547984,
        "exceedance_probability": 0,
        "adaptively_selected": 0
      },
      "geometry": {
        "type": "Point",
        "coordinates": [
          90.4201857,
          23.8106143
        ]
      }
    },
    {
      "type": "Feature",
      "properties": {
        "id": 1622,
        "predicted_prevalence": 0.1395528,
        "prediction_uncertainty": 0.3085082,
        "exceedance_probability": 0,
        "adaptively_selected": 0
      },
      "geometry": {
        "type": "Point",
        "coordinates": [
          90.4238327,
          23.8106143
        ]
      }
    },
    {
      "type": "Feature",
      "properties": {
        "id": 1623,
        "predicted_prevalence": 0.1438944,
        "prediction_uncertainty": 0.2746305,
        "exceedance_probability": 0,
        "adaptively_selected": 0
      },
      "geometry": {
        "type": "Point",
        "coordinates": [
          90.4274796,
          23.8106143
        ]
      }
    },
    {
      "type": "Feature",
      "properties": {
        "id": 1624,
        "predicted_prevalence": 0.1480982,
        "prediction_uncertainty": 0.3508964,
        "exceedance_probability": 0,
        "adaptively_selected": 0
      },
      "geometry": {
        "type": "Point",
        "coordinates": [
          90.4311265,
          23.8106143
        ]
      }
    },
    {
      "type": "Feature",
      "properties": {
        "id": 1625,
        "predicted_prevalence": 0.1480446,
        "prediction_uncertainty": 0.4154502,
        "exceedance_probability": 0,
        "adaptively_selected": 0
      },
      "geometry": {
        "type": "Point",
        "coordinates": [
          90.4347735,
          23.8106143
        ]
      }
    },
    {
      "type": "Feature",
      "properties": {
        "id": 1626,
        "predicted_prevalence": 0.1396722,
        "prediction_uncertainty": 0.4591792,
        "exceedance_probability": 0,
        "adaptively_selected": 0
      },
      "geometry": {
        "type": "Point",
        "coordinates": [
          90.4384204,
          23.8106143
        ]
      }
    },
    {
      "type": "Feature",
      "properties": {
        "id": 1627,
        "predicted_prevalence": 0.1214047,
        "prediction_uncertainty": 0.5252414,
        "exceedance_probability": 0,
        "adaptively_selected": 0
      },
      "geometry": {
        "type": "Point",
        "coordinates": [
          90.4420673,
          23.8106143
        ]
      }
    },
    {
      "type": "Feature",
      "properties": {
        "id": 1628,
        "predicted_prevalence": 0.0955183,
        "prediction_uncertainty": 0.6156402,
        "exceedance_probability": 0,
        "adaptively_selected": 0
      },
      "geometry": {
        "type": "Point",
        "coordinates": [
          90.4457143,
          23.8106143
        ]
      }
    },
    {
      "type": "Feature",
      "properties": {
        "id": 1629,
        "predicted_prevalence": 0.0672109,
        "prediction_uncertainty": 0.6958535,
        "exceedance_probability": 0,
        "adaptively_selected": 0
      },
      "geometry": {
        "type": "Point",
        "coordinates": [
          90.4493612,
          23.8106143
        ]
      }
    },
    {
      "type": "Feature",
      "properties": {
        "id": 1630,
        "predicted_prevalence": 0.0419651,
        "prediction_uncertainty": 0.7457283,
        "exceedance_probability": 0,
        "adaptively_selected": 0
      },
      "geometry": {
        "type": "Point",
        "coordinates": [
          90.4530082,
          23.8106143
        ]
      }
    },
    {
      "type": "Feature",
      "properties": {
        "id": 1631,
        "predicted_prevalence": 0.0231345,
        "prediction_uncertainty": 0.768597,
        "exceedance_probability": 0,
        "adaptively_selected": 0
      },
      "geometry": {
        "type": "Point",
        "coordinates": [
          90.4566551,
          23.8106143
        ]
      }
    },
    {
      "type": "Feature",
      "properties": {
        "id": 1632,
        "predicted_prevalence": 0.0112248,
        "prediction_uncertainty": 0.7764469,
        "exceedance_probability": 0,
        "adaptively_selected": 0
      },
      "geometry": {
        "type": "Point",
        "coordinates": [
          90.460302,
          23.8106143
        ]
      }
    },
    {
      "type": "Feature",
      "properties": {
        "id": 1633,
        "predicted_prevalence": 0.004784,
        "prediction_uncertainty": 0.7784705,
        "exceedance_probability": 0,
        "adaptively_selected": 0
      },
      "geometry": {
        "type": "Point",
        "coordinates": [
          90.463949,
          23.8106143
        ]
      }
    },
    {
      "type": "Feature",
      "properties": {
        "id": 1634,
        "predicted_prevalence": 0.0017888,
        "prediction_uncertainty": 0.7788632,
        "exceedance_probability": 0,
        "adaptively_selected": 0
      },
      "geometry": {
        "type": "Point",
        "coordinates": [
          90.4675959,
          23.8106143
        ]
      }
    },
    {
      "type": "Feature",
      "properties": {
        "id": 1635,
        "predicted_prevalence": 0.0005863,
        "prediction_uncertainty": 0.7789208,
        "exceedance_probability": 0,
        "adaptively_selected": 0
      },
      "geometry": {
        "type": "Point",
        "coordinates": [
          90.4712429,
          23.8106143
        ]
      }
    },
    {
      "type": "Feature",
      "properties": {
        "id": 1636,
        "predicted_prevalence": 0.0001684,
        "prediction_uncertainty": 0.7789272,
        "exceedance_probability": 0,
        "adaptively_selected": 0
      },
      "geometry": {
        "type": "Point",
        "coordinates": [
          90.4748898,
          23.8106143
        ]
      }
    },
    {
      "type": "Feature",
      "properties": {
        "id": 1637,
        "predicted_prevalence": 4.24e-05,
        "prediction_uncertainty": 0.7789278,
        "exceedance_probability": 0,
        "adaptively_selected": 0
      },
      "geometry": {
        "type": "Point",
        "coordinates": [
          90.4785367,
          23.8106143
        ]
      }
    },
    {
      "type": "Feature",
      "properties": {
        "id": 1638,
        "predicted_prevalence": 9.3326921e-06,
        "prediction_uncertainty": 0.7789278,
        "exceedance_probability": 0,
        "adaptively_selected": 0
      },
      "geometry": {
        "type": "Point",
        "coordinates": [
          90.4821837,
          23.8106143
        ]
      }
    },
    {
      "type": "Feature",
      "properties": {
        "id": 1639,
        "predicted_prevalence": 1.8004609e-06,
        "prediction_uncertainty": 0.7789278,
        "exceedance_probability": 0,
        "adaptively_selected": 0
      },
      "geometry": {
        "type": "Point",
        "coordinates": [
          90.4858306,
          23.8106143
        ]
      }
    },
    {
      "type": "Feature",
      "properties": {
        "id": 1640,
        "predicted_prevalence": 3.04132e-07,
        "prediction_uncertainty": 0.7789278,
        "exceedance_probability": 0,
        "adaptively_selected": 0
      },
      "geometry": {
        "type": "Point",
        "coordinates": [
          90.4894776,
          23.8106143
        ]
      }
    },
    {
      "type": "Feature",
      "properties": {
        "id": 1641,
        "predicted_prevalence": 4.4980118e-08,
        "prediction_uncertainty": 0.7789278,
        "exceedance_probability": 0,
        "adaptively_selected": 0
      },
      "geometry": {
        "type": "Point",
        "coordinates": [
          90.4931245,
          23.8106143
        ]
      }
    },
    {
      "type": "Feature",
      "properties": {
        "id": 1642,
        "predicted_prevalence": 5.8243189e-09,
        "prediction_uncertainty": 0.7789278,
        "exceedance_probability": 0,
        "adaptively_selected": 0
      },
      "geometry": {
        "type": "Point",
        "coordinates": [
          90.4967714,
          23.8106143
        ]
      }
    },
    {
      "type": "Feature",
      "properties": {
        "id": 1643,
        "predicted_prevalence": 6.6027779e-10,
        "prediction_uncertainty": 0.7789278,
        "exceedance_probability": 0,
        "adaptively_selected": 0
      },
      "geometry": {
        "type": "Point",
        "coordinates": [
          90.5004184,
          23.8106143
        ]
      }
    },
    {
      "type": "Feature",
      "properties": {
        "id": 1644,
        "predicted_prevalence": 6.553288e-11,
        "prediction_uncertainty": 0.7789278,
        "exceedance_probability": 0,
        "adaptively_selected": 0
      },
      "geometry": {
        "type": "Point",
        "coordinates": [
          90.5040653,
          23.8106143
        ]
      }
    },
    {
      "type": "Feature",
      "properties": {
        "id": 1645,
        "predicted_prevalence": 5.6942902e-12,
        "prediction_uncertainty": 0.7789278,
        "exceedance_probability": 0,
        "adaptively_selected": 0
      },
      "geometry": {
        "type": "Point",
        "coordinates": [
          90.5077122,
          23.8106143
        ]
      }
    },
    {
      "type": "Feature",
      "properties": {
        "id": 1646,
        "predicted_prevalence": 4.3318719e-13,
        "prediction_uncertainty": 0.7789278,
        "exceedance_probability": 0,
        "adaptively_selected": 0
      },
      "geometry": {
        "type": "Point",
        "coordinates": [
          90.5113592,
          23.8106143
        ]
      }
    },
    {
      "type": "Feature",
      "properties": {
        "id": 1647,
        "predicted_prevalence": 2.8861533e-14,
        "prediction_uncertainty": 0.7789278,
        "exceedance_probability": 0,
        "adaptively_selected": 0
      },
      "geometry": {
        "type": "Point",
        "coordinates": [
          90.5150061,
          23.8106143
        ]
      }
    },
    {
      "type": "Feature",
      "properties": {
        "id": 1648,
        "predicted_prevalence": 1.6927771e-15,
        "prediction_uncertainty": 0.7789278,
        "exceedance_probability": 0,
        "adaptively_selected": 0
      },
      "geometry": {
        "type": "Point",
        "coordinates": [
          90.5186531,
          23.8106143
        ]
      }
    },
    {
      "type": "Feature",
      "properties": {
        "id": 1649,
        "predicted_prevalence": 9.3827529e-17,
        "prediction_uncertainty": 0.7789278,
        "exceedance_probability": 0,
        "adaptively_selected": 0
      },
      "geometry": {
        "type": "Point",
        "coordinates": [
          90.5223,
          23.8106143
        ]
      }
    },
    {
      "type": "Feature",
      "properties": {
        "id": 1650,
        "predicted_prevalence": 0.0158692,
        "prediction_uncertainty": 0.7776645,
        "exceedance_probability": 0,
        "adaptively_selected": 0
      },
      "geometry": {
        "type": "Point",
        "coordinates": [
          90.3436,
          23.8150429
        ]
      }
    },
    {
      "type": "Feature",
      "properties": {
        "id": 1651,
        "predicted_prevalence": 0.0326351,
        "prediction_uncertainty": 0.7733762,
        "exceedance_probability": 0,
        "adaptively_selected": 0
      },
      "geometry": {
        "type": "Point",
        "coordinates": [
          90.3472469,
          23.8150429
        ]
      }
    },
    {
      "type": "Feature",
      "properties": {
        "id": 1652,
        "predicted_prevalence": 0.0588015,
        "prediction_uncertainty": 0.7601059,
        "exceedance_probability": 0,
        "adaptively_selected": 0
      },
      "geometry": {
        "type": "Point",
        "coordinates": [
          90.3508939,
          23.8150429
        ]
      }
    },
    {
      "type": "Feature",
      "properties": {
        "id": 1653,
        "predicted_prevalence": 0.0928363,
        "prediction_uncertainty": 0.7294154,
        "exceedance_probability": 0,
        "adaptively_selected": 0
      },
      "geometry": {
        "type": "Point",
        "coordinates": [
          90.3545408,
          23.8150429
        ]
      }
    },
    {
      "type": "Feature",
      "properties": {
        "id": 1654,
        "predicted_prevalence": 0.128472,
        "prediction_uncertainty": 0.6775447,
        "exceedance_probability": 0,
        "adaptively_selected": 0
      },
      "geometry": {
        "type": "Point",
        "coordinates": [
          90.3581878,
          23.8150429
        ]
      }
    },
    {
      "type": "Feature",
      "properties": {
        "id": 1655,
        "predicted_prevalence": 0.1559702,
        "prediction_uncertainty": 0.618736,
        "exceedance_probability": 0,
        "adaptively_selected": 0
      },
      "geometry": {
        "type": "Point",
        "coordinates": [
          90.3618347,
          23.8150429
        ]
      }
    },
    {
      "type": "Feature",
      "properties": {
        "id": 1656,
        "predicted_prevalence": 0.1665479,
        "prediction_uncertainty": 0.5885502,
        "exceedance_probability": 0,
        "adaptively_selected": 0
      },
      "geometry": {
        "type": "Point",
        "coordinates": [
          90.3654816,
          23.8150429
        ]
      }
    },
    {
      "type": "Feature",
      "properties": {
        "id": 1657,
        "predicted_prevalence": 0.1576363,
        "prediction_uncertainty": 0.6118961,
        "exceedance_probability": 0,
        "adaptively_selected": 0
      },
      "geometry": {
        "type": "Point",
        "coordinates": [
          90.3691286,
          23.8150429
        ]
      }
    },
    {
      "type": "Feature",
      "properties": {
        "id": 1658,
        "predicted_prevalence": 0.1352543,
        "prediction_uncertainty": 0.6680454,
        "exceedance_probability": 0,
        "adaptively_selected": 0
      },
      "geometry": {
        "type": "Point",
        "coordinates": [
          90.3727755,
          23.8150429
        ]
      }
    },
    {
      "type": "Feature",
      "properties": {
        "id": 1659,
        "predicted_prevalence": 0.1115344,
        "prediction_uncertainty": 0.7169113,
        "exceedance_probability": 0,
        "adaptively_selected": 0
      },
      "geometry": {
        "type": "Point",
        "coordinates": [
          90.3764224,
          23.8150429
        ]
      }
    },
    {
      "type": "Feature",
      "properties": {
        "id": 1660,
        "predicted_prevalence": 0.0988356,
        "prediction_uncertainty": 0.7318196,
        "exceedance_probability": 0,
        "adaptively_selected": 0
      },
      "geometry": {
        "type": "Point",
        "coordinates": [
          90.3800694,
          23.8150429
        ]
      }
    },
    {
      "type": "Feature",
      "properties": {
        "id": 1661,
        "predicted_prevalence": 0.1038406,
        "prediction_uncertainty": 0.6960819,
        "exceedance_probability": 0,
        "adaptively_selected": 0
      },
      "geometry": {
        "type": "Point",
        "coordinates": [
          90.3837163,
          23.8150429
        ]
      }
    },
    {
      "type": "Feature",
      "properties": {
        "id": 1662,
        "predicted_prevalence": 0.1245191,
        "prediction_uncertainty": 0.5927386,
        "exceedance_probability": 0,
        "adaptively_selected": 0
      },
      "geometry": {
        "type": "Point",
        "coordinates": [
          90.3873633,
          23.8150429
        ]
      }
    },
    {
      "type": "Feature",
      "properties": {
        "id": 1663,
        "predicted_prevalence": 0.151211,
        "prediction_uncertainty": 0.4107097,
        "exceedance_probability": 0,
        "adaptively_selected": 0
      },
      "geometry": {
        "type": "Point",
        "coordinates": [
          90.3910102,
          23.8150429
        ]
      }
    },
    {
      "type": "Feature",
      "properties": {
        "id": 1664,
        "predicted_prevalence": 0.1714293,
        "prediction_uncertainty": 0.1629985,
        "exceedance_probability": 0,
        "adaptively_selected": 0
      },
      "geometry": {
        "type": "Point",
        "coordinates": [
          90.3946571,
          23.8150429
        ]
      }
    },
    {
      "type": "Feature",
      "properties": {
        "id": 1665,
        "predicted_prevalence": 0.176181,
        "prediction_uncertainty": 0.1303032,
        "exceedance_probability": 0,
        "adaptively_selected": 0
      },
      "geometry": {
        "type": "Point",
        "coordinates": [
          90.3983041,
          23.8150429
        ]
      }
    },
    {
      "type": "Feature",
      "properties": {
        "id": 1666,
        "predicted_prevalence": 0.1642658,
        "prediction_uncertainty": 0.3818823,
        "exceedance_probability": 0,
        "adaptively_selected": 0
      },
      "geometry": {
        "type": "Point",
        "coordinates": [
          90.401951,
          23.8150429
        ]
      }
    },
    {
      "type": "Feature",
      "properties": {
        "id": 1667,
        "predicted_prevalence": 0.1419194,
        "prediction_uncertainty": 0.5705423,
        "exceedance_probability": 0,
        "adaptively_selected": 0
      },
      "geometry": {
        "type": "Point",
        "coordinates": [
          90.405598,
          23.8150429
        ]
      }
    },
    {
      "type": "Feature",
      "properties": {
        "id": 1668,
        "predicted_prevalence": 0.1184775,
        "prediction_uncertainty": 0.6765507,
        "exceedance_probability": 0,
        "adaptively_selected": 0
      },
      "geometry": {
        "type": "Point",
        "coordinates": [
          90.4092449,
          23.8150429
        ]
      }
    },
    {
      "type": "Feature",
      "properties": {
        "id": 1669,
        "predicted_prevalence": 0.1015503,
        "prediction_uncertainty": 0.7061211,
        "exceedance_probability": 0,
        "adaptively_selected": 0
      },
      "geometry": {
        "type": "Point",
        "coordinates": [
          90.4128918,
          23.8150429
        ]
      }
    },
    {
      "type": "Feature",
      "properties": {
        "id": 1670,
        "predicted_prevalence": 0.0947828,
        "prediction_uncertainty": 0.6759401,
        "exceedance_probability": 0,
        "adaptively_selected": 0
      },
      "geometry": {
        "type": "Point",
        "coordinates": [
          90.4165388,
          23.8150429
        ]
      }
    },
    {
      "type": "Feature",
      "properties": {
        "id": 1671,
        "predicted_prevalence": 0.0984143,
        "prediction_uncertainty": 0.6096535,
        "exceedance_probability": 0,
        "adaptively_selected": 0
      },
      "geometry": {
        "type": "Point",
        "coordinates": [
          90.4201857,
          23.8150429
        ]
      }
    },
    {
      "type": "Feature",
      "properties": {
        "id": 1672,
        "predicted_prevalence": 0.1106759,
        "prediction_uncertainty": 0.5393392,
        "exceedance_probability": 0,
        "adaptively_selected": 0
      },
      "geometry": {
        "type": "Point",
        "coordinates": [
          90.4238327,
          23.8150429
        ]
      }
    },
    {
      "type": "Feature",
      "properties": {
        "id": 1673,
        "predicted_prevalence": 0.1283028,
        "prediction_uncertainty": 0.4822494,
        "exceedance_probability": 0,
        "adaptively_selected": 0
      },
      "geometry": {
        "type": "Point",
        "coordinates": [
          90.4274796,
          23.8150429
        ]
      }
    },
    {
      "type": "Feature",
      "properties": {
        "id": 1674,
        "predicted_prevalence": 0.1462175,
        "prediction_uncertainty": 0.4113657,
        "exceedance_probability": 0,
        "adaptively_selected": 0
      },
      "geometry": {
        "type": "Point",
        "coordinates": [
          90.4311265,
          23.8150429
        ]
      }
    },
    {
      "type": "Feature",
      "properties": {
        "id": 1675,
        "predicted_prevalence": 0.1578281,
        "prediction_uncertainty": 0.2944308,
        "exceedance_probability": 0,
        "adaptively_selected": 0
      },
      "geometry": {
        "type": "Point",
        "coordinates": [
          90.4347735,
          23.8150429
        ]
      }
    },
    {
      "type": "Feature",
      "properties": {
        "id": 1676,
        "predicted_prevalence": 0.157074,
        "prediction_uncertainty": 0.1997076,
        "exceedance_probability": 0,
        "adaptively_selected": 0
      },
      "geometry": {
        "type": "Point",
        "coordinates": [
          90.4384204,
          23.8150429
        ]
      }
    },
    {
      "type": "Feature",
      "properties": {
        "id": 1677,
        "predicted_prevalence": 0.141487,
        "prediction_uncertainty": 0.3126371,
        "exceedance_probability": 0,
        "adaptively_selected": 0
      },
      "geometry": {
        "type": "Point",
        "coordinates": [
          90.4420673,
          23.8150429
        ]
      }
    },
    {
      "type": "Feature",
      "properties": {
        "id": 1678,
        "predicted_prevalence": 0.1139457,
        "prediction_uncertainty": 0.4994354,
        "exceedance_probability": 0,
        "adaptively_selected": 0
      },
      "geometry": {
        "type": "Point",
        "coordinates": [
          90.4457143,
          23.8150429
        ]
      }
    },
    {
      "type": "Feature",
      "properties": {
        "id": 1679,
        "predicted_prevalence": 0.0813994,
        "prediction_uncertainty": 0.6435271,
        "exceedance_probability": 0,
        "adaptively_selected": 0
      },
      "geometry": {
        "type": "Point",
        "coordinates": [
          90.4493612,
          23.8150429
        ]
      }
    },
    {
      "type": "Feature",
      "properties": {
        "id": 1680,
        "predicted_prevalence": 0.0513243,
        "prediction_uncertainty": 0.726195,
        "exceedance_probability": 0,
        "adaptively_selected": 0
      },
      "geometry": {
        "type": "Point",
        "coordinates": [
          90.4530082,
          23.8150429
        ]
      }
    },
    {
      "type": "Feature",
      "properties": {
        "id": 1681,
        "predicted_prevalence": 0.0284742,
        "prediction_uncertainty": 0.7627147,
        "exceedance_probability": 0,
        "adaptively_selected": 0
      },
      "geometry": {
        "type": "Point",
        "coordinates": [
          90.4566551,
          23.8150429
        ]
      }
    },
    {
      "type": "Feature",
      "properties": {
        "id": 1682,
        "predicted_prevalence": 0.0138729,
        "prediction_uncertainty": 0.7750544,
        "exceedance_probability": 0,
        "adaptively_selected": 0
      },
      "geometry": {
        "type": "Point",
        "coordinates": [
          90.460302,
          23.8150429
        ]
      }
    },
    {
      "type": "Feature",
      "properties": {
        "id": 1683,
        "predicted_prevalence": 0.0059287,
        "prediction_uncertainty": 0.7782155,
        "exceedance_probability": 0,
        "adaptively_selected": 0
      },
      "geometry": {
        "type": "Point",
        "coordinates": [
          90.463949,
          23.8150429
        ]
      }
    },
    {
      "type": "Feature",
      "properties": {
        "id": 1684,
        "predicted_prevalence": 0.0022207,
        "prediction_uncertainty": 0.7788273,
        "exceedance_probability": 0,
        "adaptively_selected": 0
      },
      "geometry": {
        "type": "Point",
        "coordinates": [
          90.4675959,
          23.8150429
        ]
      }
    },
    {
      "type": "Feature",
      "properties": {
        "id": 1685,
        "predicted_prevalence": 0.0007288,
        "prediction_uncertainty": 0.7789169,
        "exceedance_probability": 0,
        "adaptively_selected": 0
      },
      "geometry": {
        "type": "Point",
        "coordinates": [
          90.4712429,
          23.8150429
        ]
      }
    },
    {
      "type": "Feature",
      "properties": {
        "id": 1686,
        "predicted_prevalence": 0.0002095,
        "prediction_uncertainty": 0.7789269,
        "exceedance_probability": 0,
        "adaptively_selected": 0
      },
      "geometry": {
        "type": "Point",
        "coordinates": [
          90.4748898,
          23.8150429
        ]
      }
    },
    {
      "type": "Feature",
      "properties": {
        "id": 1687,
        "predicted_prevalence": 5.27e-05,
        "prediction_uncertainty": 0.7789277,
        "exceedance_probability": 0,
        "adaptively_selected": 0
      },
      "geometry": {
        "type": "Point",
        "coordinates": [
          90.4785367,
          23.8150429
        ]
      }
    },
    {
      "type": "Feature",
      "properties": {
        "id": 1688,
        "predicted_prevalence": 1.16e-05,
        "prediction_uncertainty": 0.7789278,
        "exceedance_probability": 0,
        "adaptively_selected": 0
      },
      "geometry": {
        "type": "Point",
        "coordinates": [
          90.4821837,
          23.8150429
        ]
      }
    },
    {
      "type": "Feature",
      "properties": {
        "id": 1689,
        "predicted_prevalence": 2.2423933e-06,
        "prediction_uncertainty": 0.7789278,
        "exceedance_probability": 0,
        "adaptively_selected": 0
      },
      "geometry": {
        "type": "Point",
        "coordinates": [
          90.4858306,
          23.8150429
        ]
      }
    },
    {
      "type": "Feature",
      "properties": {
        "id": 1690,
        "predicted_prevalence": 3.7885247e-07,
        "prediction_uncertainty": 0.7789278,
        "exceedance_probability": 0,
        "adaptively_selected": 0
      },
      "geometry": {
        "type": "Point",
        "coordinates": [
          90.4894776,
          23.8150429
        ]
      }
    },
    {
      "type": "Feature",
      "properties": {
        "id": 1691,
        "predicted_prevalence": 5.6038339e-08,
        "prediction_uncertainty": 0.7789278,
        "exceedance_probability": 0,
        "adaptively_selected": 0
      },
      "geometry": {
        "type": "Point",
        "coordinates": [
          90.4931245,
          23.8150429
        ]
      }
    },
    {
      "type": "Feature",
      "properties": {
        "id": 1692,
        "predicted_prevalence": 7.2568867e-09,
        "prediction_uncertainty": 0.7789278,
        "exceedance_probability": 0,
        "adaptively_selected": 0
      },
      "geometry": {
        "type": "Point",
        "coordinates": [
          90.4967714,
          23.8150429
        ]
      }
    },
    {
      "type": "Feature",
      "properties": {
        "id": 1693,
        "predicted_prevalence": 8.2273714e-10,
        "prediction_uncertainty": 0.7789278,
        "exceedance_probability": 0,
        "adaptively_selected": 0
      },
      "geometry": {
        "type": "Point",
        "coordinates": [
          90.5004184,
          23.8150429
        ]
      }
    },
    {
      "type": "Feature",
      "properties": {
        "id": 1694,
        "predicted_prevalence": 8.1661028e-11,
        "prediction_uncertainty": 0.7789278,
        "exceedance_probability": 0,
        "adaptively_selected": 0
      },
      "geometry": {
        "type": "Point",
        "coordinates": [
          90.5040653,
          23.8150429
        ]
      }
    },
    {
      "type": "Feature",
      "properties": {
        "id": 1695,
        "predicted_prevalence": 7.0959389e-12,
        "prediction_uncertainty": 0.7789278,
        "exceedance_probability": 0,
        "adaptively_selected": 0
      },
      "geometry": {
        "type": "Point",
        "coordinates": [
          90.5077122,
          23.8150429
        ]
      }
    },
    {
      "type": "Feature",
      "properties": {
        "id": 1696,
        "predicted_prevalence": 5.3981537e-13,
        "prediction_uncertainty": 0.7789278,
        "exceedance_probability": 0,
        "adaptively_selected": 0
      },
      "geometry": {
        "type": "Point",
        "coordinates": [
          90.5113592,
          23.8150429
        ]
      }
    },
    {
      "type": "Feature",
      "properties": {
        "id": 1697,
        "predicted_prevalence": 3.5951966e-14,
        "prediction_uncertainty": 0.7789278,
        "exceedance_probability": 0,
        "adaptively_selected": 0
      },
      "geometry": {
        "type": "Point",
        "coordinates": [
          90.5150061,
          23.8150429
        ]
      }
    },
    {
      "type": "Feature",
      "properties": {
        "id": 1698,
        "predicted_prevalence": 2.0964081e-15,
        "prediction_uncertainty": 0.7789278,
        "exceedance_probability": 0,
        "adaptively_selected": 0
      },
      "geometry": {
        "type": "Point",
        "coordinates": [
          90.5186531,
          23.8150429
        ]
      }
    },
    {
      "type": "Feature",
      "properties": {
        "id": 1699,
        "predicted_prevalence": 1.0715237e-16,
        "prediction_uncertainty": 0.7789278,
        "exceedance_probability": 0,
        "adaptively_selected": 0
      },
      "geometry": {
        "type": "Point",
        "coordinates": [
          90.5223,
          23.8150429
        ]
      }
    },
    {
      "type": "Feature",
      "properties": {
        "id": 1700,
        "predicted_prevalence": 0.0148801,
        "prediction_uncertainty": 0.776718,
        "exceedance_probability": 0,
        "adaptively_selected": 0
      },
      "geometry": {
        "type": "Point",
        "coordinates": [
          90.3436,
          23.8194714
        ]
      }
    },
    {
      "type": "Feature",
      "properties": {
        "id": 1701,
        "predicted_prevalence": 0.0310278,
        "prediction_uncertainty": 0.7691184,
        "exceedance_probability": 0,
        "adaptively_selected": 0
      },
      "geometry": {
        "type": "Point",
        "coordinates": [
          90.3472469,
          23.8194714
        ]
      }
    },
    {
      "type": "Feature",
      "properties": {
        "id": 1702,
        "predicted_prevalence": 0.0566848,
        "prediction_uncertainty": 0.745195,
        "exceedance_probability": 0,
        "adaptively_selected": 0
      },
      "geometry": {
        "type": "Point",
        "coordinates": [
          90.3508939,
          23.8194714
        ]
      }
    },
    {
      "type": "Feature",
      "properties": {
        "id": 1703,
        "predicted_prevalence": 0.0907502,
        "prediction_uncertainty": 0.6879786,
        "exceedance_probability": 0,
        "adaptively_selected": 0
      },
      "geometry": {
        "type": "Point",
        "coordinates": [
          90.3545408,
          23.8194714
        ]
      }
    },
    {
      "type": "Feature",
      "properties": {
        "id": 1704,
        "predicted_prevalence": 0.1273753,
        "prediction_uncertainty": 0.5842847,
        "exceedance_probability": 0,
        "adaptively_selected": 0
      },
      "geometry": {
        "type": "Point",
        "coordinates": [
          90.3581878,
          23.8194714
        ]
      }
    },
    {
      "type": "Feature",
      "properties": {
        "id": 1705,
        "predicted_prevalence": 0.1568995,
        "prediction_uncertainty": 0.4497541,
        "exceedance_probability": 0,
        "adaptively_selected": 0
      },
      "geometry": {
        "type": "Point",
        "coordinates": [
          90.3618347,
          23.8194714
        ]
      }
    },
    {
      "type": "Feature",
      "properties": {
        "id": 1706,
        "predicted_prevalence": 0.1700582,
        "prediction_uncertainty": 0.3663912,
        "exceedance_probability": 0,
        "adaptively_selected": 0
      },
      "geometry": {
        "type": "Point",
        "coordinates": [
          90.3654816,
          23.8194714
        ]
      }
    },
    {
      "type": "Feature",
      "properties": {
        "id": 1707,
        "predicted_prevalence": 0.163364,
        "prediction_uncertainty": 0.4284181,
        "exceedance_probability": 0,
        "adaptively_selected": 0
      },
      "geometry": {
        "type": "Point",
        "coordinates": [
          90.3691286,
          23.8194714
        ]
      }
    },
    {
      "type": "Feature",
      "properties": {
        "id": 1708,
        "predicted_prevalence": 0.1419112,
        "prediction_uncertainty": 0.5612158,
        "exceedance_probability": 0,
        "adaptively_selected": 0
      },
      "geometry": {
        "type": "Point",
        "coordinates": [
          90.3727755,
          23.8194714
        ]
      }
    },
    {
      "type": "Feature",
      "properties": {
        "id": 1709,
        "predicted_prevalence": 0.1173368,
        "prediction_uncertainty": 0.6677043,
        "exceedance_probability": 0,
        "adaptively_selected": 0
      },
      "geometry": {
        "type": "Point",
        "coordinates": [
          90.3764224,
          23.8194714
        ]
      }
    },
    {
      "type": "Feature",
      "properties": {
        "id": 1710,
        "predicted_prevalence": 0.1020847,
        "prediction_uncertainty": 0.7159646,
        "exceedance_probability": 0,
        "adaptively_selected": 0
      },
      "geometry": {
        "type": "Point",
        "coordinates": [
          90.3800694,
          23.8194714
        ]
      }
    },
    {
      "type": "Feature",
      "properties": {
        "id": 1711,
        "predicted_prevalence": 0.1033537,
        "prediction_uncertainty": 0.7006588,
        "exceedance_probability": 0,
        "adaptively_selected": 0
      },
      "geometry": {
        "type": "Point",
        "coordinates": [
          90.3837163,
          23.8194714
        ]
      }
    },
    {
      "type": "Feature",
      "properties": {
        "id": 1712,
        "predicted_prevalence": 0.1197882,
        "prediction_uncertainty": 0.6190708,
        "exceedance_probability": 0,
        "adaptively_selected": 0
      },
      "geometry": {
        "type": "Point",
        "coordinates": [
          90.3873633,
          23.8194714
        ]
      }
    },
    {
      "type": "Feature",
      "properties": {
        "id": 1713,
        "predicted_prevalence": 0.1423018,
        "prediction_uncertainty": 0.4764454,
        "exceedance_probability": 0,
        "adaptively_selected": 0
      },
      "geometry": {
        "type": "Point",
        "coordinates": [
          90.3910102,
          23.8194714
        ]
      }
    },
    {
      "type": "Feature",
      "properties": {
        "id": 1714,
        "predicted_prevalence": 0.1586742,
        "prediction_uncertainty": 0.3232102,
        "exceedance_probability": 0,
        "adaptively_selected": 0
      },
      "geometry": {
        "type": "Point",
        "coordinates": [
          90.3946571,
          23.8194714
        ]
      }
    },
    {
      "type": "Feature",
      "properties": {
        "id": 1715,
        "predicted_prevalence": 0.1597965,
        "prediction_uncertainty": 0.3111175,
        "exceedance_probability": 0,
        "adaptively_selected": 0
      },
      "geometry": {
        "type": "Point",
        "coordinates": [
          90.3983041,
          23.8194714
        ]
      }
    },
    {
      "type": "Feature",
      "properties": {
        "id": 1716,
        "predicted_prevalence": 0.1441474,
        "prediction_uncertainty": 0.457833,
        "exceedance_probability": 0,
        "adaptively_selected": 0
      },
      "geometry": {
        "type": "Point",
        "coordinates": [
          90.401951,
          23.8194714
        ]
      }
    },
    {
      "type": "Feature",
      "properties": {
        "id": 1717,
        "predicted_prevalence": 0.1178329,
        "prediction_uncertainty": 0.6066675,
        "exceedance_probability": 0,
        "adaptively_selected": 0
      },
      "geometry": {
        "type": "Point",
        "coordinates": [
          90.405598,
          23.8194714
        ]
      }
    },
    {
      "type": "Feature",
      "properties": {
        "id": 1718,
        "predicted_prevalence": 0.0905584,
        "prediction_uncertainty": 0.7001922,
        "exceedance_probability": 0,
        "adaptively_selected": 0
      },
      "geometry": {
        "type": "Point",
        "coordinates": [
          90.4092449,
          23.8194714
        ]
      }
    },
    {
      "type": "Feature",
      "properties": {
        "id": 1719,
        "predicted_prevalence": 0.0707285,
        "prediction_uncertainty": 0.7378478,
        "exceedance_probability": 0,
        "adaptively_selected": 0
      },
      "geometry": {
        "type": "Point",
        "coordinates": [
          90.4128918,
          23.8194714
        ]
      }
    },
    {
      "type": "Feature",
      "properties": {
        "id": 1720,
        "predicted_prevalence": 0.0628087,
        "prediction_uncertainty": 0.7362339,
        "exceedance_probability": 0,
        "adaptively_selected": 0
      },
      "geometry": {
        "type": "Point",
        "coordinates": [
          90.4165388,
          23.8194714
        ]
      }
    },
    {
      "type": "Feature",
      "properties": {
        "id": 1721,
        "predicted_prevalence": 0.0675134,
        "prediction_uncertainty": 0.7126143,
        "exceedance_probability": 0,
        "adaptively_selected": 0
      },
      "geometry": {
        "type": "Point",
        "coordinates": [
          90.4201857,
          23.8194714
        ]
      }
    },
    {
      "type": "Feature",
      "properties": {
        "id": 1722,
        "predicted_prevalence": 0.0830789,
        "prediction_uncertainty": 0.6757382,
        "exceedance_probability": 0,
        "adaptively_selected": 0
      },
      "geometry": {
        "type": "Point",
        "coordinates": [
          90.4238327,
          23.8194714
        ]
      }
    },
    {
      "type": "Feature",
      "properties": {
        "id": 1723,
        "predicted_prevalence": 0.1058132,
        "prediction_uncertainty": 0.6151725,
        "exceedance_probability": 0,
        "adaptively_selected": 0
      },
      "geometry": {
        "type": "Point",
        "coordinates": [
          90.4274796,
          23.8194714
        ]
      }
    },
    {
      "type": "Feature",
      "properties": {
        "id": 1724,
        "predicted_prevalence": 0.1298426,
        "prediction_uncertainty": 0.5030284,
        "exceedance_probability": 0,
        "adaptively_selected": 0
      },
      "geometry": {
        "type": "Point",
        "coordinates": [
          90.4311265,
          23.8194714
        ]
      }
    },
    {
      "type": "Feature",
      "properties": {
        "id": 1725,
        "predicted_prevalence": 0.147543,
        "prediction_uncertainty": 0.3223231,
        "exceedance_probability": 0,
        "adaptively_selected": 0
      },
      "geometry": {
        "type": "Point",
        "coordinates": [
          90.4347735,
          23.8194714
        ]
      }
    },
    {
      "type": "Feature",
      "properties": {
        "id": 1726,
        "predicted_prevalence": 0.1518723,
        "prediction_uncertainty": 0.1329575,
        "exceedance_probability": 0,
        "adaptively_selected": 0
      },
      "geometry": {
        "type": "Point",
        "coordinates": [
          90.4384204,
          23.8194714
        ]
      }
    },
    {
      "type": "Feature",
      "properties": {
        "id": 1727,
        "predicted_prevalence": 0.1397755,
        "prediction_uncertainty": 0.2592928,
        "exceedance_probability": 0,
        "adaptively_selected": 0
      },
      "geometry": {
        "type": "Point",
        "coordinates": [
          90.4420673,
          23.8194714
        ]
      }
    },
    {
      "type": "Feature",
      "properties": {
        "id": 1728,
        "predicted_prevalence": 0.1141013,
        "prediction_uncertainty": 0.4767429,
        "exceedance_probability": 0,
        "adaptively_selected": 0
      },
      "geometry": {
        "type": "Point",
        "coordinates": [
          90.4457143,
          23.8194714
        ]
      }
    },
    {
      "type": "Feature",
      "properties": {
        "id": 1729,
        "predicted_prevalence": 0.0822035,
        "prediction_uncertainty": 0.634595,
        "exceedance_probability": 0,
        "adaptively_selected": 1
      },
      "geometry": {
        "type": "Point",
        "coordinates": [
          90.4493612,
          23.8194714
        ]
      }
    },
    {
      "type": "Feature",
      "properties": {
        "id": 1730,
        "predicted_prevalence": 0.0521058,
        "prediction_uncertainty": 0.7231183,
        "exceedance_probability": 0,
        "adaptively_selected": 0
      },
      "geometry": {
        "type": "Point",
        "coordinates": [
          90.4530082,
          23.8194714
        ]
      }
    },
    {
      "type": "Feature",
      "properties": {
        "id": 1731,
        "predicted_prevalence": 0.0290032,
        "prediction_uncertainty": 0.761833,
        "exceedance_probability": 0,
        "adaptively_selected": 0
      },
      "geometry": {
        "type": "Point",
        "coordinates": [
          90.4566551,
          23.8194714
        ]
      }
    },
    {
      "type": "Feature",
      "properties": {
        "id": 1732,
        "predicted_prevalence": 0.0141598,
        "prediction_uncertainty": 0.774852,
        "exceedance_probability": 0,
        "adaptively_selected": 0
      },
      "geometry": {
        "type": "Point",
        "coordinates": [
          90.460302,
          23.8194714
        ]
      }
    },
    {
      "type": "Feature",
      "properties": {
        "id": 1733,
        "predicted_prevalence": 0.0060591,
        "prediction_uncertainty": 0.7781791,
        "exceedance_probability": 0,
        "adaptively_selected": 0
      },
      "geometry": {
        "type": "Point",
        "coordinates": [
          90.463949,
          23.8194714
        ]
      }
    },
    {
      "type": "Feature",
      "properties": {
        "id": 1734,
        "predicted_prevalence": 0.0022714,
        "prediction_uncertainty": 0.7788223,
        "exceedance_probability": 0,
        "adaptively_selected": 0
      },
      "geometry": {
        "type": "Point",
        "coordinates": [
          90.4675959,
          23.8194714
        ]
      }
    },
    {
      "type": "Feature",
      "properties": {
        "id": 1735,
        "predicted_prevalence": 0.0007458,
        "prediction_uncertainty": 0.7789164,
        "exceedance_probability": 0,
        "adaptively_selected": 1
      },
      "geometry": {
        "type": "Point",
        "coordinates": [
          90.4712429,
          23.8194714
        ]
      }
    },
    {
      "type": "Feature",
      "properties": {
        "id": 1736,
        "predicted_prevalence": 0.0002144,
        "prediction_uncertainty": 0.7789268,
        "exceedance_probability": 0,
        "adaptively_selected": 0
      },
      "geometry": {
        "type": "Point",
        "coordinates": [
          90.4748898,
          23.8194714
        ]
      }
    },
    {
      "type": "Feature",
      "properties": {
        "id": 1737,
        "predicted_prevalence": 5.4e-05,
        "prediction_uncertainty": 0.7789277,
        "exceedance_probability": 0,
        "adaptively_selected": 0
      },
      "geometry": {
        "type": "Point",
        "coordinates": [
          90.4785367,
          23.8194714
        ]
      }
    },
    {
      "type": "Feature",
      "properties": {
        "id": 1738,
        "predicted_prevalence": 1.19e-05,
        "prediction_uncertainty": 0.7789278,
        "exceedance_probability": 0,
        "adaptively_selected": 0
      },
      "geometry": {
        "type": "Point",
        "coordinates": [
          90.4821837,
          23.8194714
        ]
      }
    },
    {
      "type": "Feature",
      "properties": {
        "id": 1739,
        "predicted_prevalence": 2.2965319e-06,
        "prediction_uncertainty": 0.7789278,
        "exceedance_probability": 0,
        "adaptively_selected": 0
      },
      "geometry": {
        "type": "Point",
        "coordinates": [
          90.4858306,
          23.8194714
        ]
      }
    },
    {
      "type": "Feature",
      "properties": {
        "id": 1740,
        "predicted_prevalence": 3.8802192e-07,
        "prediction_uncertainty": 0.7789278,
        "exceedance_probability": 0,
        "adaptively_selected": 0
      },
      "geometry": {
        "type": "Point",
        "coordinates": [
          90.4894776,
          23.8194714
        ]
      }
    },
    {
      "type": "Feature",
      "properties": {
        "id": 1741,
        "predicted_prevalence": 5.7396887e-08,
        "prediction_uncertainty": 0.7789278,
        "exceedance_probability": 0,
        "adaptively_selected": 0
      },
      "geometry": {
        "type": "Point",
        "coordinates": [
          90.4931245,
          23.8194714
        ]
      }
    },
    {
      "type": "Feature",
      "properties": {
        "id": 1742,
        "predicted_prevalence": 7.4330121e-09,
        "prediction_uncertainty": 0.7789278,
        "exceedance_probability": 0,
        "adaptively_selected": 0
      },
      "geometry": {
        "type": "Point",
        "coordinates": [
          90.4967714,
          23.8194714
        ]
      }
    },
    {
      "type": "Feature",
      "properties": {
        "id": 1743,
        "predicted_prevalence": 8.4272014e-10,
        "prediction_uncertainty": 0.7789278,
        "exceedance_probability": 0,
        "adaptively_selected": 0
      },
      "geometry": {
        "type": "Point",
        "coordinates": [
          90.5004184,
          23.8194714
        ]
      }
    },
    {
      "type": "Feature",
      "properties": {
        "id": 1744,
        "predicted_prevalence": 8.3645477e-11,
        "prediction_uncertainty": 0.7789278,
        "exceedance_probability": 0,
        "adaptively_selected": 0
      },
      "geometry": {
        "type": "Point",
        "coordinates": [
          90.5040653,
          23.8194714
        ]
      }
    },
    {
      "type": "Feature",
      "properties": {
        "id": 1745,
        "predicted_prevalence": 7.2684398e-12,
        "prediction_uncertainty": 0.7789278,
        "exceedance_probability": 0,
        "adaptively_selected": 0
      },
      "geometry": {
        "type": "Point",
        "coordinates": [
          90.5077122,
          23.8194714
        ]
      }
    },
    {
      "type": "Feature",
      "properties": {
        "id": 1746,
        "predicted_prevalence": 5.5294128e-13,
        "prediction_uncertainty": 0.7789278,
        "exceedance_probability": 0,
        "adaptively_selected": 0
      },
      "geometry": {
        "type": "Point",
        "coordinates": [
          90.5113592,
          23.8194714
        ]
      }
    },
    {
      "type": "Feature",
      "properties": {
        "id": 1747,
        "predicted_prevalence": 3.6826089e-14,
        "prediction_uncertainty": 0.7789278,
        "exceedance_probability": 0,
        "adaptively_selected": 0
      },
      "geometry": {
        "type": "Point",
        "coordinates": [
          90.5150061,
          23.8194714
        ]
      }
    },
    {
      "type": "Feature",
      "properties": {
        "id": 1748,
        "predicted_prevalence": 2.1471938e-15,
        "prediction_uncertainty": 0.7789278,
        "exceedance_probability": 0,
        "adaptively_selected": 0
      },
      "geometry": {
        "type": "Point",
        "coordinates": [
          90.5186531,
          23.8194714
        ]
      }
    },
    {
      "type": "Feature",
      "properties": {
        "id": 1749,
        "predicted_prevalence": 1.0960578e-16,
        "prediction_uncertainty": 0.7789278,
        "exceedance_probability": 0,
        "adaptively_selected": 0
      },
      "geometry": {
        "type": "Point",
        "coordinates": [
          90.5223,
          23.8194714
        ]
      }
    },
    {
      "type": "Feature",
      "properties": {
        "id": 1750,
        "predicted_prevalence": 0.0146993,
        "prediction_uncertainty": 0.7761072,
        "exceedance_probability": 0,
        "adaptively_selected": 0
      },
      "geometry": {
        "type": "Point",
        "coordinates": [
          90.3436,
          23.8239
        ]
      }
    },
    {
      "type": "Feature",
      "properties": {
        "id": 1751,
        "predicted_prevalence": 0.0308909,
        "prediction_uncertainty": 0.7663839,
        "exceedance_probability": 0,
        "adaptively_selected": 0
      },
      "geometry": {
        "type": "Point",
        "coordinates": [
          90.3472469,
          23.8239
        ]
      }
    },
    {
      "type": "Feature",
      "properties": {
        "id": 1752,
        "predicted_prevalence": 0.0569016,
        "prediction_uncertainty": 0.7355776,
        "exceedance_probability": 0,
        "adaptively_selected": 0
      },
      "geometry": {
        "type": "Point",
        "coordinates": [
          90.3508939,
          23.8239
        ]
      }
    },
    {
      "type": "Feature",
      "properties": {
        "id": 1753,
        "predicted_prevalence": 0.0919164,
        "prediction_uncertainty": 0.6605382,
        "exceedance_probability": 0,
        "adaptively_selected": 0
      },
      "geometry": {
        "type": "Point",
        "coordinates": [
          90.3545408,
          23.8239
        ]
      }
    },
    {
      "type": "Feature",
      "properties": {
        "id": 1754,
        "predicted_prevalence": 0.1303094,
        "prediction_uncertainty": 0.5174188,
        "exceedance_probability": 0,
        "adaptively_selected": 1
      },
      "geometry": {
        "type": "Point",
        "coordinates": [
          90.3581878,
          23.8239
        ]
      }
    },
    {
      "type": "Feature",
      "properties": {
        "id": 1755,
        "predicted_prevalence": 0.1623566,
        "prediction_uncertainty": 0.299813,
        "exceedance_probability": 0,
        "adaptively_selected": 0
      },
      "geometry": {
        "type": "Point",
        "coordinates": [
          90.3618347,
          23.8239
        ]
      }
    },
    {
      "type": "Feature",
      "properties": {
        "id": 1756,
        "predicted_prevalence": 0.1782671,
        "prediction_uncertainty": 0.0524296,
        "exceedance_probability": 0,
        "adaptively_selected": 0
      },
      "geometry": {
        "type": "Point",
        "coordinates": [
          90.3654816,
          23.8239
        ]
      }
    },
    {
      "type": "Feature",
      "properties": {
        "id": 1757,
        "predicted_prevalence": 0.1735777,
        "prediction_uncertainty": 0.2558243,
        "exceedance_probability": 0,
        "adaptively_selected": 0
      },
      "geometry": {
        "type": "Point",
        "coordinates": [
          90.3691286,
          23.8239
        ]
      }
    },
    {
      "type": "Feature",
      "properties": {
        "id": 1758,
        "predicted_prevalence": 0.1522032,
        "prediction_uncertainty": 0.4834737,
        "exceedance_probability": 0,
        "adaptively_selected": 0
      },
      "geometry": {
        "type": "Point",
        "coordinates": [
          90.3727755,
          23.8239
        ]
      }
    },
    {
      "type": "Feature",
      "properties": {
        "id": 1759,
        "predicted_prevalence": 0.1247763,
        "prediction_uncertainty": 0.6366034,
        "exceedance_probability": 0,
        "adaptively_selected": 0
      },
      "geometry": {
        "type": "Point",
        "coordinates": [
          90.3764224,
          23.8239
        ]
      }
    },
    {
      "type": "Feature",
      "properties": {
        "id": 1760,
        "predicted_prevalence": 0.1032955,
        "prediction_uncertainty": 0.7124318,
        "exceedance_probability": 0,
        "adaptively_selected": 0
      },
      "geometry": {
        "type": "Point",
        "coordinates": [
          90.3800694,
          23.8239
        ]
      }
    },
    {
      "type": "Feature",
      "properties": {
        "id": 1761,
        "predicted_prevalence": 0.0953825,
        "prediction_uncertainty": 0.72447,
        "exceedance_probability": 0,
        "adaptively_selected": 0
      },
      "geometry": {
        "type": "Point",
        "coordinates": [
          90.3837163,
          23.8239
        ]
      }
    },
    {
      "type": "Feature",
      "properties": {
        "id": 1762,
        "predicted_prevalence": 0.1011207,
        "prediction_uncertainty": 0.6873955,
        "exceedance_probability": 0,
        "adaptively_selected": 0
      },
      "geometry": {
        "type": "Point",
        "coordinates": [
          90.3873633,
          23.8239
        ]
      }
    },
    {
      "type": "Feature",
      "properties": {
        "id": 1763,
        "predicted_prevalence": 0.1136699,
        "prediction_uncertainty": 0.6197073,
        "exceedance_probability": 0,
        "adaptively_selected": 0
      },
      "geometry": {
        "type": "Point",
        "coordinates": [
          90.3910102,
          23.8239
        ]
      }
    },
    {
      "type": "Feature",
      "properties": {
        "id": 1764,
        "predicted_prevalence": 0.1231407,
        "prediction_uncertainty": 0.5594167,
        "exceedance_probability": 0,
        "adaptively_selected": 0
      },
      "geometry": {
        "type": "Point",
        "coordinates": [
          90.3946571,
          23.8239
        ]
      }
    },
    {
      "type": "Feature",
      "properties": {
        "id": 1765,
        "predicted_prevalence": 0.1218087,
        "prediction_uncertainty": 0.5554194,
        "exceedance_probability": 0,
        "adaptively_selected": 0
      },
      "geometry": {
        "type": "Point",
        "coordinates": [
          90.3983041,
          23.8239
        ]
      }
    },
    {
      "type": "Feature",
      "properties": {
        "id": 1766,
        "predicted_prevalence": 0.1078881,
        "prediction_uncertainty": 0.6120049,
        "exceedance_probability": 0,
        "adaptively_selected": 0
      },
      "geometry": {
        "type": "Point",
        "coordinates": [
          90.401951,
          23.8239
        ]
      }
    },
    {
      "type": "Feature",
      "properties": {
        "id": 1767,
        "predicted_prevalence": 0.0857583,
        "prediction_uncertainty": 0.6839659,
        "exceedance_probability": 0,
        "adaptively_selected": 0
      },
      "geometry": {
        "type": "Point",
        "coordinates": [
          90.405598,
          23.8239
        ]
      }
    },
    {
      "type": "Feature",
      "properties": {
        "id": 1768,
        "predicted_prevalence": 0.0629137,
        "prediction_uncertainty": 0.7357685,
        "exceedance_probability": 0,
        "adaptively_selected": 0
      },
      "geometry": {
        "type": "Point",
        "coordinates": [
          90.4092449,
          23.8239
        ]
      }
    },
    {
      "type": "Feature",
      "properties": {
        "id": 1769,
        "predicted_prevalence": 0.0461154,
        "prediction_uncertainty": 0.7603393,
        "exceedance_probability": 0,
        "adaptively_selected": 0
      },
      "geometry": {
        "type": "Point",
        "coordinates": [
          90.4128918,
          23.8239
        ]
      }
    },
    {
      "type": "Feature",
      "properties": {
        "id": 1770,
        "predicted_prevalence": 0.0392251,
        "prediction_uncertainty": 0.7651999,
        "exceedance_probability": 0,
        "adaptively_selected": 0
      },
      "geometry": {
        "type": "Point",
        "coordinates": [
          90.4165388,
          23.8239
        ]
      }
    },
    {
      "type": "Feature",
      "properties": {
        "id": 1771,
        "predicted_prevalence": 0.0432144,
        "prediction_uncertainty": 0.7579834,
        "exceedance_probability": 0,
        "adaptively_selected": 0
      },
      "geometry": {
        "type": "Point",
        "coordinates": [
          90.4201857,
          23.8239
        ]
      }
    },
    {
      "type": "Feature",
      "properties": {
        "id": 1772,
        "predicted_prevalence": 0.0569934,
        "prediction_uncertainty": 0.7381829,
        "exceedance_probability": 0,
        "adaptively_selected": 0
      },
      "geometry": {
        "type": "Point",
        "coordinates": [
          90.4238327,
          23.8239
        ]
      }
    },
    {
      "type": "Feature",
      "properties": {
        "id": 1773,
        "predicted_prevalence": 0.0776483,
        "prediction_uncertainty": 0.6943844,
        "exceedance_probability": 0,
        "adaptively_selected": 0
      },
      "geometry": {
        "type": "Point",
        "coordinates": [
          90.4274796,
          23.8239
        ]
      }
    },
    {
      "type": "Feature",
      "properties": {
        "id": 1774,
        "predicted_prevalence": 0.1001052,
        "prediction_uncertainty": 0.613009,
        "exceedance_probability": 0,
        "adaptively_selected": 0
      },
      "geometry": {
        "type": "Point",
        "coordinates": [
          90.4311265,
          23.8239
        ]
      }
    },
    {
      "type": "Feature",
      "properties": {
        "id": 1775,
        "predicted_prevalence": 0.1175415,
        "prediction_uncertainty": 0.5037536,
        "exceedance_probability": 0,
        "adaptively_selected": 0
      },
      "geometry": {
        "type": "Point",
        "coordinates": [
          90.4347735,
          23.8239
        ]
      }
    },
    {
      "type": "Feature",
      "properties": {
        "id": 1776,
        "predicted_prevalence": 0.1235467,
        "prediction_uncertainty": 0.4300636,
        "exceedance_probability": 0,
        "adaptively_selected": 0
      },
      "geometry": {
        "type": "Point",
        "coordinates": [
          90.4384204,
          23.8239
        ]
      }
    },
    {
      "type": "Feature",
      "properties": {
        "id": 1777,
        "predicted_prevalence": 0.1152052,
        "prediction_uncertainty": 0.4687004,
        "exceedance_probability": 0,
        "adaptively_selected": 0
      },
      "geometry": {
        "type": "Point",
        "coordinates": [
          90.4420673,
          23.8239
        ]
      }
    },
    {
      "type": "Feature",
      "properties": {
        "id": 1778,
        "predicted_prevalence": 0.0948118,
        "prediction_uncertainty": 0.578967,
        "exceedance_probability": 0,
        "adaptively_selected": 0
      },
      "geometry": {
        "type": "Point",
        "coordinates": [
          90.4457143,
          23.8239
        ]
      }
    },
    {
      "type": "Feature",
      "properties": {
        "id": 1779,
        "predicted_prevalence": 0.0686506,
        "prediction_uncertainty": 0.6790894,
        "exceedance_probability": 0,
        "adaptively_selected": 0
      },
      "geometry": {
        "type": "Point",
        "coordinates": [
          90.4493612,
          23.8239
        ]
      }
    },
    {
      "type": "Feature",
      "properties": {
        "id": 1780,
        "predicted_prevalence": 0.04365,
        "prediction_uncertainty": 0.7396305,
        "exceedance_probability": 0,
        "adaptively_selected": 0
      },
      "geometry": {
        "type": "Point",
        "coordinates": [
          90.4530082,
          23.8239
        ]
      }
    },
    {
      "type": "Feature",
      "properties": {
        "id": 1781,
        "predicted_prevalence": 0.0243429,
        "prediction_uncertainty": 0.7668167,
        "exceedance_probability": 0,
        "adaptively_selected": 0
      },
      "geometry": {
        "type": "Point",
        "coordinates": [
          90.4566551,
          23.8239
        ]
      }
    },
    {
      "type": "Feature",
      "properties": {
        "id": 1782,
        "predicted_prevalence": 0.0118986,
        "prediction_uncertainty": 0.7760361,
        "exceedance_probability": 0,
        "adaptively_selected": 0
      },
      "geometry": {
        "type": "Point",
        "coordinates": [
          90.460302,
          23.8239
        ]
      }
    },
    {
      "type": "Feature",
      "properties": {
        "id": 1783,
        "predicted_prevalence": 0.0050952,
        "prediction_uncertainty": 0.7783966,
        "exceedance_probability": 0,
        "adaptively_selected": 0
      },
      "geometry": {
        "type": "Point",
        "coordinates": [
          90.463949,
          23.8239
        ]
      }
    },
    {
      "type": "Feature",
      "properties": {
        "id": 1784,
        "predicted_prevalence": 0.0019109,
        "prediction_uncertainty": 0.7788529,
        "exceedance_probability": 0,
        "adaptively_selected": 0
      },
      "geometry": {
        "type": "Point",
        "coordinates": [
          90.4675959,
          23.8239
        ]
      }
    },
    {
      "type": "Feature",
      "properties": {
        "id": 1785,
        "predicted_prevalence": 0.0006276,
        "prediction_uncertainty": 0.7789197,
        "exceedance_probability": 0,
        "adaptively_selected": 0
      },
      "geometry": {
        "type": "Point",
        "coordinates": [
          90.4712429,
          23.8239
        ]
      }
    },
    {
      "type": "Feature",
      "properties": {
        "id": 1786,
        "predicted_prevalence": 0.0001805,
        "prediction_uncertainty": 0.7789271,
        "exceedance_probability": 0,
        "adaptively_selected": 0
      },
      "geometry": {
        "type": "Point",
        "coordinates": [
          90.4748898,
          23.8239
        ]
      }
    },
    {
      "type": "Feature",
      "properties": {
        "id": 1787,
        "predicted_prevalence": 4.54e-05,
        "prediction_uncertainty": 0.7789277,
        "exceedance_probability": 0,
        "adaptively_selected": 0
      },
      "geometry": {
        "type": "Point",
        "coordinates": [
          90.4785367,
          23.8239
        ]
      }
    },
    {
      "type": "Feature",
      "properties": {
        "id": 1788,
        "predicted_prevalence": 1e-05,
        "prediction_uncertainty": 0.7789278,
        "exceedance_probability": 0,
        "adaptively_selected": 0
      },
      "geometry": {
        "type": "Point",
        "coordinates": [
          90.4821837,
          23.8239
        ]
      }
    },
    {
      "type": "Feature",
      "properties": {
        "id": 1789,
        "predicted_prevalence": 1.9333323e-06,
        "prediction_uncertainty": 0.7789278,
        "exceedance_probability": 0,
        "adaptively_selected": 0
      },
      "geometry": {
        "type": "Point",
        "coordinates": [
          90.4858306,
          23.8239
        ]
      }
    },
    {
      "type": "Feature",
      "properties": {
        "id": 1790,
        "predicted_prevalence": 3.2666428e-07,
        "prediction_uncertainty": 0.7789278,
        "exceedance_probability": 0,
        "adaptively_selected": 0
      },
      "geometry": {
        "type": "Point",
        "coordinates": [
          90.4894776,
          23.8239
        ]
      }
    },
    {
      "type": "Feature",
      "properties": {
        "id": 1791,
        "predicted_prevalence": 4.8321559e-08,
        "prediction_uncertainty": 0.7789278,
        "exceedance_probability": 0,
        "adaptively_selected": 0
      },
      "geometry": {
        "type": "Point",
        "coordinates": [
          90.4931245,
          23.8239
        ]
      }
    },
    {
      "type": "Feature",
      "properties": {
        "id": 1792,
        "predicted_prevalence": 6.257805e-09,
        "prediction_uncertainty": 0.7789278,
        "exceedance_probability": 0,
        "adaptively_selected": 0
      },
      "geometry": {
        "type": "Point",
        "coordinates": [
          90.4967714,
          23.8239
        ]
      }
    },
    {
      "type": "Feature",
      "properties": {
        "id": 1793,
        "predicted_prevalence": 7.0948548e-10,
        "prediction_uncertainty": 0.7789278,
        "exceedance_probability": 0,
        "adaptively_selected": 0
      },
      "geometry": {
        "type": "Point",
        "coordinates": [
          90.5004184,
          23.8239
        ]
      }
    },
    {
      "type": "Feature",
      "properties": {
        "id": 1794,
        "predicted_prevalence": 7.0421376e-11,
        "prediction_uncertainty": 0.7789278,
        "exceedance_probability": 0,
        "adaptively_selected": 0
      },
      "geometry": {
        "type": "Point",
        "coordinates": [
          90.5040653,
          23.8239
        ]
      }
    },
    {
      "type": "Feature",
      "properties": {
        "id": 1795,
        "predicted_prevalence": 6.1193387e-12,
        "prediction_uncertainty": 0.7789278,
        "exceedance_probability": 0,
        "adaptively_selected": 0
      },
      "geometry": {
        "type": "Point",
        "coordinates": [
          90.5077122,
          23.8239
        ]
      }
    },
    {
      "type": "Feature",
      "properties": {
        "id": 1796,
        "predicted_prevalence": 4.6552512e-13,
        "prediction_uncertainty": 0.7789278,
        "exceedance_probability": 0,
        "adaptively_selected": 0
      },
      "geometry": {
        "type": "Point",
        "coordinates": [
          90.5113592,
          23.8239
        ]
      }
    },
    {
      "type": "Feature",
      "properties": {
        "id": 1797,
        "predicted_prevalence": 3.1004178e-14,
        "prediction_uncertainty": 0.7789278,
        "exceedance_probability": 0,
        "adaptively_selected": 0
      },
      "geometry": {
        "type": "Point",
        "coordinates": [
          90.5150061,
          23.8239
        ]
      }
    },
    {
      "type": "Feature",
      "properties": {
        "id": 1798,
        "predicted_prevalence": 1.8077387e-15,
        "prediction_uncertainty": 0.7789278,
        "exceedance_probability": 0,
        "adaptively_selected": 0
      },
      "geometry": {
        "type": "Point",
        "coordinates": [
          90.5186531,
          23.8239
        ]
      }
    },
    {
      "type": "Feature",
      "properties": {
        "id": 1799,
        "predicted_prevalence": 9.2276147e-17,
        "prediction_uncertainty": 0.7789278,
        "exceedance_probability": 0,
        "adaptively_selected": 0
      },
      "geometry": {
        "type": "Point",
        "coordinates": [
          90.5223,
          23.8239
        ]
      }
    },
    {
      "type": "Feature",
      "properties": {
        "id": 1800,
        "predicted_prevalence": 0.0132419,
        "prediction_uncertainty": 0.7764854,
        "exceedance_probability": 0,
        "adaptively_selected": 0
      },
      "geometry": {
        "type": "Point",
        "coordinates": [
          90.3436,
          23.8283286
        ]
      }
    },
    {
      "type": "Feature",
      "properties": {
        "id": 1801,
        "predicted_prevalence": 0.0280033,
        "prediction_uncertainty": 0.7680774,
        "exceedance_probability": 0,
        "adaptively_selected": 0
      },
      "geometry": {
        "type": "Point",
        "coordinates": [
          90.3472469,
          23.8283286
        ]
      }
    },
    {
      "type": "Feature",
      "properties": {
        "id": 1802,
        "predicted_prevalence": 0.0519925,
        "prediction_uncertainty": 0.7415435,
        "exceedance_probability": 0,
        "adaptively_selected": 0
      },
      "geometry": {
        "type": "Point",
        "coordinates": [
          90.3508939,
          23.8283286
        ]
      }
    },
    {
      "type": "Feature",
      "properties": {
        "id": 1803,
        "predicted_prevalence": 0.0848495,
        "prediction_uncertainty": 0.677638,
        "exceedance_probability": 0,
        "adaptively_selected": 0
      },
      "geometry": {
        "type": "Point",
        "coordinates": [
          90.3545408,
          23.8283286
        ]
      }
    },
    {
      "type": "Feature",
      "properties": {
        "id": 1804,
        "predicted_prevalence": 0.1219122,
        "prediction_uncertainty": 0.5595855,
        "exceedance_probability": 0,
        "adaptively_selected": 0
      },
      "geometry": {
        "type": "Point",
        "coordinates": [
          90.3581878,
          23.8283286
        ]
      }
    },
    {
      "type": "Feature",
      "properties": {
        "id": 1805,
        "predicted_prevalence": 0.1545847,
        "prediction_uncertainty": 0.3981013,
        "exceedance_probability": 0,
        "adaptively_selected": 0
      },
      "geometry": {
        "type": "Point",
        "coordinates": [
          90.3618347,
          23.8283286
        ]
      }
    },
    {
      "type": "Feature",
      "properties": {
        "id": 1806,
        "predicted_prevalence": 0.1736129,
        "prediction_uncertainty": 0.2843609,
        "exceedance_probability": 0,
        "adaptively_selected": 0
      },
      "geometry": {
        "type": "Point",
        "coordinates": [
          90.3654816,
          23.8283286
        ]
      }
    },
    {
      "type": "Feature",
      "properties": {
        "id": 1807,
        "predicted_prevalence": 0.1737529,
        "prediction_uncertainty": 0.3620286,
        "exceedance_probability": 0,
        "adaptively_selected": 0
      },
      "geometry": {
        "type": "Point",
        "coordinates": [
          90.3691286,
          23.8283286
        ]
      }
    },
    {
      "type": "Feature",
      "properties": {
        "id": 1808,
        "predicted_prevalence": 0.156745,
        "prediction_uncertainty": 0.5219915,
        "exceedance_probability": 0,
        "adaptively_selected": 0
      },
      "geometry": {
        "type": "Point",
        "coordinates": [
          90.3727755,
          23.8283286
        ]
      }
    },
    {
      "type": "Feature",
      "properties": {
        "id": 1809,
        "predicted_prevalence": 0.1304831,
        "prediction_uncertainty": 0.648446,
        "exceedance_probability": 0,
        "adaptively_selected": 1
      },
      "geometry": {
        "type": "Point",
        "coordinates": [
          90.3764224,
          23.8283286
        ]
      }
    },
    {
      "type": "Feature",
      "properties": {
        "id": 1810,
        "predicted_prevalence": 0.1049942,
        "prediction_uncertainty": 0.7192685,
        "exceedance_probability": 0,
        "adaptively_selected": 0
      },
      "geometry": {
        "type": "Point",
        "coordinates": [
          90.3800694,
          23.8283286
        ]
      }
    },
    {
      "type": "Feature",
      "properties": {
        "id": 1811,
        "predicted_prevalence": 0.0877807,
        "prediction_uncertainty": 0.7444531,
        "exceedance_probability": 0,
        "adaptively_selected": 0
      },
      "geometry": {
        "type": "Point",
        "coordinates": [
          90.3837163,
          23.8283286
        ]
      }
    },
    {
      "type": "Feature",
      "properties": {
        "id": 1812,
        "predicted_prevalence": 0.0809407,
        "prediction_uncertainty": 0.7393893,
        "exceedance_probability": 0,
        "adaptively_selected": 0
      },
      "geometry": {
        "type": "Point",
        "coordinates": [
          90.3873633,
          23.8283286
        ]
      }
    },
    {
      "type": "Feature",
      "properties": {
        "id": 1813,
        "predicted_prevalence": 0.0811354,
        "prediction_uncertainty": 0.7188515,
        "exceedance_probability": 0,
        "adaptively_selected": 0
      },
      "geometry": {
        "type": "Point",
        "coordinates": [
          90.3910102,
          23.8283286
        ]
      }
    },
    {
      "type": "Feature",
      "properties": {
        "id": 1814,
        "predicted_prevalence": 0.0821048,
        "prediction_uncertainty": 0.7002108,
        "exceedance_probability": 0,
        "adaptively_selected": 0
      },
      "geometry": {
        "type": "Point",
        "coordinates": [
          90.3946571,
          23.8283286
        ]
      }
    },
    {
      "type": "Feature",
      "properties": {
        "id": 1815,
        "predicted_prevalence": 0.0783425,
        "prediction_uncertainty": 0.6992447,
        "exceedance_probability": 0,
        "adaptively_selected": 0
      },
      "geometry": {
        "type": "Point",
        "coordinates": [
          90.3983041,
          23.8283286
        ]
      }
    },
    {
      "type": "Feature",
      "properties": {
        "id": 1816,
        "predicted_prevalence": 0.0679244,
        "prediction_uncertainty": 0.7177,
        "exceedance_probability": 0,
        "adaptively_selected": 0
      },
      "geometry": {
        "type": "Point",
        "coordinates": [
          90.401951,
          23.8283286
        ]
      }
    },
    {
      "type": "Feature",
      "properties": {
        "id": 1817,
        "predicted_prevalence": 0.0529679,
        "prediction_uncertainty": 0.7429656,
        "exceedance_probability": 0,
        "adaptively_selected": 0
      },
      "geometry": {
        "type": "Point",
        "coordinates": [
          90.405598,
          23.8283286
        ]
      }
    },
    {
      "type": "Feature",
      "properties": {
        "id": 1818,
        "predicted_prevalence": 0.0378346,
        "prediction_uncertainty": 0.7624842,
        "exceedance_probability": 0,
        "adaptively_selected": 0
      },
      "geometry": {
        "type": "Point",
        "coordinates": [
          90.4092449,
          23.8283286
        ]
      }
    },
    {
      "type": "Feature",
      "properties": {
        "id": 1819,
        "predicted_prevalence": 0.0266947,
        "prediction_uncertainty": 0.7725116,
        "exceedance_probability": 0,
        "adaptively_selected": 0
      },
      "geometry": {
        "type": "Point",
        "coordinates": [
          90.4128918,
          23.8283286
        ]
      }
    },
    {
      "type": "Feature",
      "properties": {
        "id": 1820,
        "predicted_prevalence": 0.0220949,
        "prediction_uncertainty": 0.7753054,
        "exceedance_probability": 0,
        "adaptively_selected": 0
      },
      "geometry": {
        "type": "Point",
        "coordinates": [
          90.4165388,
          23.8283286
        ]
      }
    },
    {
      "type": "Feature",
      "properties": {
        "id": 1821,
        "predicted_prevalence": 0.0248709,
        "prediction_uncertainty": 0.773079,
        "exceedance_probability": 0,
        "adaptively_selected": 0
      },
      "geometry": {
        "type": "Point",
        "coordinates": [
          90.4201857,
          23.8283286
        ]
      }
    },
    {
      "type": "Feature",
      "properties": {
        "id": 1822,
        "predicted_prevalence": 0.0345396,
        "prediction_uncertainty": 0.7641702,
        "exceedance_probability": 0,
        "adaptively_selected": 0
      },
      "geometry": {
        "type": "Point",
        "coordinates": [
          90.4238327,
          23.8283286
        ]
      }
    },
    {
      "type": "Feature",
      "properties": {
        "id": 1823,
        "predicted_prevalence": 0.0492807,
        "prediction_uncertainty": 0.7428337,
        "exceedance_probability": 0,
        "adaptively_selected": 0
      },
      "geometry": {
        "type": "Point",
        "coordinates": [
          90.4274796,
          23.8283286
        ]
      }
    },
    {
      "type": "Feature",
      "properties": {
        "id": 1824,
        "predicted_prevalence": 0.0656012,
        "prediction_uncertainty": 0.7051414,
        "exceedance_probability": 0,
        "adaptively_selected": 0
      },
      "geometry": {
        "type": "Point",
        "coordinates": [
          90.4311265,
          23.8283286
        ]
      }
    },
    {
      "type": "Feature",
      "properties": {
        "id": 1825,
        "predicted_prevalence": 0.078632,
        "prediction_uncertainty": 0.6603052,
        "exceedance_probability": 0,
        "adaptively_selected": 0
      },
      "geometry": {
        "type": "Point",
        "coordinates": [
          90.4347735,
          23.8283286
        ]
      }
    },
    {
      "type": "Feature",
      "properties": {
        "id": 1826,
        "predicted_prevalence": 0.0837256,
        "prediction_uncertainty": 0.6342832,
        "exceedance_probability": 0,
        "adaptively_selected": 0
      },
      "geometry": {
        "type": "Point",
        "coordinates": [
          90.4384204,
          23.8283286
        ]
      }
    },
    {
      "type": "Feature",
      "properties": {
        "id": 1827,
        "predicted_prevalence": 0.0787021,
        "prediction_uncertainty": 0.647785,
        "exceedance_probability": 0,
        "adaptively_selected": 0
      },
      "geometry": {
        "type": "Point",
        "coordinates": [
          90.4420673,
          23.8283286
        ]
      }
    },
    {
      "type": "Feature",
      "properties": {
        "id": 1828,
        "predicted_prevalence": 0.0650922,
        "prediction_uncertainty": 0.6898216,
        "exceedance_probability": 0,
        "adaptively_selected": 0
      },
      "geometry": {
        "type": "Point",
        "coordinates": [
          90.4457143,
          23.8283286
        ]
      }
    },
    {
      "type": "Feature",
      "properties": {
        "id": 1829,
        "predicted_prevalence": 0.0472752,
        "prediction_uncertainty": 0.7326157,
        "exceedance_probability": 0,
        "adaptively_selected": 0
      },
      "geometry": {
        "type": "Point",
        "coordinates": [
          90.4493612,
          23.8283286
        ]
      }
    },
    {
      "type": "Feature",
      "properties": {
        "id": 1830,
        "predicted_prevalence": 0.0301153,
        "prediction_uncertainty": 0.7603129,
        "exceedance_probability": 0,
        "adaptively_selected": 0
      },
      "geometry": {
        "type": "Point",
        "coordinates": [
          90.4530082,
          23.8283286
        ]
      }
    },
    {
      "type": "Feature",
      "properties": {
        "id": 1831,
        "predicted_prevalence": 0.0168141,
        "prediction_uncertainty": 0.7731424,
        "exceedance_probability": 0,
        "adaptively_selected": 0
      },
      "geometry": {
        "type": "Point",
        "coordinates": [
          90.4566551,
          23.8283286
        ]
      }
    },
    {
      "type": "Feature",
      "properties": {
        "id": 1832,
        "predicted_prevalence": 0.0082243,
        "prediction_uncertainty": 0.777543,
        "exceedance_probability": 0,
        "adaptively_selected": 0
      },
      "geometry": {
        "type": "Point",
        "coordinates": [
          90.460302,
          23.8283286
        ]
      }
    },
    {
      "type": "Feature",
      "properties": {
        "id": 1833,
        "predicted_prevalence": 0.0035233,
        "prediction_uncertainty": 0.7786733,
        "exceedance_probability": 0,
        "adaptively_selected": 0
      },
      "geometry": {
        "type": "Point",
        "coordinates": [
          90.463949,
          23.8283286
        ]
      }
    },
    {
      "type": "Feature",
      "properties": {
        "id": 1834,
        "predicted_prevalence": 0.0013218,
        "prediction_uncertainty": 0.7788919,
        "exceedance_probability": 0,
        "adaptively_selected": 0
      },
      "geometry": {
        "type": "Point",
        "coordinates": [
          90.4675959,
          23.8283286
        ]
      }
    },
    {
      "type": "Feature",
      "properties": {
        "id": 1835,
        "predicted_prevalence": 0.0004342,
        "prediction_uncertainty": 0.7789239,
        "exceedance_probability": 0,
        "adaptively_selected": 0
      },
      "geometry": {
        "type": "Point",
        "coordinates": [
          90.4712429,
          23.8283286
        ]
      }
    },
    {
      "type": "Feature",
      "properties": {
        "id": 1836,
        "predicted_prevalence": 0.0001249,
        "prediction_uncertainty": 0.7789275,
        "exceedance_probability": 0,
        "adaptively_selected": 0
      },
      "geometry": {
        "type": "Point",
        "coordinates": [
          90.4748898,
          23.8283286
        ]
      }
    },
    {
      "type": "Feature",
      "properties": {
        "id": 1837,
        "predicted_prevalence": 3.14e-05,
        "prediction_uncertainty": 0.7789278,
        "exceedance_probability": 0,
        "adaptively_selected": 0
      },
      "geometry": {
        "type": "Point",
        "coordinates": [
          90.4785367,
          23.8283286
        ]
      }
    },
    {
      "type": "Feature",
      "properties": {
        "id": 1838,
        "predicted_prevalence": 6.9314446e-06,
        "prediction_uncertainty": 0.7789278,
        "exceedance_probability": 0,
        "adaptively_selected": 0
      },
      "geometry": {
        "type": "Point",
        "coordinates": [
          90.4821837,
          23.8283286
        ]
      }
    },
    {
      "type": "Feature",
      "properties": {
        "id": 1839,
        "predicted_prevalence": 1.3377688e-06,
        "prediction_uncertainty": 0.7789278,
        "exceedance_probability": 0,
        "adaptively_selected": 0
      },
      "geometry": {
        "type": "Point",
        "coordinates": [
          90.4858306,
          23.8283286
        ]
      }
    },
    {
      "type": "Feature",
      "properties": {
        "id": 1840,
        "predicted_prevalence": 2.260385e-07,
        "prediction_uncertainty": 0.7789278,
        "exceedance_probability": 0,
        "adaptively_selected": 0
      },
      "geometry": {
        "type": "Point",
        "coordinates": [
          90.4894776,
          23.8283286
        ]
      }
    },
    {
      "type": "Feature",
      "properties": {
        "id": 1841,
        "predicted_prevalence": 3.3436864e-08,
        "prediction_uncertainty": 0.7789278,
        "exceedance_probability": 0,
        "adaptively_selected": 0
      },
      "geometry": {
        "type": "Point",
        "coordinates": [
          90.4931245,
          23.8283286
        ]
      }
    },
    {
      "type": "Feature",
      "properties": {
        "id": 1842,
        "predicted_prevalence": 4.3302106e-09,
        "prediction_uncertainty": 0.7789278,
        "exceedance_probability": 0,
        "adaptively_selected": 0
      },
      "geometry": {
        "type": "Point",
        "coordinates": [
          90.4967714,
          23.8283286
        ]
      }
    },
    {
      "type": "Feature",
      "properties": {
        "id": 1843,
        "predicted_prevalence": 4.9094403e-10,
        "prediction_uncertainty": 0.7789278,
        "exceedance_probability": 0,
        "adaptively_selected": 0
      },
      "geometry": {
        "type": "Point",
        "coordinates": [
          90.5004184,
          23.8283286
        ]
      }
    },
    {
      "type": "Feature",
      "properties": {
        "id": 1844,
        "predicted_prevalence": 4.8729718e-11,
        "prediction_uncertainty": 0.7789278,
        "exceedance_probability": 0,
        "adaptively_selected": 0
      },
      "geometry": {
        "type": "Point",
        "coordinates": [
          90.5040653,
          23.8283286
        ]
      }
    },
    {
      "type": "Feature",
      "properties": {
        "id": 1845,
        "predicted_prevalence": 4.2344252e-12,
        "prediction_uncertainty": 0.7789278,
        "exceedance_probability": 0,
        "adaptively_selected": 0
      },
      "geometry": {
        "type": "Point",
        "coordinates": [
          90.5077122,
          23.8283286
        ]
      }
    },
    {
      "type": "Feature",
      "properties": {
        "id": 1846,
        "predicted_prevalence": 3.221317e-13,
        "prediction_uncertainty": 0.7789278,
        "exceedance_probability": 0,
        "adaptively_selected": 0
      },
      "geometry": {
        "type": "Point",
        "coordinates": [
          90.5113592,
          23.8283286
        ]
      }
    },
    {
      "type": "Feature",
      "properties": {
        "id": 1847,
        "predicted_prevalence": 2.1454124e-14,
        "prediction_uncertainty": 0.7789278,
        "exceedance_probability": 0,
        "adaptively_selected": 0
      },
      "geometry": {
        "type": "Point",
        "coordinates": [
          90.5150061,
          23.8283286
        ]
      }
    },
    {
      "type": "Feature",
      "properties": {
        "id": 1848,
        "predicted_prevalence": 1.2509108e-15,
        "prediction_uncertainty": 0.7789278,
        "exceedance_probability": 0,
        "adaptively_selected": 0
      },
      "geometry": {
        "type": "Point",
        "coordinates": [
          90.5186531,
          23.8283286
        ]
      }
    },
    {
      "type": "Feature",
      "properties": {
        "id": 1849,
        "predicted_prevalence": 6.3852826e-17,
        "prediction_uncertainty": 0.7789278,
        "exceedance_probability": 0,
        "adaptively_selected": 0
      },
      "geometry": {
        "type": "Point",
        "coordinates": [
          90.5223,
          23.8283286
        ]
      }
    },
    {
      "type": "Feature",
      "properties": {
        "id": 1850,
        "predicted_prevalence": 0.0102736,
        "prediction_uncertainty": 0.7775003,
        "exceedance_probability": 0,
        "adaptively_selected": 0
      },
      "geometry": {
        "type": "Point",
        "coordinates": [
          90.3436,
          23.8327571
        ]
      }
    },
    {
      "type": "Feature",
      "properties": {
        "id": 1851,
        "predicted_prevalence": 0.0219739,
        "prediction_uncertainty": 0.7725991,
        "exceedance_probability": 0,
        "adaptively_selected": 0
      },
      "geometry": {
        "type": "Point",
        "coordinates": [
          90.3472469,
          23.8327571
        ]
      }
    },
    {
      "type": "Feature",
      "properties": {
        "id": 1852,
        "predicted_prevalence": 0.0414349,
        "prediction_uncertainty": 0.75726,
        "exceedance_probability": 0,
        "adaptively_selected": 0
      },
      "geometry": {
        "type": "Point",
        "coordinates": [
          90.3508939,
          23.8327571
        ]
      }
    },
    {
      "type": "Feature",
      "properties": {
        "id": 1853,
        "predicted_prevalence": 0.0690552,
        "prediction_uncertainty": 0.7211572,
        "exceedance_probability": 0,
        "adaptively_selected": 0
      },
      "geometry": {
        "type": "Point",
        "coordinates": [
          90.3545408,
          23.8327571
        ]
      }
    },
    {
      "type": "Feature",
      "properties": {
        "id": 1854,
        "predicted_prevalence": 0.1020473,
        "prediction_uncertainty": 0.6579995,
        "exceedance_probability": 0,
        "adaptively_selected": 0
      },
      "geometry": {
        "type": "Point",
        "coordinates": [
          90.3581878,
          23.8327571
        ]
      }
    },
    {
      "type": "Feature",
      "properties": {
        "id": 1855,
        "predicted_prevalence": 0.1342485,
        "prediction_uncertainty": 0.5803838,
        "exceedance_probability": 0,
        "adaptively_selected": 0
      },
      "geometry": {
        "type": "Point",
        "coordinates": [
          90.3618347,
          23.8327571
        ]
      }
    },
    {
      "type": "Feature",
      "properties": {
        "id": 1856,
        "predicted_prevalence": 0.1579727,
        "prediction_uncertainty": 0.5275794,
        "exceedance_probability": 0,
        "adaptively_selected": 0
      },
      "geometry": {
        "type": "Point",
        "coordinates": [
          90.3654816,
          23.8327571
        ]
      }
    },
    {
      "type": "Feature",
      "properties": {
        "id": 1857,
        "predicted_prevalence": 0.1672068,
        "prediction_uncertainty": 0.5359088,
        "exceedance_probability": 0,
        "adaptively_selected": 0
      },
      "geometry": {
        "type": "Point",
        "coordinates": [
          90.3691286,
          23.8327571
        ]
      }
    },
    {
      "type": "Feature",
      "properties": {
        "id": 1858,
        "predicted_prevalence": 0.160318,
        "prediction_uncertainty": 0.5916636,
        "exceedance_probability": 0,
        "adaptively_selected": 0
      },
      "geometry": {
        "type": "Point",
        "coordinates": [
          90.3727755,
          23.8327571
        ]
      }
    },
    {
      "type": "Feature",
      "properties": {
        "id": 1859,
        "predicted_prevalence": 0.1406901,
        "prediction_uncertainty": 0.6557283,
        "exceedance_probability": 0,
        "adaptively_selected": 0
      },
      "geometry": {
        "type": "Point",
        "coordinates": [
          90.3764224,
          23.8327571
        ]
      }
    },
    {
      "type": "Feature",
      "properties": {
        "id": 1860,
        "predicted_prevalence": 0.1150507,
        "prediction_uncertainty": 0.7063712,
        "exceedance_probability": 0,
        "adaptively_selected": 0
      },
      "geometry": {
        "type": "Point",
        "coordinates": [
          90.3800694,
          23.8327571
        ]
      }
    },
    {
      "type": "Feature",
      "properties": {
        "id": 1861,
        "predicted_prevalence": 0.090493,
        "prediction_uncertainty": 0.7388386,
        "exceedance_probability": 0,
        "adaptively_selected": 0
      },
      "geometry": {
        "type": "Point",
        "coordinates": [
          90.3837163,
          23.8327571
        ]
      }
    },
    {
      "type": "Feature",
      "properties": {
        "id": 1862,
        "predicted_prevalence": 0.0716649,
        "prediction_uncertainty": 0.7546104,
        "exceedance_probability": 0,
        "adaptively_selected": 0
      },
      "geometry": {
        "type": "Point",
        "coordinates": [
          90.3873633,
          23.8327571
        ]
      }
    },
    {
      "type": "Feature",
      "properties": {
        "id": 1863,
        "predicted_prevalence": 0.0594136,
        "prediction_uncertainty": 0.75835,
        "exceedance_probability": 0,
        "adaptively_selected": 0
      },
      "geometry": {
        "type": "Point",
        "coordinates": [
          90.3910102,
          23.8327571
        ]
      }
    },
    {
      "type": "Feature",
      "properties": {
        "id": 1864,
        "predicted_prevalence": 0.0514555,
        "prediction_uncertainty": 0.7573438,
        "exceedance_probability": 0,
        "adaptively_selected": 0
      },
      "geometry": {
        "type": "Point",
        "coordinates": [
          90.3946571,
          23.8327571
        ]
      }
    },
    {
      "type": "Feature",
      "properties": {
        "id": 1865,
        "predicted_prevalence": 0.0445288,
        "prediction_uncertainty": 0.7582163,
        "exceedance_probability": 0,
        "adaptively_selected": 0
      },
      "geometry": {
        "type": "Point",
        "coordinates": [
          90.3983041,
          23.8327571
        ]
      }
    },
    {
      "type": "Feature",
      "properties": {
        "id": 1866,
        "predicted_prevalence": 0.036579,
        "prediction_uncertainty": 0.7630482,
        "exceedance_probability": 0,
        "adaptively_selected": 0
      },
      "geometry": {
        "type": "Point",
        "coordinates": [
          90.401951,
          23.8327571
        ]
      }
    },
    {
      "type": "Feature",
      "properties": {
        "id": 1867,
        "predicted_prevalence": 0.0276516,
        "prediction_uncertainty": 0.769512,
        "exceedance_probability": 0,
        "adaptively_selected": 0
      },
      "geometry": {
        "type": "Point",
        "coordinates": [
          90.405598,
          23.8327571
        ]
      }
    },
    {
      "type": "Feature",
      "properties": {
        "id": 1868,
        "predicted_prevalence": 0.0192831,
        "prediction_uncertainty": 0.7746131,
        "exceedance_probability": 0,
        "adaptively_selected": 0
      },
      "geometry": {
        "type": "Point",
        "coordinates": [
          90.4092449,
          23.8327571
        ]
      }
    },
    {
      "type": "Feature",
      "properties": {
        "id": 1869,
        "predicted_prevalence": 0.0132726,
        "prediction_uncertainty": 0.7773173,
        "exceedance_probability": 0,
        "adaptively_selected": 0
      },
      "geometry": {
        "type": "Point",
        "coordinates": [
          90.4128918,
          23.8327571
        ]
      }
    },
    {
      "type": "Feature",
      "properties": {
        "id": 1870,
        "predicted_prevalence": 0.0108443,
        "prediction_uncertainty": 0.7781303,
        "exceedance_probability": 0,
        "adaptively_selected": 0
      },
      "geometry": {
        "type": "Point",
        "coordinates": [
          90.4165388,
          23.8327571
        ]
      }
    },
    {
      "type": "Feature",
      "properties": {
        "id": 1871,
        "predicted_prevalence": 0.0124851,
        "prediction_uncertainty": 0.7774707,
        "exceedance_probability": 0,
        "adaptively_selected": 1
      },
      "geometry": {
        "type": "Point",
        "coordinates": [
          90.4201857,
          23.8327571
        ]
      }
    },
    {
      "type": "Feature",
      "properties": {
        "id": 1872,
        "predicted_prevalence": 0.0180312,
        "prediction_uncertainty": 0.7745628,
        "exceedance_probability": 0,
        "adaptively_selected": 0
      },
      "geometry": {
        "type": "Point",
        "coordinates": [
          90.4238327,
          23.8327571
        ]
      }
    },
    {
      "type": "Feature",
      "properties": {
        "id": 1873,
        "predicted_prevalence": 0.0265468,
        "prediction_uncertainty": 0.7675523,
        "exceedance_probability": 0,
        "adaptively_selected": 0
      },
      "geometry": {
        "type": "Point",
        "coordinates": [
          90.4274796,
          23.8327571
        ]
      }
    },
    {
      "type": "Feature",
      "properties": {
        "id": 1874,
        "predicted_prevalence": 0.0360741,
        "prediction_uncertainty": 0.7556109,
        "exceedance_probability": 0,
        "adaptively_selected": 0
      },
      "geometry": {
        "type": "Point",
        "coordinates": [
          90.4311265,
          23.8327571
        ]
      }
    },
    {
      "type": "Feature",
      "properties": {
        "id": 1875,
        "predicted_prevalence": 0.0438019,
        "prediction_uncertainty": 0.742181,
        "exceedance_probability": 0,
        "adaptively_selected": 0
      },
      "geometry": {
        "type": "Point",
        "coordinates": [
          90.4347735,
          23.8327571
        ]
      }
    },
    {
      "type": "Feature",
      "properties": {
        "id": 1876,
        "predicted_prevalence": 0.047014,
        "prediction_uncertainty": 0.7348296,
        "exceedance_probability": 0,
        "adaptively_selected": 0
      },
      "geometry": {
        "type": "Point",
        "coordinates": [
          90.4384204,
          23.8327571
        ]
      }
    },
    {
      "type": "Feature",
      "properties": {
        "id": 1877,
        "predicted_prevalence": 0.0444118,
        "prediction_uncertainty": 0.7387868,
        "exceedance_probability": 0,
        "adaptively_selected": 0
      },
      "geometry": {
        "type": "Point",
        "coordinates": [
          90.4420673,
          23.8327571
        ]
      }
    },
    {
      "type": "Feature",
      "properties": {
        "id": 1878,
        "predicted_prevalence": 0.0368433,
        "prediction_uncertainty": 0.7511402,
        "exceedance_probability": 0,
        "adaptively_selected": 0
      },
      "geometry": {
        "type": "Point",
        "coordinates": [
          90.4457143,
          23.8327571
        ]
      }
    },
    {
      "type": "Feature",
      "properties": {
        "id": 1879,
        "predicted_prevalence": 0.0268085,
        "prediction_uncertainty": 0.7642137,
        "exceedance_probability": 0,
        "adaptively_selected": 0
      },
      "geometry": {
        "type": "Point",
        "coordinates": [
          90.4493612,
          23.8327571
        ]
      }
    },
    {
      "type": "Feature",
      "properties": {
        "id": 1880,
        "predicted_prevalence": 0.017097,
        "prediction_uncertainty": 0.7729452,
        "exceedance_probability": 0,
        "adaptively_selected": 0
      },
      "geometry": {
        "type": "Point",
        "coordinates": [
          90.4530082,
          23.8327571
        ]
      }
    },
    {
      "type": "Feature",
      "properties": {
        "id": 1881,
        "predicted_prevalence": 0.0095524,
        "prediction_uncertainty": 0.7770591,
        "exceedance_probability": 0,
        "adaptively_selected": 0
      },
      "geometry": {
        "type": "Point",
        "coordinates": [
          90.4566551,
          23.8327571
        ]
      }
    },
    {
      "type": "Feature",
      "properties": {
        "id": 1882,
        "predicted_prevalence": 0.0046744,
        "prediction_uncertainty": 0.7784798,
        "exceedance_probability": 0,
        "adaptively_selected": 0
      },
      "geometry": {
        "type": "Point",
        "coordinates": [
          90.460302,
          23.8327571
        ]
      }
    },
    {
      "type": "Feature",
      "properties": {
        "id": 1883,
        "predicted_prevalence": 0.002003,
        "prediction_uncertainty": 0.7788455,
        "exceedance_probability": 0,
        "adaptively_selected": 0
      },
      "geometry": {
        "type": "Point",
        "coordinates": [
          90.463949,
          23.8327571
        ]
      }
    },
    {
      "type": "Feature",
      "properties": {
        "id": 1884,
        "predicted_prevalence": 0.0007516,
        "prediction_uncertainty": 0.7789162,
        "exceedance_probability": 0,
        "adaptively_selected": 1
      },
      "geometry": {
        "type": "Point",
        "coordinates": [
          90.4675959,
          23.8327571
        ]
      }
    },
    {
      "type": "Feature",
      "properties": {
        "id": 1885,
        "predicted_prevalence": 0.0002469,
        "prediction_uncertainty": 0.7789265,
        "exceedance_probability": 0,
        "adaptively_selected": 0
      },
      "geometry": {
        "type": "Point",
        "coordinates": [
          90.4712429,
          23.8327571
        ]
      }
    },
    {
      "type": "Feature",
      "properties": {
        "id": 1886,
        "predicted_prevalence": 7.1e-05,
        "prediction_uncertainty": 0.7789277,
        "exceedance_probability": 0,
        "adaptively_selected": 0
      },
      "geometry": {
        "type": "Point",
        "coordinates": [
          90.4748898,
          23.8327571
        ]
      }
    },
    {
      "type": "Feature",
      "properties": {
        "id": 1887,
        "predicted_prevalence": 1.79e-05,
        "prediction_uncertainty": 0.7789278,
        "exceedance_probability": 0,
        "adaptively_selected": 0
      },
      "geometry": {
        "type": "Point",
        "coordinates": [
          90.4785367,
          23.8327571
        ]
      }
    },
    {
      "type": "Feature",
      "properties": {
        "id": 1888,
        "predicted_prevalence": 3.9420703e-06,
        "prediction_uncertainty": 0.7789278,
        "exceedance_probability": 0,
        "adaptively_selected": 0
      },
      "geometry": {
        "type": "Point",
        "coordinates": [
          90.4821837,
          23.8327571
        ]
      }
    },
    {
      "type": "Feature",
      "properties": {
        "id": 1889,
        "predicted_prevalence": 7.6083003e-07,
        "prediction_uncertainty": 0.7789278,
        "exceedance_probability": 0,
        "adaptively_selected": 0
      },
      "geometry": {
        "type": "Point",
        "coordinates": [
          90.4858306,
          23.8327571
        ]
      }
    },
    {
      "type": "Feature",
      "properties": {
        "id": 1890,
        "predicted_prevalence": 1.285561e-07,
        "prediction_uncertainty": 0.7789278,
        "exceedance_probability": 0,
        "adaptively_selected": 0
      },
      "geometry": {
        "type": "Point",
        "coordinates": [
          90.4894776,
          23.8327571
        ]
      }
    },
    {
      "type": "Feature",
      "properties": {
        "id": 1891,
        "predicted_prevalence": 1.9016827e-08,
        "prediction_uncertainty": 0.7789278,
        "exceedance_probability": 0,
        "adaptively_selected": 0
      },
      "geometry": {
        "type": "Point",
        "coordinates": [
          90.4931245,
          23.8327571
        ]
      }
    },
    {
      "type": "Feature",
      "properties": {
        "id": 1892,
        "predicted_prevalence": 2.4627646e-09,
        "prediction_uncertainty": 0.7789278,
        "exceedance_probability": 0,
        "adaptively_selected": 0
      },
      "geometry": {
        "type": "Point",
        "coordinates": [
          90.4967714,
          23.8327571
        ]
      }
    },
    {
      "type": "Feature",
      "properties": {
        "id": 1893,
        "predicted_prevalence": 2.7922012e-10,
        "prediction_uncertainty": 0.7789278,
        "exceedance_probability": 0,
        "adaptively_selected": 0
      },
      "geometry": {
        "type": "Point",
        "coordinates": [
          90.5004184,
          23.8327571
        ]
      }
    },
    {
      "type": "Feature",
      "properties": {
        "id": 1894,
        "predicted_prevalence": 2.7714635e-11,
        "prediction_uncertainty": 0.7789278,
        "exceedance_probability": 0,
        "adaptively_selected": 0
      },
      "geometry": {
        "type": "Point",
        "coordinates": [
          90.5040653,
          23.8327571
        ]
      }
    },
    {
      "type": "Feature",
      "properties": {
        "id": 1895,
        "predicted_prevalence": 2.408297e-12,
        "prediction_uncertainty": 0.7789278,
        "exceedance_probability": 0,
        "adaptively_selected": 0
      },
      "geometry": {
        "type": "Point",
        "coordinates": [
          90.5077122,
          23.8327571
        ]
      }
    },
    {
      "type": "Feature",
      "properties": {
        "id": 1896,
        "predicted_prevalence": 1.8321003e-13,
        "prediction_uncertainty": 0.7789278,
        "exceedance_probability": 0,
        "adaptively_selected": 0
      },
      "geometry": {
        "type": "Point",
        "coordinates": [
          90.5113592,
          23.8327571
        ]
      }
    },
    {
      "type": "Feature",
      "properties": {
        "id": 1897,
        "predicted_prevalence": 1.2201878e-14,
        "prediction_uncertainty": 0.7789278,
        "exceedance_probability": 0,
        "adaptively_selected": 0
      },
      "geometry": {
        "type": "Point",
        "coordinates": [
          90.5150061,
          23.8327571
        ]
      }
    },
    {
      "type": "Feature",
      "properties": {
        "id": 1898,
        "predicted_prevalence": 7.1144663e-16,
        "prediction_uncertainty": 0.7789278,
        "exceedance_probability": 0,
        "adaptively_selected": 0
      },
      "geometry": {
        "type": "Point",
        "coordinates": [
          90.5186531,
          23.8327571
        ]
      }
    },
    {
      "type": "Feature",
      "properties": {
        "id": 1899,
        "predicted_prevalence": 3.6315844e-17,
        "prediction_uncertainty": 0.7789278,
        "exceedance_probability": 0,
        "adaptively_selected": 0
      },
      "geometry": {
        "type": "Point",
        "coordinates": [
          90.5223,
          23.8327571
        ]
      }
    },
    {
      "type": "Feature",
      "properties": {
        "id": 1900,
        "predicted_prevalence": 0.0068813,
        "prediction_uncertainty": 0.7783623,
        "exceedance_probability": 0,
        "adaptively_selected": 0
      },
      "geometry": {
        "type": "Point",
        "coordinates": [
          90.3436,
          23.8371857
        ]
      }
    },
    {
      "type": "Feature",
      "properties": {
        "id": 1901,
        "predicted_prevalence": 0.0151037,
        "prediction_uncertainty": 0.7764102,
        "exceedance_probability": 0,
        "adaptively_selected": 0
      },
      "geometry": {
        "type": "Point",
        "coordinates": [
          90.3472469,
          23.8371857
        ]
      }
    },
    {
      "type": "Feature",
      "properties": {
        "id": 1902,
        "predicted_prevalence": 0.0294749,
        "prediction_uncertainty": 0.7702378,
        "exceedance_probability": 0,
        "adaptively_selected": 0
      },
      "geometry": {
        "type": "Point",
        "coordinates": [
          90.3508939,
          23.8371857
        ]
      }
    },
    {
      "type": "Feature",
      "properties": {
        "id": 1903,
        "predicted_prevalence": 0.051356,
        "prediction_uncertainty": 0.7553792,
        "exceedance_probability": 0,
        "adaptively_selected": 0
      },
      "geometry": {
        "type": "Point",
        "coordinates": [
          90.3545408,
          23.8371857
        ]
      }
    },
    {
      "type": "Feature",
      "properties": {
        "id": 1904,
        "predicted_prevalence": 0.0802392,
        "prediction_uncertainty": 0.7277773,
        "exceedance_probability": 0,
        "adaptively_selected": 0
      },
      "geometry": {
        "type": "Point",
        "coordinates": [
          90.3581878,
          23.8371857
        ]
      }
    },
    {
      "type": "Feature",
      "properties": {
        "id": 1905,
        "predicted_prevalence": 0.1128691,
        "prediction_uncertainty": 0.6871954,
        "exceedance_probability": 0,
        "adaptively_selected": 0
      },
      "geometry": {
        "type": "Point",
        "coordinates": [
          90.3618347,
          23.8371857
        ]
      }
    },
    {
      "type": "Feature",
      "properties": {
        "id": 1906,
        "predicted_prevalence": 0.1433724,
        "prediction_uncertainty": 0.6384566,
        "exceedance_probability": 0,
        "adaptively_selected": 0
      },
      "geometry": {
        "type": "Point",
        "coordinates": [
          90.3654816,
          23.8371857
        ]
      }
    },
    {
      "type": "Feature",
      "properties": {
        "id": 1907,
        "predicted_prevalence": 0.1647225,
        "prediction_uncertainty": 0.5914776,
        "exceedance_probability": 0,
        "adaptively_selected": 0
      },
      "geometry": {
        "type": "Point",
        "coordinates": [
          90.3691286,
          23.8371857
        ]
      }
    },
    {
      "type": "Feature",
      "properties": {
        "id": 1908,
        "predicted_prevalence": 0.1712199,
        "prediction_uncertainty": 0.5642506,
        "exceedance_probability": 0,
        "adaptively_selected": 0
      },
      "geometry": {
        "type": "Point",
        "coordinates": [
          90.3727755,
          23.8371857
        ]
      }
    },
    {
      "type": "Feature",
      "properties": {
        "id": 1909,
        "predicted_prevalence": 0.1609974,
        "prediction_uncertainty": 0.5771905,
        "exceedance_probability": 0,
        "adaptively_selected": 0
      },
      "geometry": {
        "type": "Point",
        "coordinates": [
          90.3764224,
          23.8371857
        ]
      }
    },
    {
      "type": "Feature",
      "properties": {
        "id": 1910,
        "predicted_prevalence": 0.1371619,
        "prediction_uncertainty": 0.6284263,
        "exceedance_probability": 0,
        "adaptively_selected": 0
      },
      "geometry": {
        "type": "Point",
        "coordinates": [
          90.3800694,
          23.8371857
        ]
      }
    },
    {
      "type": "Feature",
      "properties": {
        "id": 1911,
        "predicted_prevalence": 0.1066038,
        "prediction_uncertainty": 0.6899661,
        "exceedance_probability": 0,
        "adaptively_selected": 0
      },
      "geometry": {
        "type": "Point",
        "coordinates": [
          90.3837163,
          23.8371857
        ]
      }
    },
    {
      "type": "Feature",
      "properties": {
        "id": 1912,
        "predicted_prevalence": 0.0768916,
        "prediction_uncertainty": 0.7364677,
        "exceedance_probability": 0,
        "adaptively_selected": 0
      },
      "geometry": {
        "type": "Point",
        "coordinates": [
          90.3873633,
          23.8371857
        ]
      }
    },
    {
      "type": "Feature",
      "properties": {
        "id": 1913,
        "predicted_prevalence": 0.0531091,
        "prediction_uncertainty": 0.761372,
        "exceedance_probability": 0,
        "adaptively_selected": 0
      },
      "geometry": {
        "type": "Point",
        "coordinates": [
          90.3910102,
          23.8371857
        ]
      }
    },
    {
      "type": "Feature",
      "properties": {
        "id": 1914,
        "predicted_prevalence": 0.0365509,
        "prediction_uncertainty": 0.7711637,
        "exceedance_probability": 0,
        "adaptively_selected": 0
      },
      "geometry": {
        "type": "Point",
        "coordinates": [
          90.3946571,
          23.8371857
        ]
      }
    },
    {
      "type": "Feature",
      "properties": {
        "id": 1915,
        "predicted_prevalence": 0.0257005,
        "prediction_uncertainty": 0.7743894,
        "exceedance_probability": 0,
        "adaptively_selected": 0
      },
      "geometry": {
        "type": "Point",
        "coordinates": [
          90.3983041,
          23.8371857
        ]
      }
    },
    {
      "type": "Feature",
      "properties": {
        "id": 1916,
        "predicted_prevalence": 0.0182601,
        "prediction_uncertainty": 0.7759531,
        "exceedance_probability": 0,
        "adaptively_selected": 0
      },
      "geometry": {
        "type": "Point",
        "coordinates": [
          90.401951,
          23.8371857
        ]
      }
    },
    {
      "type": "Feature",
      "properties": {
        "id": 1917,
        "predicted_prevalence": 0.012661,
        "prediction_uncertainty": 0.7772247,
        "exceedance_probability": 0,
        "adaptively_selected": 0
      },
      "geometry": {
        "type": "Point",
        "coordinates": [
          90.405598,
          23.8371857
        ]
      }
    },
    {
      "type": "Feature",
      "properties": {
        "id": 1918,
        "predicted_prevalence": 0.0084011,
        "prediction_uncertainty": 0.7781538,
        "exceedance_probability": 0,
        "adaptively_selected": 0
      },
      "geometry": {
        "type": "Point",
        "coordinates": [
          90.4092449,
          23.8371857
        ]
      }
    },
    {
      "type": "Feature",
      "properties": {
        "id": 1919,
        "predicted_prevalence": 0.0056107,
        "prediction_uncertainty": 0.7786439,
        "exceedance_probability": 0,
        "adaptively_selected": 0
      },
      "geometry": {
        "type": "Point",
        "coordinates": [
          90.4128918,
          23.8371857
        ]
      }
    },
    {
      "type": "Feature",
      "properties": {
        "id": 1920,
        "predicted_prevalence": 0.0045481,
        "prediction_uncertainty": 0.7787887,
        "exceedance_probability": 0,
        "adaptively_selected": 0
      },
      "geometry": {
        "type": "Point",
        "coordinates": [
          90.4165388,
          23.8371857
        ]
      }
    },
    {
      "type": "Feature",
      "properties": {
        "id": 1921,
        "predicted_prevalence": 0.0053567,
        "prediction_uncertainty": 0.7786363,
        "exceedance_probability": 0,
        "adaptively_selected": 0
      },
      "geometry": {
        "type": "Point",
        "coordinates": [
          90.4201857,
          23.8371857
        ]
      }
    },
    {
      "type": "Feature",
      "properties": {
        "id": 1922,
        "predicted_prevalence": 0.0079736,
        "prediction_uncertainty": 0.7779858,
        "exceedance_probability": 0,
        "adaptively_selected": 0
      },
      "geometry": {
        "type": "Point",
        "coordinates": [
          90.4238327,
          23.8371857
        ]
      }
    },
    {
      "type": "Feature",
      "properties": {
        "id": 1923,
        "predicted_prevalence": 0.0119934,
        "prediction_uncertainty": 0.7764312,
        "exceedance_probability": 0,
        "adaptively_selected": 0
      },
      "geometry": {
        "type": "Point",
        "coordinates": [
          90.4274796,
          23.8371857
        ]
      }
    },
    {
      "type": "Feature",
      "properties": {
        "id": 1924,
        "predicted_prevalence": 0.0165149,
        "prediction_uncertainty": 0.7738312,
        "exceedance_probability": 0,
        "adaptively_selected": 0
      },
      "geometry": {
        "type": "Point",
        "coordinates": [
          90.4311265,
          23.8371857
        ]
      }
    },
    {
      "type": "Feature",
      "properties": {
        "id": 1925,
        "predicted_prevalence": 0.0202155,
        "prediction_uncertainty": 0.7709717,
        "exceedance_probability": 0,
        "adaptively_selected": 0
      },
      "geometry": {
        "type": "Point",
        "coordinates": [
          90.4347735,
          23.8371857
        ]
      }
    },
    {
      "type": "Feature",
      "properties": {
        "id": 1926,
        "predicted_prevalence": 0.0218056,
        "prediction_uncertainty": 0.7694447,
        "exceedance_probability": 0,
        "adaptively_selected": 0
      },
      "geometry": {
        "type": "Point",
        "coordinates": [
          90.4384204,
          23.8371857
        ]
      }
    },
    {
      "type": "Feature",
      "properties": {
        "id": 1927,
        "predicted_prevalence": 0.0206613,
        "prediction_uncertainty": 0.7702976,
        "exceedance_probability": 0,
        "adaptively_selected": 0
      },
      "geometry": {
        "type": "Point",
        "coordinates": [
          90.4420673,
          23.8371857
        ]
      }
    },
    {
      "type": "Feature",
      "properties": {
        "id": 1928,
        "predicted_prevalence": 0.0171722,
        "prediction_uncertainty": 0.7729245,
        "exceedance_probability": 0,
        "adaptively_selected": 0
      },
      "geometry": {
        "type": "Point",
        "coordinates": [
          90.4457143,
          23.8371857
        ]
      }
    },
    {
      "type": "Feature",
      "properties": {
        "id": 1929,
        "predicted_prevalence": 0.0125093,
        "prediction_uncertainty": 0.7757309,
        "exceedance_probability": 0,
        "adaptively_selected": 0
      },
      "geometry": {
        "type": "Point",
        "coordinates": [
          90.4493612,
          23.8371857
        ]
      }
    },
    {
      "type": "Feature",
      "properties": {
        "id": 1930,
        "predicted_prevalence": 0.0079833,
        "prediction_uncertainty": 0.7776231,
        "exceedance_probability": 0,
        "adaptively_selected": 0
      },
      "geometry": {
        "type": "Point",
        "coordinates": [
          90.4530082,
          23.8371857
        ]
      }
    },
    {
      "type": "Feature",
      "properties": {
        "id": 1931,
        "predicted_prevalence": 0.0044623,
        "prediction_uncertainty": 0.7785196,
        "exceedance_probability": 0,
        "adaptively_selected": 0
      },
      "geometry": {
        "type": "Point",
        "coordinates": [
          90.4566551,
          23.8371857
        ]
      }
    },
    {
      "type": "Feature",
      "properties": {
        "id": 1932,
        "predicted_prevalence": 0.0021842,
        "prediction_uncertainty": 0.7788299,
        "exceedance_probability": 0,
        "adaptively_selected": 0
      },
      "geometry": {
        "type": "Point",
        "coordinates": [
          90.460302,
          23.8371857
        ]
      }
    },
    {
      "type": "Feature",
      "properties": {
        "id": 1933,
        "predicted_prevalence": 0.0009361,
        "prediction_uncertainty": 0.7789098,
        "exceedance_probability": 0,
        "adaptively_selected": 0
      },
      "geometry": {
        "type": "Point",
        "coordinates": [
          90.463949,
          23.8371857
        ]
      }
    },
    {
      "type": "Feature",
      "properties": {
        "id": 1934,
        "predicted_prevalence": 0.0003513,
        "prediction_uncertainty": 0.7789253,
        "exceedance_probability": 0,
        "adaptively_selected": 0
      },
      "geometry": {
        "type": "Point",
        "coordinates": [
          90.4675959,
          23.8371857
        ]
      }
    },
    {
      "type": "Feature",
      "properties": {
        "id": 1935,
        "predicted_prevalence": 0.0001154,
        "prediction_uncertainty": 0.7789275,
        "exceedance_probability": 0,
        "adaptively_selected": 0
      },
      "geometry": {
        "type": "Point",
        "coordinates": [
          90.4712429,
          23.8371857
        ]
      }
    },
    {
      "type": "Feature",
      "properties": {
        "id": 1936,
        "predicted_prevalence": 3.32e-05,
        "prediction_uncertainty": 0.7789278,
        "exceedance_probability": 0,
        "adaptively_selected": 0
      },
      "geometry": {
        "type": "Point",
        "coordinates": [
          90.4748898,
          23.8371857
        ]
      }
    },
    {
      "type": "Feature",
      "properties": {
        "id": 1937,
        "predicted_prevalence": 8.3585524e-06,
        "prediction_uncertainty": 0.7789278,
        "exceedance_probability": 0,
        "adaptively_selected": 0
      },
      "geometry": {
        "type": "Point",
        "coordinates": [
          90.4785367,
          23.8371857
        ]
      }
    },
    {
      "type": "Feature",
      "properties": {
        "id": 1938,
        "predicted_prevalence": 1.8427068e-06,
        "prediction_uncertainty": 0.7789278,
        "exceedance_probability": 0,
        "adaptively_selected": 0
      },
      "geometry": {
        "type": "Point",
        "coordinates": [
          90.4821837,
          23.8371857
        ]
      }
    },
    {
      "type": "Feature",
      "properties": {
        "id": 1939,
        "predicted_prevalence": 3.5565026e-07,
        "prediction_uncertainty": 0.7789278,
        "exceedance_probability": 0,
        "adaptively_selected": 0
      },
      "geometry": {
        "type": "Point",
        "coordinates": [
          90.4858306,
          23.8371857
        ]
      }
    },
    {
      "type": "Feature",
      "properties": {
        "id": 1940,
        "predicted_prevalence": 6.0093899e-08,
        "prediction_uncertainty": 0.7789278,
        "exceedance_probability": 0,
        "adaptively_selected": 0
      },
      "geometry": {
        "type": "Point",
        "coordinates": [
          90.4894776,
          23.8371857
        ]
      }
    },
    {
      "type": "Feature",
      "properties": {
        "id": 1941,
        "predicted_prevalence": 8.8894954e-09,
        "prediction_uncertainty": 0.7789278,
        "exceedance_probability": 0,
        "adaptively_selected": 0
      },
      "geometry": {
        "type": "Point",
        "coordinates": [
          90.4931245,
          23.8371857
        ]
      }
    },
    {
      "type": "Feature",
      "properties": {
        "id": 1942,
        "predicted_prevalence": 1.1512318e-09,
        "prediction_uncertainty": 0.7789278,
        "exceedance_probability": 0,
        "adaptively_selected": 0
      },
      "geometry": {
        "type": "Point",
        "coordinates": [
          90.4967714,
          23.8371857
        ]
      }
    },
    {
      "type": "Feature",
      "properties": {
        "id": 1943,
        "predicted_prevalence": 1.3052302e-10,
        "prediction_uncertainty": 0.7789278,
        "exceedance_probability": 0,
        "adaptively_selected": 0
      },
      "geometry": {
        "type": "Point",
        "coordinates": [
          90.5004184,
          23.8371857
        ]
      }
    },
    {
      "type": "Feature",
      "properties": {
        "id": 1944,
        "predicted_prevalence": 1.2955371e-11,
        "prediction_uncertainty": 0.7789278,
        "exceedance_probability": 0,
        "adaptively_selected": 0
      },
      "geometry": {
        "type": "Point",
        "coordinates": [
          90.5040653,
          23.8371857
        ]
      }
    },
    {
      "type": "Feature",
      "properties": {
        "id": 1945,
        "predicted_prevalence": 1.1257733e-12,
        "prediction_uncertainty": 0.7789278,
        "exceedance_probability": 0,
        "adaptively_selected": 0
      },
      "geometry": {
        "type": "Point",
        "coordinates": [
          90.5077122,
          23.8371857
        ]
      }
    },
    {
      "type": "Feature",
      "properties": {
        "id": 1946,
        "predicted_prevalence": 8.5642681e-14,
        "prediction_uncertainty": 0.7789278,
        "exceedance_probability": 0,
        "adaptively_selected": 0
      },
      "geometry": {
        "type": "Point",
        "coordinates": [
          90.5113592,
          23.8371857
        ]
      }
    },
    {
      "type": "Feature",
      "properties": {
        "id": 1947,
        "predicted_prevalence": 5.7038457e-15,
        "prediction_uncertainty": 0.7789278,
        "exceedance_probability": 0,
        "adaptively_selected": 0
      },
      "geometry": {
        "type": "Point",
        "coordinates": [
          90.5150061,
          23.8371857
        ]
      }
    },
    {
      "type": "Feature",
      "properties": {
        "id": 1948,
        "predicted_prevalence": 3.325703e-16,
        "prediction_uncertainty": 0.7789278,
        "exceedance_probability": 0,
        "adaptively_selected": 0
      },
      "geometry": {
        "type": "Point",
        "coordinates": [
          90.5186531,
          23.8371857
        ]
      }
    },
    {
      "type": "Feature",
      "properties": {
        "id": 1949,
        "predicted_prevalence": 1.6976076e-17,
        "prediction_uncertainty": 0.7789278,
        "exceedance_probability": 0,
        "adaptively_selected": 0
      },
      "geometry": {
        "type": "Point",
        "coordinates": [
          90.5223,
          23.8371857
        ]
      }
    },
    {
      "type": "Feature",
      "properties": {
        "id": 1950,
        "predicted_prevalence": 0.0041641,
        "prediction_uncertainty": 0.7787701,
        "exceedance_probability": 0,
        "adaptively_selected": 0
      },
      "geometry": {
        "type": "Point",
        "coordinates": [
          90.3436,
          23.8416143
        ]
      }
    },
    {
      "type": "Feature",
      "properties": {
        "id": 1951,
        "predicted_prevalence": 0.0096352,
        "prediction_uncertainty": 0.7781889,
        "exceedance_probability": 0,
        "adaptively_selected": 0
      },
      "geometry": {
        "type": "Point",
        "coordinates": [
          90.3472469,
          23.8416143
        ]
      }
    },
    {
      "type": "Feature",
      "properties": {
        "id": 1952,
        "predicted_prevalence": 0.0200521,
        "prediction_uncertainty": 0.7761155,
        "exceedance_probability": 0,
        "adaptively_selected": 0
      },
      "geometry": {
        "type": "Point",
        "coordinates": [
          90.3508939,
          23.8416143
        ]
      }
    },
    {
      "type": "Feature",
      "properties": {
        "id": 1953,
        "predicted_prevalence": 0.0376514,
        "prediction_uncertainty": 0.769905,
        "exceedance_probability": 0,
        "adaptively_selected": 0
      },
      "geometry": {
        "type": "Point",
        "coordinates": [
          90.3545408,
          23.8416143
        ]
      }
    },
    {
      "type": "Feature",
      "properties": {
        "id": 1954,
        "predicted_prevalence": 0.0638877,
        "prediction_uncertainty": 0.7536496,
        "exceedance_probability": 0,
        "adaptively_selected": 0
      },
      "geometry": {
        "type": "Point",
        "coordinates": [
          90.3581878,
          23.8416143
        ]
      }
    },
    {
      "type": "Feature",
      "properties": {
        "id": 1955,
        "predicted_prevalence": 0.0979324,
        "prediction_uncertainty": 0.7162151,
        "exceedance_probability": 0,
        "adaptively_selected": 0
      },
      "geometry": {
        "type": "Point",
        "coordinates": [
          90.3618347,
          23.8416143
        ]
      }
    },
    {
      "type": "Feature",
      "properties": {
        "id": 1956,
        "predicted_prevalence": 0.1353246,
        "prediction_uncertainty": 0.6428547,
        "exceedance_probability": 0,
        "adaptively_selected": 0
      },
      "geometry": {
        "type": "Point",
        "coordinates": [
          90.3654816,
          23.8416143
        ]
      }
    },
    {
      "type": "Feature",
      "properties": {
        "id": 1957,
        "predicted_prevalence": 0.1679894,
        "prediction_uncertainty": 0.5277684,
        "exceedance_probability": 0,
        "adaptively_selected": 0
      },
      "geometry": {
        "type": "Point",
        "coordinates": [
          90.3691286,
          23.8416143
        ]
      }
    },
    {
      "type": "Feature",
      "properties": {
        "id": 1958,
        "predicted_prevalence": 0.1866106,
        "prediction_uncertainty": 0.4034296,
        "exceedance_probability": 0,
        "adaptively_selected": 0
      },
      "geometry": {
        "type": "Point",
        "coordinates": [
          90.3727755,
          23.8416143
        ]
      }
    },
    {
      "type": "Feature",
      "properties": {
        "id": 1959,
        "predicted_prevalence": 0.1848317,
        "prediction_uncertainty": 0.3700544,
        "exceedance_probability": 0,
        "adaptively_selected": 0
      },
      "geometry": {
        "type": "Point",
        "coordinates": [
          90.3764224,
          23.8416143
        ]
      }
    },
    {
      "type": "Feature",
      "properties": {
        "id": 1960,
        "predicted_prevalence": 0.1628372,
        "prediction_uncertainty": 0.4711361,
        "exceedance_probability": 0,
        "adaptively_selected": 0
      },
      "geometry": {
        "type": "Point",
        "coordinates": [
          90.3800694,
          23.8416143
        ]
      }
    },
    {
      "type": "Feature",
      "properties": {
        "id": 1961,
        "predicted_prevalence": 0.1275866,
        "prediction_uncertainty": 0.6033728,
        "exceedance_probability": 0,
        "adaptively_selected": 0
      },
      "geometry": {
        "type": "Point",
        "coordinates": [
          90.3837163,
          23.8416143
        ]
      }
    },
    {
      "type": "Feature",
      "properties": {
        "id": 1962,
        "predicted_prevalence": 0.0892546,
        "prediction_uncertainty": 0.6993019,
        "exceedance_probability": 0,
        "adaptively_selected": 0
      },
      "geometry": {
        "type": "Point",
        "coordinates": [
          90.3873633,
          23.8416143
        ]
      }
    },
    {
      "type": "Feature",
      "properties": {
        "id": 1963,
        "predicted_prevalence": 0.0563666,
        "prediction_uncertainty": 0.7500854,
        "exceedance_probability": 0,
        "adaptively_selected": 0
      },
      "geometry": {
        "type": "Point",
        "coordinates": [
          90.3910102,
          23.8416143
        ]
      }
    },
    {
      "type": "Feature",
      "properties": {
        "id": 1964,
        "predicted_prevalence": 0.0328633,
        "prediction_uncertainty": 0.7704859,
        "exceedance_probability": 0,
        "adaptively_selected": 0
      },
      "geometry": {
        "type": "Point",
        "coordinates": [
          90.3946571,
          23.8416143
        ]
      }
    },
    {
      "type": "Feature",
      "properties": {
        "id": 1965,
        "predicted_prevalence": 0.0183336,
        "prediction_uncertainty": 0.7767484,
        "exceedance_probability": 0,
        "adaptively_selected": 0
      },
      "geometry": {
        "type": "Point",
        "coordinates": [
          90.3983041,
          23.8416143
        ]
      }
    },
    {
      "type": "Feature",
      "properties": {
        "id": 1966,
        "predicted_prevalence": 0.0101889,
        "prediction_uncertainty": 0.778295,
        "exceedance_probability": 0,
        "adaptively_selected": 0
      },
      "geometry": {
        "type": "Point",
        "coordinates": [
          90.401951,
          23.8416143
        ]
      }
    },
    {
      "type": "Feature",
      "properties": {
        "id": 1967,
        "predicted_prevalence": 0.0057734,
        "prediction_uncertainty": 0.7786863,
        "exceedance_probability": 0,
        "adaptively_selected": 0
      },
      "geometry": {
        "type": "Point",
        "coordinates": [
          90.405598,
          23.8416143
        ]
      }
    },
    {
      "type": "Feature",
      "properties": {
        "id": 1968,
        "predicted_prevalence": 0.0033442,
        "prediction_uncertainty": 0.7788304,
        "exceedance_probability": 0,
        "adaptively_selected": 0
      },
      "geometry": {
        "type": "Point",
        "coordinates": [
          90.4092449,
          23.8416143
        ]
      }
    },
    {
      "type": "Feature",
      "properties": {
        "id": 1969,
        "predicted_prevalence": 0.0020631,
        "prediction_uncertainty": 0.7788931,
        "exceedance_probability": 0,
        "adaptively_selected": 0
      },
      "geometry": {
        "type": "Point",
        "coordinates": [
          90.4128918,
          23.8416143
        ]
      }
    },
    {
      "type": "Feature",
      "properties": {
        "id": 1970,
        "predicted_prevalence": 0.0016249,
        "prediction_uncertainty": 0.7789099,
        "exceedance_probability": 0,
        "adaptively_selected": 0
      },
      "geometry": {
        "type": "Point",
        "coordinates": [
          90.4165388,
          23.8416143
        ]
      }
    },
    {
      "type": "Feature",
      "properties": {
        "id": 1971,
        "predicted_prevalence": 0.0019413,
        "prediction_uncertainty": 0.7788855,
        "exceedance_probability": 0,
        "adaptively_selected": 0
      },
      "geometry": {
        "type": "Point",
        "coordinates": [
          90.4201857,
          23.8416143
        ]
      }
    },
    {
      "type": "Feature",
      "properties": {
        "id": 1972,
        "predicted_prevalence": 0.002955,
        "prediction_uncertainty": 0.7787875,
        "exceedance_probability": 0,
        "adaptively_selected": 0
      },
      "geometry": {
        "type": "Point",
        "coordinates": [
          90.4238327,
          23.8416143
        ]
      }
    },
    {
      "type": "Feature",
      "properties": {
        "id": 1973,
        "predicted_prevalence": 0.0045102,
        "prediction_uncertainty": 0.7785553,
        "exceedance_probability": 0,
        "adaptively_selected": 0
      },
      "geometry": {
        "type": "Point",
        "coordinates": [
          90.4274796,
          23.8416143
        ]
      }
    },
    {
      "type": "Feature",
      "properties": {
        "id": 1974,
        "predicted_prevalence": 0.0062637,
        "prediction_uncertainty": 0.7781704,
        "exceedance_probability": 0,
        "adaptively_selected": 0
      },
      "geometry": {
        "type": "Point",
        "coordinates": [
          90.4311265,
          23.8416143
        ]
      }
    },
    {
      "type": "Feature",
      "properties": {
        "id": 1975,
        "predicted_prevalence": 0.0077061,
        "prediction_uncertainty": 0.7777507,
        "exceedance_probability": 0,
        "adaptively_selected": 0
      },
      "geometry": {
        "type": "Point",
        "coordinates": [
          90.4347735,
          23.8416143
        ]
      }
    },
    {
      "type": "Feature",
      "properties": {
        "id": 1976,
        "predicted_prevalence": 0.0083377,
        "prediction_uncertainty": 0.7775292,
        "exceedance_probability": 0,
        "adaptively_selected": 0
      },
      "geometry": {
        "type": "Point",
        "coordinates": [
          90.4384204,
          23.8416143
        ]
      }
    },
    {
      "type": "Feature",
      "properties": {
        "id": 1977,
        "predicted_prevalence": 0.0079149,
        "prediction_uncertainty": 0.7776564,
        "exceedance_probability": 0,
        "adaptively_selected": 0
      },
      "geometry": {
        "type": "Point",
        "coordinates": [
          90.4420673,
          23.8416143
        ]
      }
    },
    {
      "type": "Feature",
      "properties": {
        "id": 1978,
        "predicted_prevalence": 0.0065858,
        "prediction_uncertainty": 0.778043,
        "exceedance_probability": 0,
        "adaptively_selected": 0
      },
      "geometry": {
        "type": "Point",
        "coordinates": [
          90.4457143,
          23.8416143
        ]
      }
    },
    {
      "type": "Feature",
      "properties": {
        "id": 1979,
        "predicted_prevalence": 0.0048009,
        "prediction_uncertainty": 0.7784562,
        "exceedance_probability": 0,
        "adaptively_selected": 0
      },
      "geometry": {
        "type": "Point",
        "coordinates": [
          90.4493612,
          23.8416143
        ]
      }
    },
    {
      "type": "Feature",
      "properties": {
        "id": 1980,
        "predicted_prevalence": 0.0030652,
        "prediction_uncertainty": 0.7787352,
        "exceedance_probability": 0,
        "adaptively_selected": 0
      },
      "geometry": {
        "type": "Point",
        "coordinates": [
          90.4530082,
          23.8416143
        ]
      }
    },
    {
      "type": "Feature",
      "properties": {
        "id": 1981,
        "predicted_prevalence": 0.0017138,
        "prediction_uncertainty": 0.7788675,
        "exceedance_probability": 0,
        "adaptively_selected": 0
      },
      "geometry": {
        "type": "Point",
        "coordinates": [
          90.4566551,
          23.8416143
        ]
      }
    },
    {
      "type": "Feature",
      "properties": {
        "id": 1982,
        "predicted_prevalence": 0.000839,
        "prediction_uncertainty": 0.7789133,
        "exceedance_probability": 0,
        "adaptively_selected": 0
      },
      "geometry": {
        "type": "Point",
        "coordinates": [
          90.460302,
          23.8416143
        ]
      }
    },
    {
      "type": "Feature",
      "properties": {
        "id": 1983,
        "predicted_prevalence": 0.0003596,
        "prediction_uncertainty": 0.7789251,
        "exceedance_probability": 0,
        "adaptively_selected": 0
      },
      "geometry": {
        "type": "Point",
        "coordinates": [
          90.463949,
          23.8416143
        ]
      }
    },
    {
      "type": "Feature",
      "properties": {
        "id": 1984,
        "predicted_prevalence": 0.0001349,
        "prediction_uncertainty": 0.7789274,
        "exceedance_probability": 0,
        "adaptively_selected": 0
      },
      "geometry": {
        "type": "Point",
        "coordinates": [
          90.4675959,
          23.8416143
        ]
      }
    },
    {
      "type": "Feature",
      "properties": {
        "id": 1985,
        "predicted_prevalence": 4.43e-05,
        "prediction_uncertainty": 0.7789277,
        "exceedance_probability": 0,
        "adaptively_selected": 0
      },
      "geometry": {
        "type": "Point",
        "coordinates": [
          90.4712429,
          23.8416143
        ]
      }
    },
    {
      "type": "Feature",
      "properties": {
        "id": 1986,
        "predicted_prevalence": 1.28e-05,
        "prediction_uncertainty": 0.7789278,
        "exceedance_probability": 0,
        "adaptively_selected": 0
      },
      "geometry": {
        "type": "Point",
        "coordinates": [
          90.4748898,
          23.8416143
        ]
      }
    },
    {
      "type": "Feature",
      "properties": {
        "id": 1987,
        "predicted_prevalence": 3.2113531e-06,
        "prediction_uncertainty": 0.7789278,
        "exceedance_probability": 0,
        "adaptively_selected": 0
      },
      "geometry": {
        "type": "Point",
        "coordinates": [
          90.4785367,
          23.8416143
        ]
      }
    },
    {
      "type": "Feature",
      "properties": {
        "id": 1988,
        "predicted_prevalence": 7.0797324e-07,
        "prediction_uncertainty": 0.7789278,
        "exceedance_probability": 0,
        "adaptively_selected": 0
      },
      "geometry": {
        "type": "Point",
        "coordinates": [
          90.4821837,
          23.8416143
        ]
      }
    },
    {
      "type": "Feature",
      "properties": {
        "id": 1989,
        "predicted_prevalence": 1.3664255e-07,
        "prediction_uncertainty": 0.7789278,
        "exceedance_probability": 0,
        "adaptively_selected": 0
      },
      "geometry": {
        "type": "Point",
        "coordinates": [
          90.4858306,
          23.8416143
        ]
      }
    },
    {
      "type": "Feature",
      "properties": {
        "id": 1990,
        "predicted_prevalence": 2.3088438e-08,
        "prediction_uncertainty": 0.7789278,
        "exceedance_probability": 0,
        "adaptively_selected": 0
      },
      "geometry": {
        "type": "Point",
        "coordinates": [
          90.4894776,
          23.8416143
        ]
      }
    },
    {
      "type": "Feature",
      "properties": {
        "id": 1991,
        "predicted_prevalence": 3.4154042e-09,
        "prediction_uncertainty": 0.7789278,
        "exceedance_probability": 0,
        "adaptively_selected": 0
      },
      "geometry": {
        "type": "Point",
        "coordinates": [
          90.4931245,
          23.8416143
        ]
      }
    },
    {
      "type": "Feature",
      "properties": {
        "id": 1992,
        "predicted_prevalence": 4.4231157e-10,
        "prediction_uncertainty": 0.7789278,
        "exceedance_probability": 0,
        "adaptively_selected": 0
      },
      "geometry": {
        "type": "Point",
        "coordinates": [
          90.4967714,
          23.8416143
        ]
      }
    },
    {
      "type": "Feature",
      "properties": {
        "id": 1993,
        "predicted_prevalence": 5.0147921e-11,
        "prediction_uncertainty": 0.7789278,
        "exceedance_probability": 0,
        "adaptively_selected": 0
      },
      "geometry": {
        "type": "Point",
        "coordinates": [
          90.5004184,
          23.8416143
        ]
      }
    },
    {
      "type": "Feature",
      "properties": {
        "id": 1994,
        "predicted_prevalence": 4.9775528e-12,
        "prediction_uncertainty": 0.7789278,
        "exceedance_probability": 0,
        "adaptively_selected": 0
      },
      "geometry": {
        "type": "Point",
        "coordinates": [
          90.5040653,
          23.8416143
        ]
      }
    },
    {
      "type": "Feature",
      "properties": {
        "id": 1995,
        "predicted_prevalence": 4.3253083e-13,
        "prediction_uncertainty": 0.7789278,
        "exceedance_probability": 0,
        "adaptively_selected": 0
      },
      "geometry": {
        "type": "Point",
        "coordinates": [
          90.5077122,
          23.8416143
        ]
      }
    },
    {
      "type": "Feature",
      "properties": {
        "id": 1996,
        "predicted_prevalence": 3.2904588e-14,
        "prediction_uncertainty": 0.7789278,
        "exceedance_probability": 0,
        "adaptively_selected": 0
      },
      "geometry": {
        "type": "Point",
        "coordinates": [
          90.5113592,
          23.8416143
        ]
      }
    },
    {
      "type": "Feature",
      "properties": {
        "id": 1997,
        "predicted_prevalence": 2.1914623e-15,
        "prediction_uncertainty": 0.7789278,
        "exceedance_probability": 0,
        "adaptively_selected": 0
      },
      "geometry": {
        "type": "Point",
        "coordinates": [
          90.5150061,
          23.8416143
        ]
      }
    },
    {
      "type": "Feature",
      "properties": {
        "id": 1998,
        "predicted_prevalence": 1.2777613e-16,
        "prediction_uncertainty": 0.7789278,
        "exceedance_probability": 0,
        "adaptively_selected": 0
      },
      "geometry": {
        "type": "Point",
        "coordinates": [
          90.5186531,
          23.8416143
        ]
      }
    },
    {
      "type": "Feature",
      "properties": {
        "id": 1999,
        "predicted_prevalence": 6.5223422e-18,
        "prediction_uncertainty": 0.7789278,
        "exceedance_probability": 0,
        "adaptively_selected": 0
      },
      "geometry": {
        "type": "Point",
        "coordinates": [
          90.5223,
          23.8416143
        ]
      }
    },
    {
      "type": "Feature",
      "properties": {
        "id": 2000,
        "predicted_prevalence": 0.0024635,
        "prediction_uncertainty": 0.7788887,
        "exceedance_probability": 0,
        "adaptively_selected": 0
      },
      "geometry": {
        "type": "Point",
        "coordinates": [
          90.3436,
          23.8460429
        ]
      }
    },
    {
      "type": "Feature",
      "properties": {
        "id": 2001,
        "predicted_prevalence": 0.0061821,
        "prediction_uncertainty": 0.7786946,
        "exceedance_probability": 0,
        "adaptively_selected": 0
      },
      "geometry": {
        "type": "Point",
        "coordinates": [
          90.3472469,
          23.8460429
        ]
      }
    },
    {
      "type": "Feature",
      "properties": {
        "id": 2002,
        "predicted_prevalence": 0.0140189,
        "prediction_uncertainty": 0.7777122,
        "exceedance_probability": 0,
        "adaptively_selected": 0
      },
      "geometry": {
        "type": "Point",
        "coordinates": [
          90.3508939,
          23.8460429
        ]
      }
    },
    {
      "type": "Feature",
      "properties": {
        "id": 2003,
        "predicted_prevalence": 0.0286756,
        "prediction_uncertainty": 0.7734698,
        "exceedance_probability": 0,
        "adaptively_selected": 0
      },
      "geometry": {
        "type": "Point",
        "coordinates": [
          90.3545408,
          23.8460429
        ]
      }
    },
    {
      "type": "Feature",
      "properties": {
        "id": 2004,
        "predicted_prevalence": 0.0527356,
        "prediction_uncertainty": 0.7584555,
        "exceedance_probability": 0,
        "adaptively_selected": 0
      },
      "geometry": {
        "type": "Point",
        "coordinates": [
          90.3581878,
          23.8460429
        ]
      }
    },
    {
      "type": "Feature",
      "properties": {
        "id": 2005,
        "predicted_prevalence": 0.0868354,
        "prediction_uncertainty": 0.7161571,
        "exceedance_probability": 0,
        "adaptively_selected": 0
      },
      "geometry": {
        "type": "Point",
        "coordinates": [
          90.3618347,
          23.8460429
        ]
      }
    },
    {
      "type": "Feature",
      "properties": {
        "id": 2006,
        "predicted_prevalence": 0.127475,
        "prediction_uncertainty": 0.6220955,
        "exceedance_probability": 0,
        "adaptively_selected": 0
      },
      "geometry": {
        "type": "Point",
        "coordinates": [
          90.3654816,
          23.8460429
        ]
      }
    },
    {
      "type": "Feature",
      "properties": {
        "id": 2007,
        "predicted_prevalence": 0.1661763,
        "prediction_uncertainty": 0.4558156,
        "exceedance_probability": 0,
        "adaptively_selected": 0
      },
      "geometry": {
        "type": "Point",
        "coordinates": [
          90.3691286,
          23.8460429
        ]
      }
    },
    {
      "type": "Feature",
      "properties": {
        "id": 2008,
        "predicted_prevalence": 0.1917262,
        "prediction_uncertainty": 0.2202307,
        "exceedance_probability": 0,
        "adaptively_selected": 0
      },
      "geometry": {
        "type": "Point",
        "coordinates": [
          90.3727755,
          23.8460429
        ]
      }
    },
    {
      "type": "Feature",
      "properties": {
        "id": 2009,
        "predicted_prevalence": 0.1952739,
        "prediction_uncertainty": 0.0817128,
        "exceedance_probability": 0,
        "adaptively_selected": 0
      },
      "geometry": {
        "type": "Point",
        "coordinates": [
          90.3764224,
          23.8460429
        ]
      }
    },
    {
      "type": "Feature",
      "properties": {
        "id": 2010,
        "predicted_prevalence": 0.1752663,
        "prediction_uncertainty": 0.3345296,
        "exceedance_probability": 0,
        "adaptively_selected": 0
      },
      "geometry": {
        "type": "Point",
        "coordinates": [
          90.3800694,
          23.8460429
        ]
      }
    },
    {
      "type": "Feature",
      "properties": {
        "id": 2011,
        "predicted_prevalence": 0.1385174,
        "prediction_uncertainty": 0.542119,
        "exceedance_probability": 0,
        "adaptively_selected": 0
      },
      "geometry": {
        "type": "Point",
        "coordinates": [
          90.3837163,
          23.8460429
        ]
      }
    },
    {
      "type": "Feature",
      "properties": {
        "id": 2012,
        "predicted_prevalence": 0.0964504,
        "prediction_uncertainty": 0.6746269,
        "exceedance_probability": 0,
        "adaptively_selected": 0
      },
      "geometry": {
        "type": "Point",
        "coordinates": [
          90.3873633,
          23.8460429
        ]
      }
    },
    {
      "type": "Feature",
      "properties": {
        "id": 2013,
        "predicted_prevalence": 0.0593352,
        "prediction_uncertainty": 0.7418858,
        "exceedance_probability": 0,
        "adaptively_selected": 0
      },
      "geometry": {
        "type": "Point",
        "coordinates": [
          90.3910102,
          23.8460429
        ]
      }
    },
    {
      "type": "Feature",
      "properties": {
        "id": 2014,
        "predicted_prevalence": 0.0324733,
        "prediction_uncertainty": 0.7685391,
        "exceedance_probability": 0,
        "adaptively_selected": 0
      },
      "geometry": {
        "type": "Point",
        "coordinates": [
          90.3946571,
          23.8460429
        ]
      }
    },
    {
      "type": "Feature",
      "properties": {
        "id": 2015,
        "predicted_prevalence": 0.0160388,
        "prediction_uncertainty": 0.7766454,
        "exceedance_probability": 0,
        "adaptively_selected": 0
      },
      "geometry": {
        "type": "Point",
        "coordinates": [
          90.3983041,
          23.8460429
        ]
      }
    },
    {
      "type": "Feature",
      "properties": {
        "id": 2016,
        "predicted_prevalence": 0.007339,
        "prediction_uncertainty": 0.7785247,
        "exceedance_probability": 0,
        "adaptively_selected": 0
      },
      "geometry": {
        "type": "Point",
        "coordinates": [
          90.401951,
          23.8460429
        ]
      }
    },
    {
      "type": "Feature",
      "properties": {
        "id": 2017,
        "predicted_prevalence": 0.00324,
        "prediction_uncertainty": 0.778863,
        "exceedance_probability": 0,
        "adaptively_selected": 0
      },
      "geometry": {
        "type": "Point",
        "coordinates": [
          90.405598,
          23.8460429
        ]
      }
    },
    {
      "type": "Feature",
      "properties": {
        "id": 2018,
        "predicted_prevalence": 0.0014562,
        "prediction_uncertainty": 0.7789154,
        "exceedance_probability": 0,
        "adaptively_selected": 0
      },
      "geometry": {
        "type": "Point",
        "coordinates": [
          90.4092449,
          23.8460429
        ]
      }
    },
    {
      "type": "Feature",
      "properties": {
        "id": 2019,
        "predicted_prevalence": 0.0007302,
        "prediction_uncertainty": 0.7789246,
        "exceedance_probability": 0,
        "adaptively_selected": 1
      },
      "geometry": {
        "type": "Point",
        "coordinates": [
          90.4128918,
          23.8460429
        ]
      }
    },
    {
      "type": "Feature",
      "properties": {
        "id": 2020,
        "predicted_prevalence": 0.000509,
        "prediction_uncertainty": 0.7789261,
        "exceedance_probability": 0,
        "adaptively_selected": 0
      },
      "geometry": {
        "type": "Point",
        "coordinates": [
          90.4165388,
          23.8460429
        ]
      }
    },
    {
      "type": "Feature",
      "properties": {
        "id": 2021,
        "predicted_prevalence": 0.000593,
        "prediction_uncertainty": 0.7789236,
        "exceedance_probability": 0,
        "adaptively_selected": 0
      },
      "geometry": {
        "type": "Point",
        "coordinates": [
          90.4201857,
          23.8460429
        ]
      }
    },
    {
      "type": "Feature",
      "properties": {
        "id": 2022,
        "predicted_prevalence": 0.0009121,
        "prediction_uncertainty": 0.7789136,
        "exceedance_probability": 0,
        "adaptively_selected": 0
      },
      "geometry": {
        "type": "Point",
        "coordinates": [
          90.4238327,
          23.8460429
        ]
      }
    },
    {
      "type": "Feature",
      "properties": {
        "id": 2023,
        "predicted_prevalence": 0.0014052,
        "prediction_uncertainty": 0.7788903,
        "exceedance_probability": 0,
        "adaptively_selected": 0
      },
      "geometry": {
        "type": "Point",
        "coordinates": [
          90.4274796,
          23.8460429
        ]
      }
    },
    {
      "type": "Feature",
      "properties": {
        "id": 2024,
        "predicted_prevalence": 0.0019622,
        "prediction_uncertainty": 0.7788518,
        "exceedance_probability": 0,
        "adaptively_selected": 0
      },
      "geometry": {
        "type": "Point",
        "coordinates": [
          90.4311265,
          23.8460429
        ]
      }
    },
    {
      "type": "Feature",
      "properties": {
        "id": 2025,
        "predicted_prevalence": 0.0024217,
        "prediction_uncertainty": 0.77881,
        "exceedance_probability": 0,
        "adaptively_selected": 0
      },
      "geometry": {
        "type": "Point",
        "coordinates": [
          90.4347735,
          23.8460429
        ]
      }
    },
    {
      "type": "Feature",
      "properties": {
        "id": 2026,
        "predicted_prevalence": 0.0026252,
        "prediction_uncertainty": 0.778788,
        "exceedance_probability": 0,
        "adaptively_selected": 0
      },
      "geometry": {
        "type": "Point",
        "coordinates": [
          90.4384204,
          23.8460429
        ]
      }
    },
    {
      "type": "Feature",
      "properties": {
        "id": 2027,
        "predicted_prevalence": 0.0024949,
        "prediction_uncertainty": 0.7788009,
        "exceedance_probability": 0,
        "adaptively_selected": 0
      },
      "geometry": {
        "type": "Point",
        "coordinates": [
          90.4420673,
          23.8460429
        ]
      }
    },
    {
      "type": "Feature",
      "properties": {
        "id": 2028,
        "predicted_prevalence": 0.0020774,
        "prediction_uncertainty": 0.7788395,
        "exceedance_probability": 0,
        "adaptively_selected": 0
      },
      "geometry": {
        "type": "Point",
        "coordinates": [
          90.4457143,
          23.8460429
        ]
      }
    },
    {
      "type": "Feature",
      "properties": {
        "id": 2029,
        "predicted_prevalence": 0.001515,
        "prediction_uncertainty": 0.7788807,
        "exceedance_probability": 0,
        "adaptively_selected": 0
      },
      "geometry": {
        "type": "Point",
        "coordinates": [
          90.4493612,
          23.8460429
        ]
      }
    },
    {
      "type": "Feature",
      "properties": {
        "id": 2030,
        "predicted_prevalence": 0.0009675,
        "prediction_uncertainty": 0.7789086,
        "exceedance_probability": 0,
        "adaptively_selected": 0
      },
      "geometry": {
        "type": "Point",
        "coordinates": [
          90.4530082,
          23.8460429
        ]
      }
    },
    {
      "type": "Feature",
      "properties": {
        "id": 2031,
        "predicted_prevalence": 0.000541,
        "prediction_uncertainty": 0.7789218,
        "exceedance_probability": 0,
        "adaptively_selected": 0
      },
      "geometry": {
        "type": "Point",
        "coordinates": [
          90.4566551,
          23.8460429
        ]
      }
    },
    {
      "type": "Feature",
      "properties": {
        "id": 2032,
        "predicted_prevalence": 0.0002649,
        "prediction_uncertainty": 0.7789263,
        "exceedance_probability": 0,
        "adaptively_selected": 0
      },
      "geometry": {
        "type": "Point",
        "coordinates": [
          90.460302,
          23.8460429
        ]
      }
    },
    {
      "type": "Feature",
      "properties": {
        "id": 2033,
        "predicted_prevalence": 0.0001135,
        "prediction_uncertainty": 0.7789275,
        "exceedance_probability": 0,
        "adaptively_selected": 0
      },
      "geometry": {
        "type": "Point",
        "coordinates": [
          90.463949,
          23.8460429
        ]
      }
    },
    {
      "type": "Feature",
      "properties": {
        "id": 2034,
        "predicted_prevalence": 4.26e-05,
        "prediction_uncertainty": 0.7789278,
        "exceedance_probability": 0,
        "adaptively_selected": 0
      },
      "geometry": {
        "type": "Point",
        "coordinates": [
          90.4675959,
          23.8460429
        ]
      }
    },
    {
      "type": "Feature",
      "properties": {
        "id": 2035,
        "predicted_prevalence": 1.4e-05,
        "prediction_uncertainty": 0.7789278,
        "exceedance_probability": 0,
        "adaptively_selected": 0
      },
      "geometry": {
        "type": "Point",
        "coordinates": [
          90.4712429,
          23.8460429
        ]
      }
    },
    {
      "type": "Feature",
      "properties": {
        "id": 2036,
        "predicted_prevalence": 4.027014e-06,
        "prediction_uncertainty": 0.7789278,
        "exceedance_probability": 0,
        "adaptively_selected": 0
      },
      "geometry": {
        "type": "Point",
        "coordinates": [
          90.4748898,
          23.8460429
        ]
      }
    },
    {
      "type": "Feature",
      "properties": {
        "id": 2037,
        "predicted_prevalence": 1.0140837e-06,
        "prediction_uncertainty": 0.7789278,
        "exceedance_probability": 0,
        "adaptively_selected": 0
      },
      "geometry": {
        "type": "Point",
        "coordinates": [
          90.4785367,
          23.8460429
        ]
      }
    },
    {
      "type": "Feature",
      "properties": {
        "id": 2038,
        "predicted_prevalence": 2.2356549e-07,
        "prediction_uncertainty": 0.7789278,
        "exceedance_probability": 0,
        "adaptively_selected": 0
      },
      "geometry": {
        "type": "Point",
        "coordinates": [
          90.4821837,
          23.8460429
        ]
      }
    },
    {
      "type": "Feature",
      "properties": {
        "id": 2039,
        "predicted_prevalence": 4.3149448e-08,
        "prediction_uncertainty": 0.7789278,
        "exceedance_probability": 0,
        "adaptively_selected": 0
      },
      "geometry": {
        "type": "Point",
        "coordinates": [
          90.4858306,
          23.8460429
        ]
      }
    },
    {
      "type": "Feature",
      "properties": {
        "id": 2040,
        "predicted_prevalence": 7.2909592e-09,
        "prediction_uncertainty": 0.7789278,
        "exceedance_probability": 0,
        "adaptively_selected": 0
      },
      "geometry": {
        "type": "Point",
        "coordinates": [
          90.4894776,
          23.8460429
        ]
      }
    },
    {
      "type": "Feature",
      "properties": {
        "id": 2041,
        "predicted_prevalence": 1.0785312e-09,
        "prediction_uncertainty": 0.7789278,
        "exceedance_probability": 0,
        "adaptively_selected": 0
      },
      "geometry": {
        "type": "Point",
        "coordinates": [
          90.4931245,
          23.8460429
        ]
      }
    },
    {
      "type": "Feature",
      "properties": {
        "id": 2042,
        "predicted_prevalence": 1.3967518e-10,
        "prediction_uncertainty": 0.7789278,
        "exceedance_probability": 0,
        "adaptively_selected": 0
      },
      "geometry": {
        "type": "Point",
        "coordinates": [
          90.4967714,
          23.8460429
        ]
      }
    },
    {
      "type": "Feature",
      "properties": {
        "id": 2043,
        "predicted_prevalence": 1.5835947e-11,
        "prediction_uncertainty": 0.7789278,
        "exceedance_probability": 0,
        "adaptively_selected": 0
      },
      "geometry": {
        "type": "Point",
        "coordinates": [
          90.5004184,
          23.8460429
        ]
      }
    },
    {
      "type": "Feature",
      "properties": {
        "id": 2044,
        "predicted_prevalence": 1.5718355e-12,
        "prediction_uncertainty": 0.7789278,
        "exceedance_probability": 0,
        "adaptively_selected": 0
      },
      "geometry": {
        "type": "Point",
        "coordinates": [
          90.5040653,
          23.8460429
        ]
      }
    },
    {
      "type": "Feature",
      "properties": {
        "id": 2045,
        "predicted_prevalence": 1.3658668e-13,
        "prediction_uncertainty": 0.7789278,
        "exceedance_probability": 0,
        "adaptively_selected": 0
      },
      "geometry": {
        "type": "Point",
        "coordinates": [
          90.5077122,
          23.8460429
        ]
      }
    },
    {
      "type": "Feature",
      "properties": {
        "id": 2046,
        "predicted_prevalence": 1.0390771e-14,
        "prediction_uncertainty": 0.7789278,
        "exceedance_probability": 0,
        "adaptively_selected": 0
      },
      "geometry": {
        "type": "Point",
        "coordinates": [
          90.5113592,
          23.8460429
        ]
      }
    },
    {
      "type": "Feature",
      "properties": {
        "id": 2047,
        "predicted_prevalence": 6.9203073e-16,
        "prediction_uncertainty": 0.7789278,
        "exceedance_probability": 0,
        "adaptively_selected": 0
      },
      "geometry": {
        "type": "Point",
        "coordinates": [
          90.5150061,
          23.8460429
        ]
      }
    },
    {
      "type": "Feature",
      "properties": {
        "id": 2048,
        "predicted_prevalence": 4.0349774e-17,
        "prediction_uncertainty": 0.7789278,
        "exceedance_probability": 0,
        "adaptively_selected": 0
      },
      "geometry": {
        "type": "Point",
        "coordinates": [
          90.5186531,
          23.8460429
        ]
      }
    },
    {
      "type": "Feature",
      "properties": {
        "id": 2049,
        "predicted_prevalence": 2.0596574e-18,
        "prediction_uncertainty": 0.7789278,
        "exceedance_probability": 0,
        "adaptively_selected": 0
      },
      "geometry": {
        "type": "Point",
        "coordinates": [
          90.5223,
          23.8460429
        ]
      }
    },
    {
      "type": "Feature",
      "properties": {
        "id": 2050,
        "predicted_prevalence": 0.0015151,
        "prediction_uncertainty": 0.778913,
        "exceedance_probability": 0,
        "adaptively_selected": 0
      },
      "geometry": {
        "type": "Point",
        "coordinates": [
          90.3436,
          23.8504714
        ]
      }
    },
    {
      "type": "Feature",
      "properties": {
        "id": 2051,
        "predicted_prevalence": 0.004131,
        "prediction_uncertainty": 0.778808,
        "exceedance_probability": 0,
        "adaptively_selected": 0
      },
      "geometry": {
        "type": "Point",
        "coordinates": [
          90.3472469,
          23.8504714
        ]
      }
    },
    {
      "type": "Feature",
      "properties": {
        "id": 2052,
        "predicted_prevalence": 0.0100966,
        "prediction_uncertainty": 0.7781412,
        "exceedance_probability": 0,
        "adaptively_selected": 0
      },
      "geometry": {
        "type": "Point",
        "coordinates": [
          90.3508939,
          23.8504714
        ]
      }
    },
    {
      "type": "Feature",
      "properties": {
        "id": 2053,
        "predicted_prevalence": 0.0220255,
        "prediction_uncertainty": 0.774847,
        "exceedance_probability": 0,
        "adaptively_selected": 0
      },
      "geometry": {
        "type": "Point",
        "coordinates": [
          90.3545408,
          23.8504714
        ]
      }
    },
    {
      "type": "Feature",
      "properties": {
        "id": 2054,
        "predicted_prevalence": 0.0427098,
        "prediction_uncertainty": 0.762372,
        "exceedance_probability": 0,
        "adaptively_selected": 0
      },
      "geometry": {
        "type": "Point",
        "coordinates": [
          90.3581878,
          23.8504714
        ]
      }
    },
    {
      "type": "Feature",
      "properties": {
        "id": 2055,
        "predicted_prevalence": 0.0733566,
        "prediction_uncertainty": 0.7262901,
        "exceedance_probability": 0,
        "adaptively_selected": 0
      },
      "geometry": {
        "type": "Point",
        "coordinates": [
          90.3618347,
          23.8504714
        ]
      }
    },
    {
      "type": "Feature",
      "properties": {
        "id": 2056,
        "predicted_prevalence": 0.111277,
        "prediction_uncertainty": 0.646236,
        "exceedance_probability": 0,
        "adaptively_selected": 0
      },
      "geometry": {
        "type": "Point",
        "coordinates": [
          90.3654816,
          23.8504714
        ]
      }
    },
    {
      "type": "Feature",
      "properties": {
        "id": 2057,
        "predicted_prevalence": 0.1487497,
        "prediction_uncertainty": 0.5102635,
        "exceedance_probability": 0,
        "adaptively_selected": 0
      },
      "geometry": {
        "type": "Point",
        "coordinates": [
          90.3691286,
          23.8504714
        ]
      }
    },
    {
      "type": "Feature",
      "properties": {
        "id": 2058,
        "predicted_prevalence": 0.1749327,
        "prediction_uncertainty": 0.346842,
        "exceedance_probability": 0,
        "adaptively_selected": 0
      },
      "geometry": {
        "type": "Point",
        "coordinates": [
          90.3727755,
          23.8504714
        ]
      }
    },
    {
      "type": "Feature",
      "properties": {
        "id": 2059,
        "predicted_prevalence": 0.180775,
        "prediction_uncertainty": 0.2882123,
        "exceedance_probability": 0,
        "adaptively_selected": 0
      },
      "geometry": {
        "type": "Point",
        "coordinates": [
          90.3764224,
          23.8504714
        ]
      }
    },
    {
      "type": "Feature",
      "properties": {
        "id": 2060,
        "predicted_prevalence": 0.1640295,
        "prediction_uncertainty": 0.4178917,
        "exceedance_probability": 0,
        "adaptively_selected": 0
      },
      "geometry": {
        "type": "Point",
        "coordinates": [
          90.3800694,
          23.8504714
        ]
      }
    },
    {
      "type": "Feature",
      "properties": {
        "id": 2061,
        "predicted_prevalence": 0.1306316,
        "prediction_uncertainty": 0.5774527,
        "exceedance_probability": 0,
        "adaptively_selected": 0
      },
      "geometry": {
        "type": "Point",
        "coordinates": [
          90.3837163,
          23.8504714
        ]
      }
    },
    {
      "type": "Feature",
      "properties": {
        "id": 2062,
        "predicted_prevalence": 0.0913117,
        "prediction_uncertainty": 0.6886587,
        "exceedance_probability": 0,
        "adaptively_selected": 0
      },
      "geometry": {
        "type": "Point",
        "coordinates": [
          90.3873633,
          23.8504714
        ]
      }
    },
    {
      "type": "Feature",
      "properties": {
        "id": 2063,
        "predicted_prevalence": 0.056058,
        "prediction_uncertainty": 0.7466576,
        "exceedance_probability": 0,
        "adaptively_selected": 0
      },
      "geometry": {
        "type": "Point",
        "coordinates": [
          90.3910102,
          23.8504714
        ]
      }
    },
    {
      "type": "Feature",
      "properties": {
        "id": 2064,
        "predicted_prevalence": 0.0302791,
        "prediction_uncertainty": 0.769871,
        "exceedance_probability": 0,
        "adaptively_selected": 0
      },
      "geometry": {
        "type": "Point",
        "coordinates": [
          90.3946571,
          23.8504714
        ]
      }
    },
    {
      "type": "Feature",
      "properties": {
        "id": 2065,
        "predicted_prevalence": 0.0144458,
        "prediction_uncertainty": 0.7769571,
        "exceedance_probability": 0,
        "adaptively_selected": 0
      },
      "geometry": {
        "type": "Point",
        "coordinates": [
          90.3983041,
          23.8504714
        ]
      }
    },
    {
      "type": "Feature",
      "properties": {
        "id": 2066,
        "predicted_prevalence": 0.0061373,
        "prediction_uncertainty": 0.7785969,
        "exceedance_probability": 0,
        "adaptively_selected": 0
      },
      "geometry": {
        "type": "Point",
        "coordinates": [
          90.401951,
          23.8504714
        ]
      }
    },
    {
      "type": "Feature",
      "properties": {
        "id": 2067,
        "predicted_prevalence": 0.0023605,
        "prediction_uncertainty": 0.7788846,
        "exceedance_probability": 0,
        "adaptively_selected": 0
      },
      "geometry": {
        "type": "Point",
        "coordinates": [
          90.405598,
          23.8504714
        ]
      }
    },
    {
      "type": "Feature",
      "properties": {
        "id": 2068,
        "predicted_prevalence": 0.0008507,
        "prediction_uncertainty": 0.7789232,
        "exceedance_probability": 0,
        "adaptively_selected": 0
      },
      "geometry": {
        "type": "Point",
        "coordinates": [
          90.4092449,
          23.8504714
        ]
      }
    },
    {
      "type": "Feature",
      "properties": {
        "id": 2069,
        "predicted_prevalence": 0.0003145,
        "prediction_uncertainty": 0.7789273,
        "exceedance_probability": 0,
        "adaptively_selected": 0
      },
      "geometry": {
        "type": "Point",
        "coordinates": [
          90.4128918,
          23.8504714
        ]
      }
    },
    {
      "type": "Feature",
      "properties": {
        "id": 2070,
        "predicted_prevalence": 0.0001581,
        "prediction_uncertainty": 0.7789277,
        "exceedance_probability": 0,
        "adaptively_selected": 0
      },
      "geometry": {
        "type": "Point",
        "coordinates": [
          90.4165388,
          23.8504714
        ]
      }
    },
    {
      "type": "Feature",
      "properties": {
        "id": 2071,
        "predicted_prevalence": 0.0001561,
        "prediction_uncertainty": 0.7789275,
        "exceedance_probability": 0,
        "adaptively_selected": 0
      },
      "geometry": {
        "type": "Point",
        "coordinates": [
          90.4201857,
          23.8504714
        ]
      }
    },
    {
      "type": "Feature",
      "properties": {
        "id": 2072,
        "predicted_prevalence": 0.0002342,
        "prediction_uncertainty": 0.7789268,
        "exceedance_probability": 0,
        "adaptively_selected": 0
      },
      "geometry": {
        "type": "Point",
        "coordinates": [
          90.4238327,
          23.8504714
        ]
      }
    },
    {
      "type": "Feature",
      "properties": {
        "id": 2073,
        "predicted_prevalence": 0.0003618,
        "prediction_uncertainty": 0.7789252,
        "exceedance_probability": 0,
        "adaptively_selected": 0
      },
      "geometry": {
        "type": "Point",
        "coordinates": [
          90.4274796,
          23.8504714
        ]
      }
    },
    {
      "type": "Feature",
      "properties": {
        "id": 2074,
        "predicted_prevalence": 0.0005068,
        "prediction_uncertainty": 0.7789226,
        "exceedance_probability": 0,
        "adaptively_selected": 0
      },
      "geometry": {
        "type": "Point",
        "coordinates": [
          90.4311265,
          23.8504714
        ]
      }
    },
    {
      "type": "Feature",
      "properties": {
        "id": 2075,
        "predicted_prevalence": 0.0006267,
        "prediction_uncertainty": 0.7789198,
        "exceedance_probability": 0,
        "adaptively_selected": 0
      },
      "geometry": {
        "type": "Point",
        "coordinates": [
          90.4347735,
          23.8504714
        ]
      }
    },
    {
      "type": "Feature",
      "properties": {
        "id": 2076,
        "predicted_prevalence": 0.0006801,
        "prediction_uncertainty": 0.7789184,
        "exceedance_probability": 0,
        "adaptively_selected": 0
      },
      "geometry": {
        "type": "Point",
        "coordinates": [
          90.4384204,
          23.8504714
        ]
      }
    },
    {
      "type": "Feature",
      "properties": {
        "id": 2077,
        "predicted_prevalence": 0.0006468,
        "prediction_uncertainty": 0.7789192,
        "exceedance_probability": 0,
        "adaptively_selected": 0
      },
      "geometry": {
        "type": "Point",
        "coordinates": [
          90.4420673,
          23.8504714
        ]
      }
    },
    {
      "type": "Feature",
      "properties": {
        "id": 2078,
        "predicted_prevalence": 0.0005388,
        "prediction_uncertainty": 0.7789218,
        "exceedance_probability": 0,
        "adaptively_selected": 0
      },
      "geometry": {
        "type": "Point",
        "coordinates": [
          90.4457143,
          23.8504714
        ]
      }
    },
    {
      "type": "Feature",
      "properties": {
        "id": 2079,
        "predicted_prevalence": 0.0003931,
        "prediction_uncertainty": 0.7789246,
        "exceedance_probability": 0,
        "adaptively_selected": 0
      },
      "geometry": {
        "type": "Point",
        "coordinates": [
          90.4493612,
          23.8504714
        ]
      }
    },
    {
      "type": "Feature",
      "properties": {
        "id": 2080,
        "predicted_prevalence": 0.0002511,
        "prediction_uncertainty": 0.7789265,
        "exceedance_probability": 0,
        "adaptively_selected": 0
      },
      "geometry": {
        "type": "Point",
        "coordinates": [
          90.4530082,
          23.8504714
        ]
      }
    },
    {
      "type": "Feature",
      "properties": {
        "id": 2081,
        "predicted_prevalence": 0.0001404,
        "prediction_uncertainty": 0.7789274,
        "exceedance_probability": 0,
        "adaptively_selected": 0
      },
      "geometry": {
        "type": "Point",
        "coordinates": [
          90.4566551,
          23.8504714
        ]
      }
    },
    {
      "type": "Feature",
      "properties": {
        "id": 2082,
        "predicted_prevalence": 6.87e-05,
        "prediction_uncertainty": 0.7789277,
        "exceedance_probability": 0,
        "adaptively_selected": 0
      },
      "geometry": {
        "type": "Point",
        "coordinates": [
          90.460302,
          23.8504714
        ]
      }
    },
    {
      "type": "Feature",
      "properties": {
        "id": 2083,
        "predicted_prevalence": 2.95e-05,
        "prediction_uncertainty": 0.7789278,
        "exceedance_probability": 0,
        "adaptively_selected": 0
      },
      "geometry": {
        "type": "Point",
        "coordinates": [
          90.463949,
          23.8504714
        ]
      }
    },
    {
      "type": "Feature",
      "properties": {
        "id": 2084,
        "predicted_prevalence": 1.11e-05,
        "prediction_uncertainty": 0.7789278,
        "exceedance_probability": 0,
        "adaptively_selected": 0
      },
      "geometry": {
        "type": "Point",
        "coordinates": [
          90.4675959,
          23.8504714
        ]
      }
    },
    {
      "type": "Feature",
      "properties": {
        "id": 2085,
        "predicted_prevalence": 3.6336363e-06,
        "prediction_uncertainty": 0.7789278,
        "exceedance_probability": 0,
        "adaptively_selected": 0
      },
      "geometry": {
        "type": "Point",
        "coordinates": [
          90.4712429,
          23.8504714
        ]
      }
    },
    {
      "type": "Feature",
      "properties": {
        "id": 2086,
        "predicted_prevalence": 1.0451869e-06,
        "prediction_uncertainty": 0.7789278,
        "exceedance_probability": 0,
        "adaptively_selected": 0
      },
      "geometry": {
        "type": "Point",
        "coordinates": [
          90.4748898,
          23.8504714
        ]
      }
    },
    {
      "type": "Feature",
      "properties": {
        "id": 2087,
        "predicted_prevalence": 2.6320057e-07,
        "prediction_uncertainty": 0.7789278,
        "exceedance_probability": 0,
        "adaptively_selected": 0
      },
      "geometry": {
        "type": "Point",
        "coordinates": [
          90.4785367,
          23.8504714
        ]
      }
    },
    {
      "type": "Feature",
      "properties": {
        "id": 2088,
        "predicted_prevalence": 5.8025536e-08,
        "prediction_uncertainty": 0.7789278,
        "exceedance_probability": 0,
        "adaptively_selected": 0
      },
      "geometry": {
        "type": "Point",
        "coordinates": [
          90.4821837,
          23.8504714
        ]
      }
    },
    {
      "type": "Feature",
      "properties": {
        "id": 2089,
        "predicted_prevalence": 1.1199289e-08,
        "prediction_uncertainty": 0.7789278,
        "exceedance_probability": 0,
        "adaptively_selected": 0
      },
      "geometry": {
        "type": "Point",
        "coordinates": [
          90.4858306,
          23.8504714
        ]
      }
    },
    {
      "type": "Feature",
      "properties": {
        "id": 2090,
        "predicted_prevalence": 1.8923453e-09,
        "prediction_uncertainty": 0.7789278,
        "exceedance_probability": 0,
        "adaptively_selected": 0
      },
      "geometry": {
        "type": "Point",
        "coordinates": [
          90.4894776,
          23.8504714
        ]
      }
    },
    {
      "type": "Feature",
      "properties": {
        "id": 2091,
        "predicted_prevalence": 2.7992956e-10,
        "prediction_uncertainty": 0.7789278,
        "exceedance_probability": 0,
        "adaptively_selected": 0
      },
      "geometry": {
        "type": "Point",
        "coordinates": [
          90.4931245,
          23.8504714
        ]
      }
    },
    {
      "type": "Feature",
      "properties": {
        "id": 2092,
        "predicted_prevalence": 3.625229e-11,
        "prediction_uncertainty": 0.7789278,
        "exceedance_probability": 0,
        "adaptively_selected": 0
      },
      "geometry": {
        "type": "Point",
        "coordinates": [
          90.4967714,
          23.8504714
        ]
      }
    },
    {
      "type": "Feature",
      "properties": {
        "id": 2093,
        "predicted_prevalence": 4.1101756e-12,
        "prediction_uncertainty": 0.7789278,
        "exceedance_probability": 0,
        "adaptively_selected": 0
      },
      "geometry": {
        "type": "Point",
        "coordinates": [
          90.5004184,
          23.8504714
        ]
      }
    },
    {
      "type": "Feature",
      "properties": {
        "id": 2094,
        "predicted_prevalence": 4.0796556e-13,
        "prediction_uncertainty": 0.7789278,
        "exceedance_probability": 0,
        "adaptively_selected": 0
      },
      "geometry": {
        "type": "Point",
        "coordinates": [
          90.5040653,
          23.8504714
        ]
      }
    },
    {
      "type": "Feature",
      "properties": {
        "id": 2095,
        "predicted_prevalence": 3.5450699e-14,
        "prediction_uncertainty": 0.7789278,
        "exceedance_probability": 0,
        "adaptively_selected": 0
      },
      "geometry": {
        "type": "Point",
        "coordinates": [
          90.5077122,
          23.8504714
        ]
      }
    },
    {
      "type": "Feature",
      "properties": {
        "id": 2096,
        "predicted_prevalence": 2.6968964e-15,
        "prediction_uncertainty": 0.7789278,
        "exceedance_probability": 0,
        "adaptively_selected": 0
      },
      "geometry": {
        "type": "Point",
        "coordinates": [
          90.5113592,
          23.8504714
        ]
      }
    },
    {
      "type": "Feature",
      "properties": {
        "id": 2097,
        "predicted_prevalence": 1.796147e-16,
        "prediction_uncertainty": 0.7789278,
        "exceedance_probability": 0,
        "adaptively_selected": 0
      },
      "geometry": {
        "type": "Point",
        "coordinates": [
          90.5150061,
          23.8504714
        ]
      }
    },
    {
      "type": "Feature",
      "properties": {
        "id": 2098,
        "predicted_prevalence": 1.0472674e-17,
        "prediction_uncertainty": 0.7789278,
        "exceedance_probability": 0,
        "adaptively_selected": 0
      },
      "geometry": {
        "type": "Point",
        "coordinates": [
          90.5186531,
          23.8504714
        ]
      }
    },
    {
      "type": "Feature",
      "properties": {
        "id": 2099,
        "predicted_prevalence": 5.3457849e-19,
        "prediction_uncertainty": 0.7789278,
        "exceedance_probability": 0,
        "adaptively_selected": 0
      },
      "geometry": {
        "type": "Point",
        "coordinates": [
          90.5223,
          23.8504714
        ]
      }
    },
    {
      "type": "Feature",
      "properties": {
        "id": 2100,
        "predicted_prevalence": 0.0009555,
        "prediction_uncertainty": 0.7789205,
        "exceedance_probability": 0,
        "adaptively_selected": 0
      },
      "geometry": {
        "type": "Point",
        "coordinates": [
          90.3436,
          23.8549
        ]
      }
    },
    {
      "type": "Feature",
      "properties": {
        "id": 2101,
        "predicted_prevalence": 0.0027612,
        "prediction_uncertainty": 0.7788631,
        "exceedance_probability": 0,
        "adaptively_selected": 0
      },
      "geometry": {
        "type": "Point",
        "coordinates": [
          90.3472469,
          23.8549
        ]
      }
    },
    {
      "type": "Feature",
      "properties": {
        "id": 2102,
        "predicted_prevalence": 0.0070756,
        "prediction_uncertainty": 0.7784817,
        "exceedance_probability": 0,
        "adaptively_selected": 0
      },
      "geometry": {
        "type": "Point",
        "coordinates": [
          90.3508939,
          23.8549
        ]
      }
    },
    {
      "type": "Feature",
      "properties": {
        "id": 2103,
        "predicted_prevalence": 0.0160293,
        "prediction_uncertainty": 0.7765595,
        "exceedance_probability": 0,
        "adaptively_selected": 0
      },
      "geometry": {
        "type": "Point",
        "coordinates": [
          90.3545408,
          23.8549
        ]
      }
    },
    {
      "type": "Feature",
      "properties": {
        "id": 2104,
        "predicted_prevalence": 0.032029,
        "prediction_uncertainty": 0.7692399,
        "exceedance_probability": 0,
        "adaptively_selected": 0
      },
      "geometry": {
        "type": "Point",
        "coordinates": [
          90.3581878,
          23.8549
        ]
      }
    },
    {
      "type": "Feature",
      "properties": {
        "id": 2105,
        "predicted_prevalence": 0.0563491,
        "prediction_uncertainty": 0.748254,
        "exceedance_probability": 0,
        "adaptively_selected": 0
      },
      "geometry": {
        "type": "Point",
        "coordinates": [
          90.3618347,
          23.8549
        ]
      }
    },
    {
      "type": "Feature",
      "properties": {
        "id": 2106,
        "predicted_prevalence": 0.0871768,
        "prediction_uncertainty": 0.7032235,
        "exceedance_probability": 0,
        "adaptively_selected": 0
      },
      "geometry": {
        "type": "Point",
        "coordinates": [
          90.3654816,
          23.8549
        ]
      }
    },
    {
      "type": "Feature",
      "properties": {
        "id": 2107,
        "predicted_prevalence": 0.118497,
        "prediction_uncertainty": 0.6329402,
        "exceedance_probability": 0,
        "adaptively_selected": 0
      },
      "geometry": {
        "type": "Point",
        "coordinates": [
          90.3691286,
          23.8549
        ]
      }
    },
    {
      "type": "Feature",
      "properties": {
        "id": 2108,
        "predicted_prevalence": 0.141435,
        "prediction_uncertainty": 0.562422,
        "exceedance_probability": 0,
        "adaptively_selected": 0
      },
      "geometry": {
        "type": "Point",
        "coordinates": [
          90.3727755,
          23.8549
        ]
      }
    },
    {
      "type": "Feature",
      "properties": {
        "id": 2109,
        "predicted_prevalence": 0.1481824,
        "prediction_uncertainty": 0.5411137,
        "exceedance_probability": 0,
        "adaptively_selected": 0
      },
      "geometry": {
        "type": "Point",
        "coordinates": [
          90.3764224,
          23.8549
        ]
      }
    },
    {
      "type": "Feature",
      "properties": {
        "id": 2110,
        "predicted_prevalence": 0.1362542,
        "prediction_uncertainty": 0.5884687,
        "exceedance_probability": 0,
        "adaptively_selected": 0
      },
      "geometry": {
        "type": "Point",
        "coordinates": [
          90.3800694,
          23.8549
        ]
      }
    },
    {
      "type": "Feature",
      "properties": {
        "id": 2111,
        "predicted_prevalence": 0.1099511,
        "prediction_uncertainty": 0.6639596,
        "exceedance_probability": 0,
        "adaptively_selected": 0
      },
      "geometry": {
        "type": "Point",
        "coordinates": [
          90.3837163,
          23.8549
        ]
      }
    },
    {
      "type": "Feature",
      "properties": {
        "id": 2112,
        "predicted_prevalence": 0.0778735,
        "prediction_uncertainty": 0.7249535,
        "exceedance_probability": 0,
        "adaptively_selected": 0
      },
      "geometry": {
        "type": "Point",
        "coordinates": [
          90.3873633,
          23.8549
        ]
      }
    },
    {
      "type": "Feature",
      "properties": {
        "id": 2113,
        "predicted_prevalence": 0.048421,
        "prediction_uncertainty": 0.759076,
        "exceedance_probability": 0,
        "adaptively_selected": 0
      },
      "geometry": {
        "type": "Point",
        "coordinates": [
          90.3910102,
          23.8549
        ]
      }
    },
    {
      "type": "Feature",
      "properties": {
        "id": 2114,
        "predicted_prevalence": 0.0264459,
        "prediction_uncertainty": 0.7732353,
        "exceedance_probability": 0,
        "adaptively_selected": 0
      },
      "geometry": {
        "type": "Point",
        "coordinates": [
          90.3946571,
          23.8549
        ]
      }
    },
    {
      "type": "Feature",
      "properties": {
        "id": 2115,
        "predicted_prevalence": 0.0126997,
        "prediction_uncertainty": 0.7776627,
        "exceedance_probability": 0,
        "adaptively_selected": 0
      },
      "geometry": {
        "type": "Point",
        "coordinates": [
          90.3983041,
          23.8549
        ]
      }
    },
    {
      "type": "Feature",
      "properties": {
        "id": 2116,
        "predicted_prevalence": 0.0053725,
        "prediction_uncertainty": 0.7787105,
        "exceedance_probability": 0,
        "adaptively_selected": 0
      },
      "geometry": {
        "type": "Point",
        "coordinates": [
          90.401951,
          23.8549
        ]
      }
    },
    {
      "type": "Feature",
      "properties": {
        "id": 2117,
        "predicted_prevalence": 0.0020101,
        "prediction_uncertainty": 0.7788989,
        "exceedance_probability": 0,
        "adaptively_selected": 0
      },
      "geometry": {
        "type": "Point",
        "coordinates": [
          90.405598,
          23.8549
        ]
      }
    },
    {
      "type": "Feature",
      "properties": {
        "id": 2118,
        "predicted_prevalence": 0.0006712,
        "prediction_uncertainty": 0.7789248,
        "exceedance_probability": 0,
        "adaptively_selected": 0
      },
      "geometry": {
        "type": "Point",
        "coordinates": [
          90.4092449,
          23.8549
        ]
      }
    },
    {
      "type": "Feature",
      "properties": {
        "id": 2119,
        "predicted_prevalence": 0.0002063,
        "prediction_uncertainty": 0.7789275,
        "exceedance_probability": 0,
        "adaptively_selected": 0
      },
      "geometry": {
        "type": "Point",
        "coordinates": [
          90.4128918,
          23.8549
        ]
      }
    },
    {
      "type": "Feature",
      "properties": {
        "id": 2120,
        "predicted_prevalence": 6.81e-05,
        "prediction_uncertainty": 0.7789278,
        "exceedance_probability": 0,
        "adaptively_selected": 0
      },
      "geometry": {
        "type": "Point",
        "coordinates": [
          90.4165388,
          23.8549
        ]
      }
    },
    {
      "type": "Feature",
      "properties": {
        "id": 2121,
        "predicted_prevalence": 4.04e-05,
        "prediction_uncertainty": 0.7789278,
        "exceedance_probability": 0,
        "adaptively_selected": 0
      },
      "geometry": {
        "type": "Point",
        "coordinates": [
          90.4201857,
          23.8549
        ]
      }
    },
    {
      "type": "Feature",
      "properties": {
        "id": 2122,
        "predicted_prevalence": 5.09e-05,
        "prediction_uncertainty": 0.7789277,
        "exceedance_probability": 0,
        "adaptively_selected": 0
      },
      "geometry": {
        "type": "Point",
        "coordinates": [
          90.4238327,
          23.8549
        ]
      }
    },
    {
      "type": "Feature",
      "properties": {
        "id": 2123,
        "predicted_prevalence": 7.7e-05,
        "prediction_uncertainty": 0.7789277,
        "exceedance_probability": 0,
        "adaptively_selected": 0
      },
      "geometry": {
        "type": "Point",
        "coordinates": [
          90.4274796,
          23.8549
        ]
      }
    },
    {
      "type": "Feature",
      "properties": {
        "id": 2124,
        "predicted_prevalence": 0.0001078,
        "prediction_uncertainty": 0.7789276,
        "exceedance_probability": 0,
        "adaptively_selected": 0
      },
      "geometry": {
        "type": "Point",
        "coordinates": [
          90.4311265,
          23.8549
        ]
      }
    },
    {
      "type": "Feature",
      "properties": {
        "id": 2125,
        "predicted_prevalence": 0.0001334,
        "prediction_uncertainty": 0.7789274,
        "exceedance_probability": 0,
        "adaptively_selected": 0
      },
      "geometry": {
        "type": "Point",
        "coordinates": [
          90.4347735,
          23.8549
        ]
      }
    },
    {
      "type": "Feature",
      "properties": {
        "id": 2126,
        "predicted_prevalence": 0.0001449,
        "prediction_uncertainty": 0.7789274,
        "exceedance_probability": 0,
        "adaptively_selected": 0
      },
      "geometry": {
        "type": "Point",
        "coordinates": [
          90.4384204,
          23.8549
        ]
      }
    },
    {
      "type": "Feature",
      "properties": {
        "id": 2127,
        "predicted_prevalence": 0.0001379,
        "prediction_uncertainty": 0.7789274,
        "exceedance_probability": 0,
        "adaptively_selected": 0
      },
      "geometry": {
        "type": "Point",
        "coordinates": [
          90.4420673,
          23.8549
        ]
      }
    },
    {
      "type": "Feature",
      "properties": {
        "id": 2128,
        "predicted_prevalence": 0.0001149,
        "prediction_uncertainty": 0.7789275,
        "exceedance_probability": 0,
        "adaptively_selected": 0
      },
      "geometry": {
        "type": "Point",
        "coordinates": [
          90.4457143,
          23.8549
        ]
      }
    },
    {
      "type": "Feature",
      "properties": {
        "id": 2129,
        "predicted_prevalence": 8.38e-05,
        "prediction_uncertainty": 0.7789276,
        "exceedance_probability": 0,
        "adaptively_selected": 0
      },
      "geometry": {
        "type": "Point",
        "coordinates": [
          90.4493612,
          23.8549
        ]
      }
    },
    {
      "type": "Feature",
      "properties": {
        "id": 2130,
        "predicted_prevalence": 5.35e-05,
        "prediction_uncertainty": 0.7789277,
        "exceedance_probability": 0,
        "adaptively_selected": 0
      },
      "geometry": {
        "type": "Point",
        "coordinates": [
          90.4530082,
          23.8549
        ]
      }
    },
    {
      "type": "Feature",
      "properties": {
        "id": 2131,
        "predicted_prevalence": 2.99e-05,
        "prediction_uncertainty": 0.7789278,
        "exceedance_probability": 0,
        "adaptively_selected": 0
      },
      "geometry": {
        "type": "Point",
        "coordinates": [
          90.4566551,
          23.8549
        ]
      }
    },
    {
      "type": "Feature",
      "properties": {
        "id": 2132,
        "predicted_prevalence": 1.47e-05,
        "prediction_uncertainty": 0.7789278,
        "exceedance_probability": 0,
        "adaptively_selected": 0
      },
      "geometry": {
        "type": "Point",
        "coordinates": [
          90.460302,
          23.8549
        ]
      }
    },
    {
      "type": "Feature",
      "properties": {
        "id": 2133,
        "predicted_prevalence": 6.2862316e-06,
        "prediction_uncertainty": 0.7789278,
        "exceedance_probability": 0,
        "adaptively_selected": 0
      },
      "geometry": {
        "type": "Point",
        "coordinates": [
          90.463949,
          23.8549
        ]
      }
    },
    {
      "type": "Feature",
      "properties": {
        "id": 2134,
        "predicted_prevalence": 2.3591904e-06,
        "prediction_uncertainty": 0.7789278,
        "exceedance_probability": 0,
        "adaptively_selected": 0
      },
      "geometry": {
        "type": "Point",
        "coordinates": [
          90.4675959,
          23.8549
        ]
      }
    },
    {
      "type": "Feature",
      "properties": {
        "id": 2135,
        "predicted_prevalence": 7.7513504e-07,
        "prediction_uncertainty": 0.7789278,
        "exceedance_probability": 0,
        "adaptively_selected": 0
      },
      "geometry": {
        "type": "Point",
        "coordinates": [
          90.4712429,
          23.8549
        ]
      }
    },
    {
      "type": "Feature",
      "properties": {
        "id": 2136,
        "predicted_prevalence": 2.2296264e-07,
        "prediction_uncertainty": 0.7789278,
        "exceedance_probability": 0,
        "adaptively_selected": 0
      },
      "geometry": {
        "type": "Point",
        "coordinates": [
          90.4748898,
          23.8549
        ]
      }
    },
    {
      "type": "Feature",
      "properties": {
        "id": 2137,
        "predicted_prevalence": 5.6146968e-08,
        "prediction_uncertainty": 0.7789278,
        "exceedance_probability": 0,
        "adaptively_selected": 0
      },
      "geometry": {
        "type": "Point",
        "coordinates": [
          90.4785367,
          23.8549
        ]
      }
    },
    {
      "type": "Feature",
      "properties": {
        "id": 2138,
        "predicted_prevalence": 1.2378256e-08,
        "prediction_uncertainty": 0.7789278,
        "exceedance_probability": 0,
        "adaptively_selected": 0
      },
      "geometry": {
        "type": "Point",
        "coordinates": [
          90.4821837,
          23.8549
        ]
      }
    },
    {
      "type": "Feature",
      "properties": {
        "id": 2139,
        "predicted_prevalence": 2.3890832e-09,
        "prediction_uncertainty": 0.7789278,
        "exceedance_probability": 0,
        "adaptively_selected": 0
      },
      "geometry": {
        "type": "Point",
        "coordinates": [
          90.4858306,
          23.8549
        ]
      }
    },
    {
      "type": "Feature",
      "properties": {
        "id": 2140,
        "predicted_prevalence": 4.0368398e-10,
        "prediction_uncertainty": 0.7789278,
        "exceedance_probability": 0,
        "adaptively_selected": 0
      },
      "geometry": {
        "type": "Point",
        "coordinates": [
          90.4894776,
          23.8549
        ]
      }
    },
    {
      "type": "Feature",
      "properties": {
        "id": 2141,
        "predicted_prevalence": 5.9715913e-11,
        "prediction_uncertainty": 0.7789278,
        "exceedance_probability": 0,
        "adaptively_selected": 0
      },
      "geometry": {
        "type": "Point",
        "coordinates": [
          90.4931245,
          23.8549
        ]
      }
    },
    {
      "type": "Feature",
      "properties": {
        "id": 2142,
        "predicted_prevalence": 7.733514e-12,
        "prediction_uncertainty": 0.7789278,
        "exceedance_probability": 0,
        "adaptively_selected": 1
      },
      "geometry": {
        "type": "Point",
        "coordinates": [
          90.4967714,
          23.8549
        ]
      }
    },
    {
      "type": "Feature",
      "properties": {
        "id": 2143,
        "predicted_prevalence": 8.768027e-13,
        "prediction_uncertainty": 0.7789278,
        "exceedance_probability": 0,
        "adaptively_selected": 0
      },
      "geometry": {
        "type": "Point",
        "coordinates": [
          90.5004184,
          23.8549
        ]
      }
    },
    {
      "type": "Feature",
      "properties": {
        "id": 2144,
        "predicted_prevalence": 8.7029212e-14,
        "prediction_uncertainty": 0.7789278,
        "exceedance_probability": 0,
        "adaptively_selected": 0
      },
      "geometry": {
        "type": "Point",
        "coordinates": [
          90.5040653,
          23.8549
        ]
      }
    },
    {
      "type": "Feature",
      "properties": {
        "id": 2145,
        "predicted_prevalence": 7.5625173e-15,
        "prediction_uncertainty": 0.7789278,
        "exceedance_probability": 0,
        "adaptively_selected": 0
      },
      "geometry": {
        "type": "Point",
        "coordinates": [
          90.5077122,
          23.8549
        ]
      }
    },
    {
      "type": "Feature",
      "properties": {
        "id": 2146,
        "predicted_prevalence": 5.7531521e-16,
        "prediction_uncertainty": 0.7789278,
        "exceedance_probability": 0,
        "adaptively_selected": 0
      },
      "geometry": {
        "type": "Point",
        "coordinates": [
          90.5113592,
          23.8549
        ]
      }
    },
    {
      "type": "Feature",
      "properties": {
        "id": 2147,
        "predicted_prevalence": 3.8316291e-17,
        "prediction_uncertainty": 0.7789278,
        "exceedance_probability": 0,
        "adaptively_selected": 0
      },
      "geometry": {
        "type": "Point",
        "coordinates": [
          90.5150061,
          23.8549
        ]
      }
    },
    {
      "type": "Feature",
      "properties": {
        "id": 2148,
        "predicted_prevalence": 2.2340825e-18,
        "prediction_uncertainty": 0.7789278,
        "exceedance_probability": 0,
        "adaptively_selected": 0
      },
      "geometry": {
        "type": "Point",
        "coordinates": [
          90.5186531,
          23.8549
        ]
      }
    },
    {
      "type": "Feature",
      "properties": {
        "id": 2149,
        "predicted_prevalence": 1.1403892e-19,
        "prediction_uncertainty": 0.7789278,
        "exceedance_probability": 0,
        "adaptively_selected": 0
      },
      "geometry": {
        "type": "Point",
        "coordinates": [
          90.5223,
          23.8549
        ]
      }
    },
    {
      "type": "Feature",
      "properties": {
        "id": 2150,
        "predicted_prevalence": 0.0005956,
        "prediction_uncertainty": 0.7789249,
        "exceedance_probability": 0,
        "adaptively_selected": 0
      },
      "geometry": {
        "type": "Point",
        "coordinates": [
          90.3436,
          23.8593286
        ]
      }
    },
    {
      "type": "Feature",
      "properties": {
        "id": 2151,
        "predicted_prevalence": 0.0017884,
        "prediction_uncertainty": 0.7789015,
        "exceedance_probability": 0,
        "adaptively_selected": 0
      },
      "geometry": {
        "type": "Point",
        "coordinates": [
          90.3472469,
          23.8593286
        ]
      }
    },
    {
      "type": "Feature",
      "properties": {
        "id": 2152,
        "predicted_prevalence": 0.0047343,
        "prediction_uncertainty": 0.7787438,
        "exceedance_probability": 0,
        "adaptively_selected": 0
      },
      "geometry": {
        "type": "Point",
        "coordinates": [
          90.3508939,
          23.8593286
        ]
      }
    },
    {
      "type": "Feature",
      "properties": {
        "id": 2153,
        "predicted_prevalence": 0.0110345,
        "prediction_uncertainty": 0.7779381,
        "exceedance_probability": 0,
        "adaptively_selected": 0
      },
      "geometry": {
        "type": "Point",
        "coordinates": [
          90.3545408,
          23.8593286
        ]
      }
    },
    {
      "type": "Feature",
      "properties": {
        "id": 2154,
        "predicted_prevalence": 0.0226254,
        "prediction_uncertainty": 0.7748259,
        "exceedance_probability": 0,
        "adaptively_selected": 0
      },
      "geometry": {
        "type": "Point",
        "coordinates": [
          90.3581878,
          23.8593286
        ]
      }
    },
    {
      "type": "Feature",
      "properties": {
        "id": 2155,
        "predicted_prevalence": 0.0407894,
        "prediction_uncertainty": 0.7657878,
        "exceedance_probability": 0,
        "adaptively_selected": 0
      },
      "geometry": {
        "type": "Point",
        "coordinates": [
          90.3618347,
          23.8593286
        ]
      }
    },
    {
      "type": "Feature",
      "properties": {
        "id": 2156,
        "predicted_prevalence": 0.064635,
        "prediction_uncertainty": 0.7462571,
        "exceedance_probability": 0,
        "adaptively_selected": 0
      },
      "geometry": {
        "type": "Point",
        "coordinates": [
          90.3654816,
          23.8593286
        ]
      }
    },
    {
      "type": "Feature",
      "properties": {
        "id": 2157,
        "predicted_prevalence": 0.0900089,
        "prediction_uncertainty": 0.7157564,
        "exceedance_probability": 0,
        "adaptively_selected": 0
      },
      "geometry": {
        "type": "Point",
        "coordinates": [
          90.3691286,
          23.8593286
        ]
      }
    },
    {
      "type": "Feature",
      "properties": {
        "id": 2158,
        "predicted_prevalence": 0.1101492,
        "prediction_uncertainty": 0.6844022,
        "exceedance_probability": 0,
        "adaptively_selected": 0
      },
      "geometry": {
        "type": "Point",
        "coordinates": [
          90.3727755,
          23.8593286
        ]
      }
    },
    {
      "type": "Feature",
      "properties": {
        "id": 2159,
        "predicted_prevalence": 0.1184585,
        "prediction_uncertainty": 0.6706746,
        "exceedance_probability": 0,
        "adaptively_selected": 0
      },
      "geometry": {
        "type": "Point",
        "coordinates": [
          90.3764224,
          23.8593286
        ]
      }
    },
    {
      "type": "Feature",
      "properties": {
        "id": 2160,
        "predicted_prevalence": 0.1119628,
        "prediction_uncertainty": 0.6845543,
        "exceedance_probability": 0,
        "adaptively_selected": 0
      },
      "geometry": {
        "type": "Point",
        "coordinates": [
          90.3800694,
          23.8593286
        ]
      }
    },
    {
      "type": "Feature",
      "properties": {
        "id": 2161,
        "predicted_prevalence": 0.0930138,
        "prediction_uncertainty": 0.7157234,
        "exceedance_probability": 0,
        "adaptively_selected": 0
      },
      "geometry": {
        "type": "Point",
        "coordinates": [
          90.3837163,
          23.8593286
        ]
      }
    },
    {
      "type": "Feature",
      "properties": {
        "id": 2162,
        "predicted_prevalence": 0.0679264,
        "prediction_uncertainty": 0.7459462,
        "exceedance_probability": 0,
        "adaptively_selected": 0
      },
      "geometry": {
        "type": "Point",
        "coordinates": [
          90.3873633,
          23.8593286
        ]
      }
    },
    {
      "type": "Feature",
      "properties": {
        "id": 2163,
        "predicted_prevalence": 0.0436117,
        "prediction_uncertainty": 0.7654176,
        "exceedance_probability": 0,
        "adaptively_selected": 0
      },
      "geometry": {
        "type": "Point",
        "coordinates": [
          90.3910102,
          23.8593286
        ]
      }
    },
    {
      "type": "Feature",
      "properties": {
        "id": 2164,
        "predicted_prevalence": 0.0246208,
        "prediction_uncertainty": 0.774583,
        "exceedance_probability": 0,
        "adaptively_selected": 0
      },
      "geometry": {
        "type": "Point",
        "coordinates": [
          90.3946571,
          23.8593286
        ]
      }
    },
    {
      "type": "Feature",
      "properties": {
        "id": 2165,
        "predicted_prevalence": 0.012224,
        "prediction_uncertainty": 0.7778339,
        "exceedance_probability": 0,
        "adaptively_selected": 0
      },
      "geometry": {
        "type": "Point",
        "coordinates": [
          90.3983041,
          23.8593286
        ]
      }
    },
    {
      "type": "Feature",
      "properties": {
        "id": 2166,
        "predicted_prevalence": 0.005339,
        "prediction_uncertainty": 0.7787128,
        "exceedance_probability": 0,
        "adaptively_selected": 0
      },
      "geometry": {
        "type": "Point",
        "coordinates": [
          90.401951,
          23.8593286
        ]
      }
    },
    {
      "type": "Feature",
      "properties": {
        "id": 2167,
        "predicted_prevalence": 0.0020524,
        "prediction_uncertainty": 0.7788949,
        "exceedance_probability": 0,
        "adaptively_selected": 1
      },
      "geometry": {
        "type": "Point",
        "coordinates": [
          90.405598,
          23.8593286
        ]
      }
    },
    {
      "type": "Feature",
      "properties": {
        "id": 2168,
        "predicted_prevalence": 0.0006953,
        "prediction_uncertainty": 0.7789239,
        "exceedance_probability": 0,
        "adaptively_selected": 0
      },
      "geometry": {
        "type": "Point",
        "coordinates": [
          90.4092449,
          23.8593286
        ]
      }
    },
    {
      "type": "Feature",
      "properties": {
        "id": 2169,
        "predicted_prevalence": 0.0002086,
        "prediction_uncertainty": 0.7789274,
        "exceedance_probability": 0,
        "adaptively_selected": 0
      },
      "geometry": {
        "type": "Point",
        "coordinates": [
          90.4128918,
          23.8593286
        ]
      }
    },
    {
      "type": "Feature",
      "properties": {
        "id": 2170,
        "predicted_prevalence": 5.71e-05,
        "prediction_uncertainty": 0.7789278,
        "exceedance_probability": 0,
        "adaptively_selected": 0
      },
      "geometry": {
        "type": "Point",
        "coordinates": [
          90.4165388,
          23.8593286
        ]
      }
    },
    {
      "type": "Feature",
      "properties": {
        "id": 2171,
        "predicted_prevalence": 1.74e-05,
        "prediction_uncertainty": 0.7789278,
        "exceedance_probability": 0,
        "adaptively_selected": 0
      },
      "geometry": {
        "type": "Point",
        "coordinates": [
          90.4201857,
          23.8593286
        ]
      }
    },
    {
      "type": "Feature",
      "properties": {
        "id": 2172,
        "predicted_prevalence": 1.1e-05,
        "prediction_uncertainty": 0.7789278,
        "exceedance_probability": 0,
        "adaptively_selected": 0
      },
      "geometry": {
        "type": "Point",
        "coordinates": [
          90.4238327,
          23.8593286
        ]
      }
    },
    {
      "type": "Feature",
      "properties": {
        "id": 2173,
        "predicted_prevalence": 1.38e-05,
        "prediction_uncertainty": 0.7789278,
        "exceedance_probability": 0,
        "adaptively_selected": 0
      },
      "geometry": {
        "type": "Point",
        "coordinates": [
          90.4274796,
          23.8593286
        ]
      }
    },
    {
      "type": "Feature",
      "properties": {
        "id": 2174,
        "predicted_prevalence": 1.89e-05,
        "prediction_uncertainty": 0.7789278,
        "exceedance_probability": 0,
        "adaptively_selected": 0
      },
      "geometry": {
        "type": "Point",
        "coordinates": [
          90.4311265,
          23.8593286
        ]
      }
    },
    {
      "type": "Feature",
      "properties": {
        "id": 2175,
        "predicted_prevalence": 2.34e-05,
        "prediction_uncertainty": 0.7789278,
        "exceedance_probability": 0,
        "adaptively_selected": 0
      },
      "geometry": {
        "type": "Point",
        "coordinates": [
          90.4347735,
          23.8593286
        ]
      }
    },
    {
      "type": "Feature",
      "properties": {
        "id": 2176,
        "predicted_prevalence": 2.54e-05,
        "prediction_uncertainty": 0.7789278,
        "exceedance_probability": 0,
        "adaptively_selected": 0
      },
      "geometry": {
        "type": "Point",
        "coordinates": [
          90.4384204,
          23.8593286
        ]
      }
    },
    {
      "type": "Feature",
      "properties": {
        "id": 2177,
        "predicted_prevalence": 2.42e-05,
        "prediction_uncertainty": 0.7789278,
        "exceedance_probability": 0,
        "adaptively_selected": 0
      },
      "geometry": {
        "type": "Point",
        "coordinates": [
          90.4420673,
          23.8593286
        ]
      }
    },
    {
      "type": "Feature",
      "properties": {
        "id": 2178,
        "predicted_prevalence": 2.01e-05,
        "prediction_uncertainty": 0.7789278,
        "exceedance_probability": 0,
        "adaptively_selected": 0
      },
      "geometry": {
        "type": "Point",
        "coordinates": [
          90.4457143,
          23.8593286
        ]
      }
    },
    {
      "type": "Feature",
      "properties": {
        "id": 2179,
        "predicted_prevalence": 1.47e-05,
        "prediction_uncertainty": 0.7789278,
        "exceedance_probability": 0,
        "adaptively_selected": 0
      },
      "geometry": {
        "type": "Point",
        "coordinates": [
          90.4493612,
          23.8593286
        ]
      }
    },
    {
      "type": "Feature",
      "properties": {
        "id": 2180,
        "predicted_prevalence": 9.3881581e-06,
        "prediction_uncertainty": 0.7789278,
        "exceedance_probability": 0,
        "adaptively_selected": 0
      },
      "geometry": {
        "type": "Point",
        "coordinates": [
          90.4530082,
          23.8593286
        ]
      }
    },
    {
      "type": "Feature",
      "properties": {
        "id": 2181,
        "predicted_prevalence": 5.2507687e-06,
        "prediction_uncertainty": 0.7789278,
        "exceedance_probability": 0,
        "adaptively_selected": 0
      },
      "geometry": {
        "type": "Point",
        "coordinates": [
          90.4566551,
          23.8593286
        ]
      }
    },
    {
      "type": "Feature",
      "properties": {
        "id": 2182,
        "predicted_prevalence": 2.5710664e-06,
        "prediction_uncertainty": 0.7789278,
        "exceedance_probability": 0,
        "adaptively_selected": 0
      },
      "geometry": {
        "type": "Point",
        "coordinates": [
          90.460302,
          23.8593286
        ]
      }
    },
    {
      "type": "Feature",
      "properties": {
        "id": 2183,
        "predicted_prevalence": 1.1021679e-06,
        "prediction_uncertainty": 0.7789278,
        "exceedance_probability": 0,
        "adaptively_selected": 0
      },
      "geometry": {
        "type": "Point",
        "coordinates": [
          90.463949,
          23.8593286
        ]
      }
    },
    {
      "type": "Feature",
      "properties": {
        "id": 2184,
        "predicted_prevalence": 4.1364141e-07,
        "prediction_uncertainty": 0.7789278,
        "exceedance_probability": 0,
        "adaptively_selected": 0
      },
      "geometry": {
        "type": "Point",
        "coordinates": [
          90.4675959,
          23.8593286
        ]
      }
    },
    {
      "type": "Feature",
      "properties": {
        "id": 2185,
        "predicted_prevalence": 1.3590662e-07,
        "prediction_uncertainty": 0.7789278,
        "exceedance_probability": 0,
        "adaptively_selected": 0
      },
      "geometry": {
        "type": "Point",
        "coordinates": [
          90.4712429,
          23.8593286
        ]
      }
    },
    {
      "type": "Feature",
      "properties": {
        "id": 2186,
        "predicted_prevalence": 3.9092791e-08,
        "prediction_uncertainty": 0.7789278,
        "exceedance_probability": 0,
        "adaptively_selected": 0
      },
      "geometry": {
        "type": "Point",
        "coordinates": [
          90.4748898,
          23.8593286
        ]
      }
    },
    {
      "type": "Feature",
      "properties": {
        "id": 2187,
        "predicted_prevalence": 9.844456e-09,
        "prediction_uncertainty": 0.7789278,
        "exceedance_probability": 0,
        "adaptively_selected": 0
      },
      "geometry": {
        "type": "Point",
        "coordinates": [
          90.4785367,
          23.8593286
        ]
      }
    },
    {
      "type": "Feature",
      "properties": {
        "id": 2188,
        "predicted_prevalence": 2.1703281e-09,
        "prediction_uncertainty": 0.7789278,
        "exceedance_probability": 0,
        "adaptively_selected": 0
      },
      "geometry": {
        "type": "Point",
        "coordinates": [
          90.4821837,
          23.8593286
        ]
      }
    },
    {
      "type": "Feature",
      "properties": {
        "id": 2189,
        "predicted_prevalence": 4.188876e-10,
        "prediction_uncertainty": 0.7789278,
        "exceedance_probability": 0,
        "adaptively_selected": 0
      },
      "geometry": {
        "type": "Point",
        "coordinates": [
          90.4858306,
          23.8593286
        ]
      }
    },
    {
      "type": "Feature",
      "properties": {
        "id": 2190,
        "predicted_prevalence": 7.0779573e-11,
        "prediction_uncertainty": 0.7789278,
        "exceedance_probability": 0,
        "adaptively_selected": 0
      },
      "geometry": {
        "type": "Point",
        "coordinates": [
          90.4894776,
          23.8593286
        ]
      }
    },
    {
      "type": "Feature",
      "properties": {
        "id": 2191,
        "predicted_prevalence": 1.0470239e-11,
        "prediction_uncertainty": 0.7789278,
        "exceedance_probability": 0,
        "adaptively_selected": 0
      },
      "geometry": {
        "type": "Point",
        "coordinates": [
          90.4931245,
          23.8593286
        ]
      }
    },
    {
      "type": "Feature",
      "properties": {
        "id": 2192,
        "predicted_prevalence": 1.3559494e-12,
        "prediction_uncertainty": 0.7789278,
        "exceedance_probability": 0,
        "adaptively_selected": 0
      },
      "geometry": {
        "type": "Point",
        "coordinates": [
          90.4967714,
          23.8593286
        ]
      }
    },
    {
      "type": "Feature",
      "properties": {
        "id": 2193,
        "predicted_prevalence": 1.537335e-13,
        "prediction_uncertainty": 0.7789278,
        "exceedance_probability": 0,
        "adaptively_selected": 0
      },
      "geometry": {
        "type": "Point",
        "coordinates": [
          90.5004184,
          23.8593286
        ]
      }
    },
    {
      "type": "Feature",
      "properties": {
        "id": 2194,
        "predicted_prevalence": 1.5259199e-14,
        "prediction_uncertainty": 0.7789278,
        "exceedance_probability": 0,
        "adaptively_selected": 0
      },
      "geometry": {
        "type": "Point",
        "coordinates": [
          90.5040653,
          23.8593286
        ]
      }
    },
    {
      "type": "Feature",
      "properties": {
        "id": 2195,
        "predicted_prevalence": 1.3259681e-15,
        "prediction_uncertainty": 0.7789278,
        "exceedance_probability": 0,
        "adaptively_selected": 0
      },
      "geometry": {
        "type": "Point",
        "coordinates": [
          90.5077122,
          23.8593286
        ]
      }
    },
    {
      "type": "Feature",
      "properties": {
        "id": 2196,
        "predicted_prevalence": 1.0087245e-16,
        "prediction_uncertainty": 0.7789278,
        "exceedance_probability": 0,
        "adaptively_selected": 0
      },
      "geometry": {
        "type": "Point",
        "coordinates": [
          90.5113592,
          23.8593286
        ]
      }
    },
    {
      "type": "Feature",
      "properties": {
        "id": 2197,
        "predicted_prevalence": 6.7181574e-18,
        "prediction_uncertainty": 0.7789278,
        "exceedance_probability": 0,
        "adaptively_selected": 1
      },
      "geometry": {
        "type": "Point",
        "coordinates": [
          90.5150061,
          23.8593286
        ]
      }
    },
    {
      "type": "Feature",
      "properties": {
        "id": 2198,
        "predicted_prevalence": 3.9171114e-19,
        "prediction_uncertainty": 0.7789278,
        "exceedance_probability": 0,
        "adaptively_selected": 0
      },
      "geometry": {
        "type": "Point",
        "coordinates": [
          90.5186531,
          23.8593286
        ]
      }
    },
    {
      "type": "Feature",
      "properties": {
        "id": 2199,
        "predicted_prevalence": 1.9994926e-20,
        "prediction_uncertainty": 0.7789278,
        "exceedance_probability": 0,
        "adaptively_selected": 0
      },
      "geometry": {
        "type": "Point",
        "coordinates": [
          90.5223,
          23.8593286
        ]
      }
    },
    {
      "type": "Feature",
      "properties": {
        "id": 2200,
        "predicted_prevalence": 0.0003865,
        "prediction_uncertainty": 0.7789268,
        "exceedance_probability": 0,
        "adaptively_selected": 0
      },
      "geometry": {
        "type": "Point",
        "coordinates": [
          90.3436,
          23.8637571
        ]
      }
    },
    {
      "type": "Feature",
      "properties": {
        "id": 2201,
        "predicted_prevalence": 0.0012073,
        "prediction_uncertainty": 0.7789178,
        "exceedance_probability": 0,
        "adaptively_selected": 0
      },
      "geometry": {
        "type": "Point",
        "coordinates": [
          90.3472469,
          23.8637571
        ]
      }
    },
    {
      "type": "Feature",
      "properties": {
        "id": 2202,
        "predicted_prevalence": 0.0033204,
        "prediction_uncertainty": 0.7788517,
        "exceedance_probability": 0,
        "adaptively_selected": 0
      },
      "geometry": {
        "type": "Point",
        "coordinates": [
          90.3508939,
          23.8637571
        ]
      }
    },
    {
      "type": "Feature",
      "properties": {
        "id": 2203,
        "predicted_prevalence": 0.0080366,
        "prediction_uncertainty": 0.7784776,
        "exceedance_probability": 0,
        "adaptively_selected": 0
      },
      "geometry": {
        "type": "Point",
        "coordinates": [
          90.3545408,
          23.8637571
        ]
      }
    },
    {
      "type": "Feature",
      "properties": {
        "id": 2204,
        "predicted_prevalence": 0.017114,
        "prediction_uncertainty": 0.7768485,
        "exceedance_probability": 0,
        "adaptively_selected": 0
      },
      "geometry": {
        "type": "Point",
        "coordinates": [
          90.3581878,
          23.8637571
        ]
      }
    },
    {
      "type": "Feature",
      "properties": {
        "id": 2205,
        "predicted_prevalence": 0.032059,
        "prediction_uncertainty": 0.7714204,
        "exceedance_probability": 0,
        "adaptively_selected": 0
      },
      "geometry": {
        "type": "Point",
        "coordinates": [
          90.3618347,
          23.8637571
        ]
      }
    },
    {
      "type": "Feature",
      "properties": {
        "id": 2206,
        "predicted_prevalence": 0.0528217,
        "prediction_uncertainty": 0.7576829,
        "exceedance_probability": 0,
        "adaptively_selected": 0
      },
      "geometry": {
        "type": "Point",
        "coordinates": [
          90.3654816,
          23.8637571
        ]
      }
    },
    {
      "type": "Feature",
      "properties": {
        "id": 2207,
        "predicted_prevalence": 0.07654,
        "prediction_uncertainty": 0.7317232,
        "exceedance_probability": 0,
        "adaptively_selected": 0
      },
      "geometry": {
        "type": "Point",
        "coordinates": [
          90.3691286,
          23.8637571
        ]
      }
    },
    {
      "type": "Feature",
      "properties": {
        "id": 2208,
        "predicted_prevalence": 0.0975286,
        "prediction_uncertainty": 0.6968367,
        "exceedance_probability": 0,
        "adaptively_selected": 0
      },
      "geometry": {
        "type": "Point",
        "coordinates": [
          90.3727755,
          23.8637571
        ]
      }
    },
    {
      "type": "Feature",
      "properties": {
        "id": 2209,
        "predicted_prevalence": 0.1092675,
        "prediction_uncertainty": 0.6685204,
        "exceedance_probability": 0,
        "adaptively_selected": 0
      },
      "geometry": {
        "type": "Point",
        "coordinates": [
          90.3764224,
          23.8637571
        ]
      }
    },
    {
      "type": "Feature",
      "properties": {
        "id": 2210,
        "predicted_prevalence": 0.1076237,
        "prediction_uncertainty": 0.6658302,
        "exceedance_probability": 0,
        "adaptively_selected": 0
      },
      "geometry": {
        "type": "Point",
        "coordinates": [
          90.3800694,
          23.8637571
        ]
      }
    },
    {
      "type": "Feature",
      "properties": {
        "id": 2211,
        "predicted_prevalence": 0.0931786,
        "prediction_uncertainty": 0.6909835,
        "exceedance_probability": 0,
        "adaptively_selected": 0
      },
      "geometry": {
        "type": "Point",
        "coordinates": [
          90.3837163,
          23.8637571
        ]
      }
    },
    {
      "type": "Feature",
      "properties": {
        "id": 2212,
        "predicted_prevalence": 0.0708994,
        "prediction_uncertainty": 0.7264468,
        "exceedance_probability": 0,
        "adaptively_selected": 0
      },
      "geometry": {
        "type": "Point",
        "coordinates": [
          90.3873633,
          23.8637571
        ]
      }
    },
    {
      "type": "Feature",
      "properties": {
        "id": 2213,
        "predicted_prevalence": 0.0474032,
        "prediction_uncertainty": 0.7546417,
        "exceedance_probability": 0,
        "adaptively_selected": 0
      },
      "geometry": {
        "type": "Point",
        "coordinates": [
          90.3910102,
          23.8637571
        ]
      }
    },
    {
      "type": "Feature",
      "properties": {
        "id": 2214,
        "predicted_prevalence": 0.0278436,
        "prediction_uncertainty": 0.7701959,
        "exceedance_probability": 0,
        "adaptively_selected": 0
      },
      "geometry": {
        "type": "Point",
        "coordinates": [
          90.3946571,
          23.8637571
        ]
      }
    },
    {
      "type": "Feature",
      "properties": {
        "id": 2215,
        "predicted_prevalence": 0.0143652,
        "prediction_uncertainty": 0.776497,
        "exceedance_probability": 0,
        "adaptively_selected": 0
      },
      "geometry": {
        "type": "Point",
        "coordinates": [
          90.3983041,
          23.8637571
        ]
      }
    },
    {
      "type": "Feature",
      "properties": {
        "id": 2216,
        "predicted_prevalence": 0.0065085,
        "prediction_uncertainty": 0.778406,
        "exceedance_probability": 0,
        "adaptively_selected": 0
      },
      "geometry": {
        "type": "Point",
        "coordinates": [
          90.401951,
          23.8637571
        ]
      }
    },
    {
      "type": "Feature",
      "properties": {
        "id": 2217,
        "predicted_prevalence": 0.0025892,
        "prediction_uncertainty": 0.7788416,
        "exceedance_probability": 0,
        "adaptively_selected": 0
      },
      "geometry": {
        "type": "Point",
        "coordinates": [
          90.405598,
          23.8637571
        ]
      }
    },
    {
      "type": "Feature",
      "properties": {
        "id": 2218,
        "predicted_prevalence": 0.0009043,
        "prediction_uncertainty": 0.7789169,
        "exceedance_probability": 0,
        "adaptively_selected": 0
      },
      "geometry": {
        "type": "Point",
        "coordinates": [
          90.4092449,
          23.8637571
        ]
      }
    },
    {
      "type": "Feature",
      "properties": {
        "id": 2219,
        "predicted_prevalence": 0.0002774,
        "prediction_uncertainty": 0.7789267,
        "exceedance_probability": 0,
        "adaptively_selected": 0
      },
      "geometry": {
        "type": "Point",
        "coordinates": [
          90.4128918,
          23.8637571
        ]
      }
    },
    {
      "type": "Feature",
      "properties": {
        "id": 2220,
        "predicted_prevalence": 7.49e-05,
        "prediction_uncertainty": 0.7789277,
        "exceedance_probability": 0,
        "adaptively_selected": 0
      },
      "geometry": {
        "type": "Point",
        "coordinates": [
          90.4165388,
          23.8637571
        ]
      }
    },
    {
      "type": "Feature",
      "properties": {
        "id": 2221,
        "predicted_prevalence": 1.83e-05,
        "prediction_uncertainty": 0.7789278,
        "exceedance_probability": 0,
        "adaptively_selected": 0
      },
      "geometry": {
        "type": "Point",
        "coordinates": [
          90.4201857,
          23.8637571
        ]
      }
    },
    {
      "type": "Feature",
      "properties": {
        "id": 2222,
        "predicted_prevalence": 4.8494789e-06,
        "prediction_uncertainty": 0.7789278,
        "exceedance_probability": 0,
        "adaptively_selected": 0
      },
      "geometry": {
        "type": "Point",
        "coordinates": [
          90.4238327,
          23.8637571
        ]
      }
    },
    {
      "type": "Feature",
      "properties": {
        "id": 2223,
        "predicted_prevalence": 2.5835051e-06,
        "prediction_uncertainty": 0.7789278,
        "exceedance_probability": 0,
        "adaptively_selected": 0
      },
      "geometry": {
        "type": "Point",
        "coordinates": [
          90.4274796,
          23.8637571
        ]
      }
    },
    {
      "type": "Feature",
      "properties": {
        "id": 2224,
        "predicted_prevalence": 2.8187265e-06,
        "prediction_uncertainty": 0.7789278,
        "exceedance_probability": 0,
        "adaptively_selected": 0
      },
      "geometry": {
        "type": "Point",
        "coordinates": [
          90.4311265,
          23.8637571
        ]
      }
    },
    {
      "type": "Feature",
      "properties": {
        "id": 2225,
        "predicted_prevalence": 3.3800613e-06,
        "prediction_uncertainty": 0.7789278,
        "exceedance_probability": 0,
        "adaptively_selected": 0
      },
      "geometry": {
        "type": "Point",
        "coordinates": [
          90.4347735,
          23.8637571
        ]
      }
    },
    {
      "type": "Feature",
      "properties": {
        "id": 2226,
        "predicted_prevalence": 3.6596799e-06,
        "prediction_uncertainty": 0.7789278,
        "exceedance_probability": 0,
        "adaptively_selected": 0
      },
      "geometry": {
        "type": "Point",
        "coordinates": [
          90.4384204,
          23.8637571
        ]
      }
    },
    {
      "type": "Feature",
      "properties": {
        "id": 2227,
        "predicted_prevalence": 3.4820631e-06,
        "prediction_uncertainty": 0.7789278,
        "exceedance_probability": 0,
        "adaptively_selected": 0
      },
      "geometry": {
        "type": "Point",
        "coordinates": [
          90.4420673,
          23.8637571
        ]
      }
    },
    {
      "type": "Feature",
      "properties": {
        "id": 2228,
        "predicted_prevalence": 2.9019939e-06,
        "prediction_uncertainty": 0.7789278,
        "exceedance_probability": 0,
        "adaptively_selected": 0
      },
      "geometry": {
        "type": "Point",
        "coordinates": [
          90.4457143,
          23.8637571
        ]
      }
    },
    {
      "type": "Feature",
      "properties": {
        "id": 2229,
        "predicted_prevalence": 2.1175972e-06,
        "prediction_uncertainty": 0.7789278,
        "exceedance_probability": 0,
        "adaptively_selected": 0
      },
      "geometry": {
        "type": "Point",
        "coordinates": [
          90.4493612,
          23.8637571
        ]
      }
    },
    {
      "type": "Feature",
      "properties": {
        "id": 2230,
        "predicted_prevalence": 1.3528425e-06,
        "prediction_uncertainty": 0.7789278,
        "exceedance_probability": 0,
        "adaptively_selected": 0
      },
      "geometry": {
        "type": "Point",
        "coordinates": [
          90.4530082,
          23.8637571
        ]
      }
    },
    {
      "type": "Feature",
      "properties": {
        "id": 2231,
        "predicted_prevalence": 7.5665767e-07,
        "prediction_uncertainty": 0.7789278,
        "exceedance_probability": 0,
        "adaptively_selected": 0
      },
      "geometry": {
        "type": "Point",
        "coordinates": [
          90.4566551,
          23.8637571
        ]
      }
    },
    {
      "type": "Feature",
      "properties": {
        "id": 2232,
        "predicted_prevalence": 3.7050645e-07,
        "prediction_uncertainty": 0.7789278,
        "exceedance_probability": 0,
        "adaptively_selected": 0
      },
      "geometry": {
        "type": "Point",
        "coordinates": [
          90.460302,
          23.8637571
        ]
      }
    },
    {
      "type": "Feature",
      "properties": {
        "id": 2233,
        "predicted_prevalence": 1.5883049e-07,
        "prediction_uncertainty": 0.7789278,
        "exceedance_probability": 0,
        "adaptively_selected": 0
      },
      "geometry": {
        "type": "Point",
        "coordinates": [
          90.463949,
          23.8637571
        ]
      }
    },
    {
      "type": "Feature",
      "properties": {
        "id": 2234,
        "predicted_prevalence": 5.960907e-08,
        "prediction_uncertainty": 0.7789278,
        "exceedance_probability": 0,
        "adaptively_selected": 0
      },
      "geometry": {
        "type": "Point",
        "coordinates": [
          90.4675959,
          23.8637571
        ]
      }
    },
    {
      "type": "Feature",
      "properties": {
        "id": 2235,
        "predicted_prevalence": 1.9585303e-08,
        "prediction_uncertainty": 0.7789278,
        "exceedance_probability": 0,
        "adaptively_selected": 0
      },
      "geometry": {
        "type": "Point",
        "coordinates": [
          90.4712429,
          23.8637571
        ]
      }
    },
    {
      "type": "Feature",
      "properties": {
        "id": 2236,
        "predicted_prevalence": 5.6336155e-09,
        "prediction_uncertainty": 0.7789278,
        "exceedance_probability": 0,
        "adaptively_selected": 0
      },
      "geometry": {
        "type": "Point",
        "coordinates": [
          90.4748898,
          23.8637571
        ]
      }
    },
    {
      "type": "Feature",
      "properties": {
        "id": 2237,
        "predicted_prevalence": 1.4186744e-09,
        "prediction_uncertainty": 0.7789278,
        "exceedance_probability": 0,
        "adaptively_selected": 0
      },
      "geometry": {
        "type": "Point",
        "coordinates": [
          90.4785367,
          23.8637571
        ]
      }
    },
    {
      "type": "Feature",
      "properties": {
        "id": 2238,
        "predicted_prevalence": 3.1276398e-10,
        "prediction_uncertainty": 0.7789278,
        "exceedance_probability": 0,
        "adaptively_selected": 0
      },
      "geometry": {
        "type": "Point",
        "coordinates": [
          90.4821837,
          23.8637571
        ]
      }
    },
    {
      "type": "Feature",
      "properties": {
        "id": 2239,
        "predicted_prevalence": 6.0365532e-11,
        "prediction_uncertainty": 0.7789278,
        "exceedance_probability": 0,
        "adaptively_selected": 0
      },
      "geometry": {
        "type": "Point",
        "coordinates": [
          90.4858306,
          23.8637571
        ]
      }
    },
    {
      "type": "Feature",
      "properties": {
        "id": 2240,
        "predicted_prevalence": 1.0199986e-11,
        "prediction_uncertainty": 0.7789278,
        "exceedance_probability": 0,
        "adaptively_selected": 0
      },
      "geometry": {
        "type": "Point",
        "coordinates": [
          90.4894776,
          23.8637571
        ]
      }
    },
    {
      "type": "Feature",
      "properties": {
        "id": 2241,
        "predicted_prevalence": 1.5088578e-12,
        "prediction_uncertainty": 0.7789278,
        "exceedance_probability": 0,
        "adaptively_selected": 0
      },
      "geometry": {
        "type": "Point",
        "coordinates": [
          90.4931245,
          23.8637571
        ]
      }
    },
    {
      "type": "Feature",
      "properties": {
        "id": 2242,
        "predicted_prevalence": 1.954048e-13,
        "prediction_uncertainty": 0.7789278,
        "exceedance_probability": 0,
        "adaptively_selected": 0
      },
      "geometry": {
        "type": "Point",
        "coordinates": [
          90.4967714,
          23.8637571
        ]
      }
    },
    {
      "type": "Feature",
      "properties": {
        "id": 2243,
        "predicted_prevalence": 2.2154416e-14,
        "prediction_uncertainty": 0.7789278,
        "exceedance_probability": 0,
        "adaptively_selected": 0
      },
      "geometry": {
        "type": "Point",
        "coordinates": [
          90.5004184,
          23.8637571
        ]
      }
    },
    {
      "type": "Feature",
      "properties": {
        "id": 2244,
        "predicted_prevalence": 2.1989914e-15,
        "prediction_uncertainty": 0.7789278,
        "exceedance_probability": 0,
        "adaptively_selected": 0
      },
      "geometry": {
        "type": "Point",
        "coordinates": [
          90.5040653,
          23.8637571
        ]
      }
    },
    {
      "type": "Feature",
      "properties": {
        "id": 2245,
        "predicted_prevalence": 1.9108424e-16,
        "prediction_uncertainty": 0.7789278,
        "exceedance_probability": 0,
        "adaptively_selected": 0
      },
      "geometry": {
        "type": "Point",
        "coordinates": [
          90.5077122,
          23.8637571
        ]
      }
    },
    {
      "type": "Feature",
      "properties": {
        "id": 2246,
        "predicted_prevalence": 1.4536651e-17,
        "prediction_uncertainty": 0.7789278,
        "exceedance_probability": 0,
        "adaptively_selected": 0
      },
      "geometry": {
        "type": "Point",
        "coordinates": [
          90.5113592,
          23.8637571
        ]
      }
    },
    {
      "type": "Feature",
      "properties": {
        "id": 2247,
        "predicted_prevalence": 9.6814852e-19,
        "prediction_uncertainty": 0.7789278,
        "exceedance_probability": 0,
        "adaptively_selected": 0
      },
      "geometry": {
        "type": "Point",
        "coordinates": [
          90.5150061,
          23.8637571
        ]
      }
    },
    {
      "type": "Feature",
      "properties": {
        "id": 2248,
        "predicted_prevalence": 5.6449193e-20,
        "prediction_uncertainty": 0.7789278,
        "exceedance_probability": 0,
        "adaptively_selected": 0
      },
      "geometry": {
        "type": "Point",
        "coordinates": [
          90.5186531,
          23.8637571
        ]
      }
    },
    {
      "type": "Feature",
      "properties": {
        "id": 2249,
        "predicted_prevalence": 2.8814535e-21,
        "prediction_uncertainty": 0.7789278,
        "exceedance_probability": 0,
        "adaptively_selected": 0
      },
      "geometry": {
        "type": "Point",
        "coordinates": [
          90.5223,
          23.8637571
        ]
      }
    },
    {
      "type": "Feature",
      "properties": {
        "id": 2250,
        "predicted_prevalence": 0.0002999,
        "prediction_uncertainty": 0.778927,
        "exceedance_probability": 0,
        "adaptively_selected": 0
      },
      "geometry": {
        "type": "Point",
        "coordinates": [
          90.3436,
          23.8681857
        ]
      }
    },
    {
      "type": "Feature",
      "properties": {
        "id": 2251,
        "predicted_prevalence": 0.00098,
        "prediction_uncertainty": 0.7789187,
        "exceedance_probability": 0,
        "adaptively_selected": 0
      },
      "geometry": {
        "type": "Point",
        "coordinates": [
          90.3472469,
          23.8681857
        ]
      }
    },
    {
      "type": "Feature",
      "properties": {
        "id": 2252,
        "predicted_prevalence": 0.0028159,
        "prediction_uncertainty": 0.7788486,
        "exceedance_probability": 0,
        "adaptively_selected": 0
      },
      "geometry": {
        "type": "Point",
        "coordinates": [
          90.3508939,
          23.8681857
        ]
      }
    },
    {
      "type": "Feature",
      "properties": {
        "id": 2253,
        "predicted_prevalence": 0.0071116,
        "prediction_uncertainty": 0.7783946,
        "exceedance_probability": 0,
        "adaptively_selected": 0
      },
      "geometry": {
        "type": "Point",
        "coordinates": [
          90.3545408,
          23.8681857
        ]
      }
    },
    {
      "type": "Feature",
      "properties": {
        "id": 2254,
        "predicted_prevalence": 0.0157814,
        "prediction_uncertainty": 0.7761571,
        "exceedance_probability": 0,
        "adaptively_selected": 0
      },
      "geometry": {
        "type": "Point",
        "coordinates": [
          90.3581878,
          23.8681857
        ]
      }
    },
    {
      "type": "Feature",
      "properties": {
        "id": 2255,
        "predicted_prevalence": 0.0307637,
        "prediction_uncertainty": 0.7678022,
        "exceedance_probability": 0,
        "adaptively_selected": 0
      },
      "geometry": {
        "type": "Point",
        "coordinates": [
          90.3618347,
          23.8681857
        ]
      }
    },
    {
      "type": "Feature",
      "properties": {
        "id": 2256,
        "predicted_prevalence": 0.0526669,
        "prediction_uncertainty": 0.7442281,
        "exceedance_probability": 0,
        "adaptively_selected": 0
      },
      "geometry": {
        "type": "Point",
        "coordinates": [
          90.3654816,
          23.8681857
        ]
      }
    },
    {
      "type": "Feature",
      "properties": {
        "id": 2257,
        "predicted_prevalence": 0.0791656,
        "prediction_uncertainty": 0.6942497,
        "exceedance_probability": 0,
        "adaptively_selected": 0
      },
      "geometry": {
        "type": "Point",
        "coordinates": [
          90.3691286,
          23.8681857
        ]
      }
    },
    {
      "type": "Feature",
      "properties": {
        "id": 2258,
        "predicted_prevalence": 0.1044562,
        "prediction_uncertainty": 0.6169293,
        "exceedance_probability": 0,
        "adaptively_selected": 0
      },
      "geometry": {
        "type": "Point",
        "coordinates": [
          90.3727755,
          23.8681857
        ]
      }
    },
    {
      "type": "Feature",
      "properties": {
        "id": 2259,
        "predicted_prevalence": 0.1209574,
        "prediction_uncertainty": 0.5404298,
        "exceedance_probability": 0,
        "adaptively_selected": 0
      },
      "geometry": {
        "type": "Point",
        "coordinates": [
          90.3764224,
          23.8681857
        ]
      }
    },
    {
      "type": "Feature",
      "properties": {
        "id": 2260,
        "predicted_prevalence": 0.1228965,
        "prediction_uncertainty": 0.5203045,
        "exceedance_probability": 0,
        "adaptively_selected": 0
      },
      "geometry": {
        "type": "Point",
        "coordinates": [
          90.3800694,
          23.8681857
        ]
      }
    },
    {
      "type": "Feature",
      "properties": {
        "id": 2261,
        "predicted_prevalence": 0.1095384,
        "prediction_uncertainty": 0.5757291,
        "exceedance_probability": 0,
        "adaptively_selected": 0
      },
      "geometry": {
        "type": "Point",
        "coordinates": [
          90.3837163,
          23.8681857
        ]
      }
    },
    {
      "type": "Feature",
      "properties": {
        "id": 2262,
        "predicted_prevalence": 0.085631,
        "prediction_uncertainty": 0.6586131,
        "exceedance_probability": 0,
        "adaptively_selected": 0
      },
      "geometry": {
        "type": "Point",
        "coordinates": [
          90.3873633,
          23.8681857
        ]
      }
    },
    {
      "type": "Feature",
      "properties": {
        "id": 2263,
        "predicted_prevalence": 0.0587024,
        "prediction_uncertainty": 0.7234569,
        "exceedance_probability": 0,
        "adaptively_selected": 0
      },
      "geometry": {
        "type": "Point",
        "coordinates": [
          90.3910102,
          23.8681857
        ]
      }
    },
    {
      "type": "Feature",
      "properties": {
        "id": 2264,
        "predicted_prevalence": 0.0352833,
        "prediction_uncertainty": 0.7589059,
        "exceedance_probability": 0,
        "adaptively_selected": 0
      },
      "geometry": {
        "type": "Point",
        "coordinates": [
          90.3946571,
          23.8681857
        ]
      }
    },
    {
      "type": "Feature",
      "properties": {
        "id": 2265,
        "predicted_prevalence": 0.0185911,
        "prediction_uncertainty": 0.773309,
        "exceedance_probability": 0,
        "adaptively_selected": 0
      },
      "geometry": {
        "type": "Point",
        "coordinates": [
          90.3983041,
          23.8681857
        ]
      }
    },
    {
      "type": "Feature",
      "properties": {
        "id": 2266,
        "predicted_prevalence": 0.0085862,
        "prediction_uncertainty": 0.7777111,
        "exceedance_probability": 0,
        "adaptively_selected": 0
      },
      "geometry": {
        "type": "Point",
        "coordinates": [
          90.401951,
          23.8681857
        ]
      }
    },
    {
      "type": "Feature",
      "properties": {
        "id": 2267,
        "predicted_prevalence": 0.0034754,
        "prediction_uncertainty": 0.7787254,
        "exceedance_probability": 0,
        "adaptively_selected": 0
      },
      "geometry": {
        "type": "Point",
        "coordinates": [
          90.405598,
          23.8681857
        ]
      }
    },
    {
      "type": "Feature",
      "properties": {
        "id": 2268,
        "predicted_prevalence": 0.0012328,
        "prediction_uncertainty": 0.778902,
        "exceedance_probability": 0,
        "adaptively_selected": 0
      },
      "geometry": {
        "type": "Point",
        "coordinates": [
          90.4092449,
          23.8681857
        ]
      }
    },
    {
      "type": "Feature",
      "properties": {
        "id": 2269,
        "predicted_prevalence": 0.0003832,
        "prediction_uncertainty": 0.7789253,
        "exceedance_probability": 0,
        "adaptively_selected": 0
      },
      "geometry": {
        "type": "Point",
        "coordinates": [
          90.4128918,
          23.8681857
        ]
      }
    },
    {
      "type": "Feature",
      "properties": {
        "id": 2270,
        "predicted_prevalence": 0.0001044,
        "prediction_uncertainty": 0.7789276,
        "exceedance_probability": 0,
        "adaptively_selected": 0
      },
      "geometry": {
        "type": "Point",
        "coordinates": [
          90.4165388,
          23.8681857
        ]
      }
    },
    {
      "type": "Feature",
      "properties": {
        "id": 2271,
        "predicted_prevalence": 2.5e-05,
        "prediction_uncertainty": 0.7789278,
        "exceedance_probability": 0,
        "adaptively_selected": 0
      },
      "geometry": {
        "type": "Point",
        "coordinates": [
          90.4201857,
          23.8681857
        ]
      }
    },
    {
      "type": "Feature",
      "properties": {
        "id": 2272,
        "predicted_prevalence": 5.3432897e-06,
        "prediction_uncertainty": 0.7789278,
        "exceedance_probability": 0,
        "adaptively_selected": 0
      },
      "geometry": {
        "type": "Point",
        "coordinates": [
          90.4238327,
          23.8681857
        ]
      }
    },
    {
      "type": "Feature",
      "properties": {
        "id": 2273,
        "predicted_prevalence": 1.1793e-06,
        "prediction_uncertainty": 0.7789278,
        "exceedance_probability": 0,
        "adaptively_selected": 0
      },
      "geometry": {
        "type": "Point",
        "coordinates": [
          90.4274796,
          23.8681857
        ]
      }
    },
    {
      "type": "Feature",
      "properties": {
        "id": 2274,
        "predicted_prevalence": 4.7376688e-07,
        "prediction_uncertainty": 0.7789278,
        "exceedance_probability": 0,
        "adaptively_selected": 0
      },
      "geometry": {
        "type": "Point",
        "coordinates": [
          90.4311265,
          23.8681857
        ]
      }
    },
    {
      "type": "Feature",
      "properties": {
        "id": 2275,
        "predicted_prevalence": 4.1986734e-07,
        "prediction_uncertainty": 0.7789278,
        "exceedance_probability": 0,
        "adaptively_selected": 0
      },
      "geometry": {
        "type": "Point",
        "coordinates": [
          90.4347735,
          23.8681857
        ]
      }
    },
    {
      "type": "Feature",
      "properties": {
        "id": 2276,
        "predicted_prevalence": 4.3578171e-07,
        "prediction_uncertainty": 0.7789278,
        "exceedance_probability": 0,
        "adaptively_selected": 0
      },
      "geometry": {
        "type": "Point",
        "coordinates": [
          90.4384204,
          23.8681857
        ]
      }
    },
    {
      "type": "Feature",
      "properties": {
        "id": 2277,
        "predicted_prevalence": 4.1263003e-07,
        "prediction_uncertainty": 0.7789278,
        "exceedance_probability": 0,
        "adaptively_selected": 0
      },
      "geometry": {
        "type": "Point",
        "coordinates": [
          90.4420673,
          23.8681857
        ]
      }
    },
    {
      "type": "Feature",
      "properties": {
        "id": 2278,
        "predicted_prevalence": 3.4371896e-07,
        "prediction_uncertainty": 0.7789278,
        "exceedance_probability": 0,
        "adaptively_selected": 0
      },
      "geometry": {
        "type": "Point",
        "coordinates": [
          90.4457143,
          23.8681857
        ]
      }
    },
    {
      "type": "Feature",
      "properties": {
        "id": 2279,
        "predicted_prevalence": 2.5080649e-07,
        "prediction_uncertainty": 0.7789278,
        "exceedance_probability": 0,
        "adaptively_selected": 0
      },
      "geometry": {
        "type": "Point",
        "coordinates": [
          90.4493612,
          23.8681857
        ]
      }
    },
    {
      "type": "Feature",
      "properties": {
        "id": 2280,
        "predicted_prevalence": 1.6023201e-07,
        "prediction_uncertainty": 0.7789278,
        "exceedance_probability": 0,
        "adaptively_selected": 0
      },
      "geometry": {
        "type": "Point",
        "coordinates": [
          90.4530082,
          23.8681857
        ]
      }
    },
    {
      "type": "Feature",
      "properties": {
        "id": 2281,
        "predicted_prevalence": 8.9620438e-08,
        "prediction_uncertainty": 0.7789278,
        "exceedance_probability": 0,
        "adaptively_selected": 0
      },
      "geometry": {
        "type": "Point",
        "coordinates": [
          90.4566551,
          23.8681857
        ]
      }
    },
    {
      "type": "Feature",
      "properties": {
        "id": 2282,
        "predicted_prevalence": 4.3884079e-08,
        "prediction_uncertainty": 0.7789278,
        "exceedance_probability": 0,
        "adaptively_selected": 0
      },
      "geometry": {
        "type": "Point",
        "coordinates": [
          90.460302,
          23.8681857
        ]
      }
    },
    {
      "type": "Feature",
      "properties": {
        "id": 2283,
        "predicted_prevalence": 1.8812535e-08,
        "prediction_uncertainty": 0.7789278,
        "exceedance_probability": 0,
        "adaptively_selected": 0
      },
      "geometry": {
        "type": "Point",
        "coordinates": [
          90.463949,
          23.8681857
        ]
      }
    },
    {
      "type": "Feature",
      "properties": {
        "id": 2284,
        "predicted_prevalence": 7.0603647e-09,
        "prediction_uncertainty": 0.7789278,
        "exceedance_probability": 0,
        "adaptively_selected": 0
      },
      "geometry": {
        "type": "Point",
        "coordinates": [
          90.4675959,
          23.8681857
        ]
      }
    },
    {
      "type": "Feature",
      "properties": {
        "id": 2285,
        "predicted_prevalence": 2.3197753e-09,
        "prediction_uncertainty": 0.7789278,
        "exceedance_probability": 0,
        "adaptively_selected": 0
      },
      "geometry": {
        "type": "Point",
        "coordinates": [
          90.4712429,
          23.8681857
        ]
      }
    },
    {
      "type": "Feature",
      "properties": {
        "id": 2286,
        "predicted_prevalence": 6.6727265e-10,
        "prediction_uncertainty": 0.7789278,
        "exceedance_probability": 0,
        "adaptively_selected": 0
      },
      "geometry": {
        "type": "Point",
        "coordinates": [
          90.4748898,
          23.8681857
        ]
      }
    },
    {
      "type": "Feature",
      "properties": {
        "id": 2287,
        "predicted_prevalence": 1.6803478e-10,
        "prediction_uncertainty": 0.7789278,
        "exceedance_probability": 0,
        "adaptively_selected": 0
      },
      "geometry": {
        "type": "Point",
        "coordinates": [
          90.4785367,
          23.8681857
        ]
      }
    },
    {
      "type": "Feature",
      "properties": {
        "id": 2288,
        "predicted_prevalence": 3.704532e-11,
        "prediction_uncertainty": 0.7789278,
        "exceedance_probability": 0,
        "adaptively_selected": 0
      },
      "geometry": {
        "type": "Point",
        "coordinates": [
          90.4821837,
          23.8681857
        ]
      }
    },
    {
      "type": "Feature",
      "properties": {
        "id": 2289,
        "predicted_prevalence": 7.1499955e-12,
        "prediction_uncertainty": 0.7789278,
        "exceedance_probability": 0,
        "adaptively_selected": 0
      },
      "geometry": {
        "type": "Point",
        "coordinates": [
          90.4858306,
          23.8681857
        ]
      }
    },
    {
      "type": "Feature",
      "properties": {
        "id": 2290,
        "predicted_prevalence": 1.2081376e-12,
        "prediction_uncertainty": 0.7789278,
        "exceedance_probability": 0,
        "adaptively_selected": 0
      },
      "geometry": {
        "type": "Point",
        "coordinates": [
          90.4894776,
          23.8681857
        ]
      }
    },
    {
      "type": "Feature",
      "properties": {
        "id": 2291,
        "predicted_prevalence": 1.7871672e-13,
        "prediction_uncertainty": 0.7789278,
        "exceedance_probability": 0,
        "adaptively_selected": 0
      },
      "geometry": {
        "type": "Point",
        "coordinates": [
          90.4931245,
          23.8681857
        ]
      }
    },
    {
      "type": "Feature",
      "properties": {
        "id": 2292,
        "predicted_prevalence": 2.314473e-14,
        "prediction_uncertainty": 0.7789278,
        "exceedance_probability": 0,
        "adaptively_selected": 0
      },
      "geometry": {
        "type": "Point",
        "coordinates": [
          90.4967714,
          23.8681857
        ]
      }
    },
    {
      "type": "Feature",
      "properties": {
        "id": 2293,
        "predicted_prevalence": 2.6240808e-15,
        "prediction_uncertainty": 0.7789278,
        "exceedance_probability": 0,
        "adaptively_selected": 0
      },
      "geometry": {
        "type": "Point",
        "coordinates": [
          90.5004184,
          23.8681857
        ]
      }
    },
    {
      "type": "Feature",
      "properties": {
        "id": 2294,
        "predicted_prevalence": 2.6045964e-16,
        "prediction_uncertainty": 0.7789278,
        "exceedance_probability": 0,
        "adaptively_selected": 0
      },
      "geometry": {
        "type": "Point",
        "coordinates": [
          90.5040653,
          23.8681857
        ]
      }
    },
    {
      "type": "Feature",
      "properties": {
        "id": 2295,
        "predicted_prevalence": 2.2632983e-17,
        "prediction_uncertainty": 0.7789278,
        "exceedance_probability": 0,
        "adaptively_selected": 0
      },
      "geometry": {
        "type": "Point",
        "coordinates": [
          90.5077122,
          23.8681857
        ]
      }
    },
    {
      "type": "Feature",
      "properties": {
        "id": 2296,
        "predicted_prevalence": 1.7217944e-18,
        "prediction_uncertainty": 0.7789278,
        "exceedance_probability": 0,
        "adaptively_selected": 0
      },
      "geometry": {
        "type": "Point",
        "coordinates": [
          90.5113592,
          23.8681857
        ]
      }
    },
    {
      "type": "Feature",
      "properties": {
        "id": 2297,
        "predicted_prevalence": 1.146724e-19,
        "prediction_uncertainty": 0.7789278,
        "exceedance_probability": 0,
        "adaptively_selected": 0
      },
      "geometry": {
        "type": "Point",
        "coordinates": [
          90.5150061,
          23.8681857
        ]
      }
    },
    {
      "type": "Feature",
      "properties": {
        "id": 2298,
        "predicted_prevalence": 6.6861276e-21,
        "prediction_uncertainty": 0.7789278,
        "exceedance_probability": 0,
        "adaptively_selected": 0
      },
      "geometry": {
        "type": "Point",
        "coordinates": [
          90.5186531,
          23.8681857
        ]
      }
    },
    {
      "type": "Feature",
      "properties": {
        "id": 2299,
        "predicted_prevalence": 3.4129391e-22,
        "prediction_uncertainty": 0.7789278,
        "exceedance_probability": 0,
        "adaptively_selected": 0
      },
      "geometry": {
        "type": "Point",
        "coordinates": [
          90.5223,
          23.8681857
        ]
      }
    },
    {
      "type": "Feature",
      "properties": {
        "id": 2300,
        "predicted_prevalence": 0.0002794,
        "prediction_uncertainty": 0.7789267,
        "exceedance_probability": 0,
        "adaptively_selected": 0
      },
      "geometry": {
        "type": "Point",
        "coordinates": [
          90.3436,
          23.8726143
        ]
      }
    },
    {
      "type": "Feature",
      "properties": {
        "id": 2301,
        "predicted_prevalence": 0.0009413,
        "prediction_uncertainty": 0.7789148,
        "exceedance_probability": 0,
        "adaptively_selected": 0
      },
      "geometry": {
        "type": "Point",
        "coordinates": [
          90.3472469,
          23.8726143
        ]
      }
    },
    {
      "type": "Feature",
      "properties": {
        "id": 2302,
        "predicted_prevalence": 0.0027814,
        "prediction_uncertainty": 0.7788112,
        "exceedance_probability": 0,
        "adaptively_selected": 0
      },
      "geometry": {
        "type": "Point",
        "coordinates": [
          90.3508939,
          23.8726143
        ]
      }
    },
    {
      "type": "Feature",
      "properties": {
        "id": 2303,
        "predicted_prevalence": 0.0072073,
        "prediction_uncertainty": 0.778124,
        "exceedance_probability": 0,
        "adaptively_selected": 0
      },
      "geometry": {
        "type": "Point",
        "coordinates": [
          90.3545408,
          23.8726143
        ]
      }
    },
    {
      "type": "Feature",
      "properties": {
        "id": 2304,
        "predicted_prevalence": 0.0163754,
        "prediction_uncertainty": 0.7746731,
        "exceedance_probability": 0,
        "adaptively_selected": 0
      },
      "geometry": {
        "type": "Point",
        "coordinates": [
          90.3581878,
          23.8726143
        ]
      }
    },
    {
      "type": "Feature",
      "properties": {
        "id": 2305,
        "predicted_prevalence": 0.0326175,
        "prediction_uncertainty": 0.7615514,
        "exceedance_probability": 0,
        "adaptively_selected": 0
      },
      "geometry": {
        "type": "Point",
        "coordinates": [
          90.3618347,
          23.8726143
        ]
      }
    },
    {
      "type": "Feature",
      "properties": {
        "id": 2306,
        "predicted_prevalence": 0.0569484,
        "prediction_uncertainty": 0.7236209,
        "exceedance_probability": 0,
        "adaptively_selected": 0
      },
      "geometry": {
        "type": "Point",
        "coordinates": [
          90.3654816,
          23.8726143
        ]
      }
    },
    {
      "type": "Feature",
      "properties": {
        "id": 2307,
        "predicted_prevalence": 0.0871421,
        "prediction_uncertainty": 0.6394985,
        "exceedance_probability": 0,
        "adaptively_selected": 1
      },
      "geometry": {
        "type": "Point",
        "coordinates": [
          90.3691286,
          23.8726143
        ]
      }
    },
    {
      "type": "Feature",
      "properties": {
        "id": 2308,
        "predicted_prevalence": 0.1168525,
        "prediction_uncertainty": 0.4959218,
        "exceedance_probability": 0,
        "adaptively_selected": 0
      },
      "geometry": {
        "type": "Point",
        "coordinates": [
          90.3727755,
          23.8726143
        ]
      }
    },
    {
      "type": "Feature",
      "properties": {
        "id": 2309,
        "predicted_prevalence": 0.1372978,
        "prediction_uncertainty": 0.319711,
        "exceedance_probability": 0,
        "adaptively_selected": 0
      },
      "geometry": {
        "type": "Point",
        "coordinates": [
          90.3764224,
          23.8726143
        ]
      }
    },
    {
      "type": "Feature",
      "properties": {
        "id": 2310,
        "predicted_prevalence": 0.1413391,
        "prediction_uncertainty": 0.2568467,
        "exceedance_probability": 0,
        "adaptively_selected": 0
      },
      "geometry": {
        "type": "Point",
        "coordinates": [
          90.3800694,
          23.8726143
        ]
      }
    },
    {
      "type": "Feature",
      "properties": {
        "id": 2311,
        "predicted_prevalence": 0.1274668,
        "prediction_uncertainty": 0.4030741,
        "exceedance_probability": 0,
        "adaptively_selected": 0
      },
      "geometry": {
        "type": "Point",
        "coordinates": [
          90.3837163,
          23.8726143
        ]
      }
    },
    {
      "type": "Feature",
      "properties": {
        "id": 2312,
        "predicted_prevalence": 0.1007008,
        "prediction_uncertainty": 0.5718221,
        "exceedance_probability": 0,
        "adaptively_selected": 0
      },
      "geometry": {
        "type": "Point",
        "coordinates": [
          90.3873633,
          23.8726143
        ]
      }
    },
    {
      "type": "Feature",
      "properties": {
        "id": 2313,
        "predicted_prevalence": 0.0696851,
        "prediction_uncertainty": 0.6868126,
        "exceedance_probability": 0,
        "adaptively_selected": 0
      },
      "geometry": {
        "type": "Point",
        "coordinates": [
          90.3910102,
          23.8726143
        ]
      }
    },
    {
      "type": "Feature",
      "properties": {
        "id": 2314,
        "predicted_prevalence": 0.0422368,
        "prediction_uncertainty": 0.7461789,
        "exceedance_probability": 0,
        "adaptively_selected": 0
      },
      "geometry": {
        "type": "Point",
        "coordinates": [
          90.3946571,
          23.8726143
        ]
      }
    },
    {
      "type": "Feature",
      "properties": {
        "id": 2315,
        "predicted_prevalence": 0.0224214,
        "prediction_uncertainty": 0.7697842,
        "exceedance_probability": 0,
        "adaptively_selected": 0
      },
      "geometry": {
        "type": "Point",
        "coordinates": [
          90.3983041,
          23.8726143
        ]
      }
    },
    {
      "type": "Feature",
      "properties": {
        "id": 2316,
        "predicted_prevalence": 0.0104239,
        "prediction_uncertainty": 0.77695,
        "exceedance_probability": 0,
        "adaptively_selected": 0
      },
      "geometry": {
        "type": "Point",
        "coordinates": [
          90.401951,
          23.8726143
        ]
      }
    },
    {
      "type": "Feature",
      "properties": {
        "id": 2317,
        "predicted_prevalence": 0.0042441,
        "prediction_uncertainty": 0.7785987,
        "exceedance_probability": 0,
        "adaptively_selected": 0
      },
      "geometry": {
        "type": "Point",
        "coordinates": [
          90.405598,
          23.8726143
        ]
      }
    },
    {
      "type": "Feature",
      "properties": {
        "id": 2318,
        "predicted_prevalence": 0.0015132,
        "prediction_uncertainty": 0.7788858,
        "exceedance_probability": 0,
        "adaptively_selected": 1
      },
      "geometry": {
        "type": "Point",
        "coordinates": [
          90.4092449,
          23.8726143
        ]
      }
    },
    {
      "type": "Feature",
      "properties": {
        "id": 2319,
        "predicted_prevalence": 0.0004725,
        "prediction_uncertainty": 0.7789237,
        "exceedance_probability": 0,
        "adaptively_selected": 0
      },
      "geometry": {
        "type": "Point",
        "coordinates": [
          90.4128918,
          23.8726143
        ]
      }
    },
    {
      "type": "Feature",
      "properties": {
        "id": 2320,
        "predicted_prevalence": 0.0001292,
        "prediction_uncertainty": 0.7789275,
        "exceedance_probability": 0,
        "adaptively_selected": 0
      },
      "geometry": {
        "type": "Point",
        "coordinates": [
          90.4165388,
          23.8726143
        ]
      }
    },
    {
      "type": "Feature",
      "properties": {
        "id": 2321,
        "predicted_prevalence": 3.09e-05,
        "prediction_uncertainty": 0.7789278,
        "exceedance_probability": 0,
        "adaptively_selected": 0
      },
      "geometry": {
        "type": "Point",
        "coordinates": [
          90.4201857,
          23.8726143
        ]
      }
    },
    {
      "type": "Feature",
      "properties": {
        "id": 2322,
        "predicted_prevalence": 6.4957382e-06,
        "prediction_uncertainty": 0.7789278,
        "exceedance_probability": 0,
        "adaptively_selected": 0
      },
      "geometry": {
        "type": "Point",
        "coordinates": [
          90.4238327,
          23.8726143
        ]
      }
    },
    {
      "type": "Feature",
      "properties": {
        "id": 2323,
        "predicted_prevalence": 1.2118104e-06,
        "prediction_uncertainty": 0.7789278,
        "exceedance_probability": 0,
        "adaptively_selected": 0
      },
      "geometry": {
        "type": "Point",
        "coordinates": [
          90.4274796,
          23.8726143
        ]
      }
    },
    {
      "type": "Feature",
      "properties": {
        "id": 2324,
        "predicted_prevalence": 2.2244029e-07,
        "prediction_uncertainty": 0.7789278,
        "exceedance_probability": 0,
        "adaptively_selected": 0
      },
      "geometry": {
        "type": "Point",
        "coordinates": [
          90.4311265,
          23.8726143
        ]
      }
    },
    {
      "type": "Feature",
      "properties": {
        "id": 2325,
        "predicted_prevalence": 6.568012e-08,
        "prediction_uncertainty": 0.7789278,
        "exceedance_probability": 0,
        "adaptively_selected": 0
      },
      "geometry": {
        "type": "Point",
        "coordinates": [
          90.4347735,
          23.8726143
        ]
      }
    },
    {
      "type": "Feature",
      "properties": {
        "id": 2326,
        "predicted_prevalence": 4.5474984e-08,
        "prediction_uncertainty": 0.7789278,
        "exceedance_probability": 0,
        "adaptively_selected": 0
      },
      "geometry": {
        "type": "Point",
        "coordinates": [
          90.4384204,
          23.8726143
        ]
      }
    },
    {
      "type": "Feature",
      "properties": {
        "id": 2327,
        "predicted_prevalence": 4.0496133e-08,
        "prediction_uncertainty": 0.7789278,
        "exceedance_probability": 0,
        "adaptively_selected": 0
      },
      "geometry": {
        "type": "Point",
        "coordinates": [
          90.4420673,
          23.8726143
        ]
      }
    },
    {
      "type": "Feature",
      "properties": {
        "id": 2328,
        "predicted_prevalence": 3.3490728e-08,
        "prediction_uncertainty": 0.7789278,
        "exceedance_probability": 0,
        "adaptively_selected": 0
      },
      "geometry": {
        "type": "Point",
        "coordinates": [
          90.4457143,
          23.8726143
        ]
      }
    },
    {
      "type": "Feature",
      "properties": {
        "id": 2329,
        "predicted_prevalence": 2.4418068e-08,
        "prediction_uncertainty": 0.7789278,
        "exceedance_probability": 0,
        "adaptively_selected": 0
      },
      "geometry": {
        "type": "Point",
        "coordinates": [
          90.4493612,
          23.8726143
        ]
      }
    },
    {
      "type": "Feature",
      "properties": {
        "id": 2330,
        "predicted_prevalence": 1.5598655e-08,
        "prediction_uncertainty": 0.7789278,
        "exceedance_probability": 0,
        "adaptively_selected": 0
      },
      "geometry": {
        "type": "Point",
        "coordinates": [
          90.4530082,
          23.8726143
        ]
      }
    },
    {
      "type": "Feature",
      "properties": {
        "id": 2331,
        "predicted_prevalence": 8.7245686e-09,
        "prediction_uncertainty": 0.7789278,
        "exceedance_probability": 0,
        "adaptively_selected": 0
      },
      "geometry": {
        "type": "Point",
        "coordinates": [
          90.4566551,
          23.8726143
        ]
      }
    },
    {
      "type": "Feature",
      "properties": {
        "id": 2332,
        "predicted_prevalence": 4.2721411e-09,
        "prediction_uncertainty": 0.7789278,
        "exceedance_probability": 0,
        "adaptively_selected": 0
      },
      "geometry": {
        "type": "Point",
        "coordinates": [
          90.460302,
          23.8726143
        ]
      }
    },
    {
      "type": "Feature",
      "properties": {
        "id": 2333,
        "predicted_prevalence": 1.8314169e-09,
        "prediction_uncertainty": 0.7789278,
        "exceedance_probability": 0,
        "adaptively_selected": 0
      },
      "geometry": {
        "type": "Point",
        "coordinates": [
          90.463949,
          23.8726143
        ]
      }
    },
    {
      "type": "Feature",
      "properties": {
        "id": 2334,
        "predicted_prevalence": 6.8733404e-10,
        "prediction_uncertainty": 0.7789278,
        "exceedance_probability": 0,
        "adaptively_selected": 0
      },
      "geometry": {
        "type": "Point",
        "coordinates": [
          90.4675959,
          23.8726143
        ]
      }
    },
    {
      "type": "Feature",
      "properties": {
        "id": 2335,
        "predicted_prevalence": 2.2583286e-10,
        "prediction_uncertainty": 0.7789278,
        "exceedance_probability": 0,
        "adaptively_selected": 0
      },
      "geometry": {
        "type": "Point",
        "coordinates": [
          90.4712429,
          23.8726143
        ]
      }
    },
    {
      "type": "Feature",
      "properties": {
        "id": 2336,
        "predicted_prevalence": 6.4959828e-11,
        "prediction_uncertainty": 0.7789278,
        "exceedance_probability": 0,
        "adaptively_selected": 0
      },
      "geometry": {
        "type": "Point",
        "coordinates": [
          90.4748898,
          23.8726143
        ]
      }
    },
    {
      "type": "Feature",
      "properties": {
        "id": 2337,
        "predicted_prevalence": 1.6358403e-11,
        "prediction_uncertainty": 0.7789278,
        "exceedance_probability": 0,
        "adaptively_selected": 0
      },
      "geometry": {
        "type": "Point",
        "coordinates": [
          90.4785367,
          23.8726143
        ]
      }
    },
    {
      "type": "Feature",
      "properties": {
        "id": 2338,
        "predicted_prevalence": 3.6064108e-12,
        "prediction_uncertainty": 0.7789278,
        "exceedance_probability": 0,
        "adaptively_selected": 0
      },
      "geometry": {
        "type": "Point",
        "coordinates": [
          90.4821837,
          23.8726143
        ]
      }
    },
    {
      "type": "Feature",
      "properties": {
        "id": 2339,
        "predicted_prevalence": 6.9606161e-13,
        "prediction_uncertainty": 0.7789278,
        "exceedance_probability": 0,
        "adaptively_selected": 0
      },
      "geometry": {
        "type": "Point",
        "coordinates": [
          90.4858306,
          23.8726143
        ]
      }
    },
    {
      "type": "Feature",
      "properties": {
        "id": 2340,
        "predicted_prevalence": 1.1761382e-13,
        "prediction_uncertainty": 0.7789278,
        "exceedance_probability": 0,
        "adaptively_selected": 0
      },
      "geometry": {
        "type": "Point",
        "coordinates": [
          90.4894776,
          23.8726143
        ]
      }
    },
    {
      "type": "Feature",
      "properties": {
        "id": 2341,
        "predicted_prevalence": 1.7398314e-14,
        "prediction_uncertainty": 0.7789278,
        "exceedance_probability": 0,
        "adaptively_selected": 0
      },
      "geometry": {
        "type": "Point",
        "coordinates": [
          90.4931245,
          23.8726143
        ]
      }
    },
    {
      "type": "Feature",
      "properties": {
        "id": 2342,
        "predicted_prevalence": 2.2531708e-15,
        "prediction_uncertainty": 0.7789278,
        "exceedance_probability": 0,
        "adaptively_selected": 0
      },
      "geometry": {
        "type": "Point",
        "coordinates": [
          90.4967714,
          23.8726143
        ]
      }
    },
    {
      "type": "Feature",
      "properties": {
        "id": 2343,
        "predicted_prevalence": 2.5545783e-16,
        "prediction_uncertainty": 0.7789278,
        "exceedance_probability": 0,
        "adaptively_selected": 0
      },
      "geometry": {
        "type": "Point",
        "coordinates": [
          90.5004184,
          23.8726143
        ]
      }
    },
    {
      "type": "Feature",
      "properties": {
        "id": 2344,
        "predicted_prevalence": 2.5356099e-17,
        "prediction_uncertainty": 0.7789278,
        "exceedance_probability": 0,
        "adaptively_selected": 0
      },
      "geometry": {
        "type": "Point",
        "coordinates": [
          90.5040653,
          23.8726143
        ]
      }
    },
    {
      "type": "Feature",
      "properties": {
        "id": 2345,
        "predicted_prevalence": 2.2033516e-18,
        "prediction_uncertainty": 0.7789278,
        "exceedance_probability": 0,
        "adaptively_selected": 0
      },
      "geometry": {
        "type": "Point",
        "coordinates": [
          90.5077122,
          23.8726143
        ]
      }
    },
    {
      "type": "Feature",
      "properties": {
        "id": 2346,
        "predicted_prevalence": 1.6761902e-19,
        "prediction_uncertainty": 0.7789278,
        "exceedance_probability": 0,
        "adaptively_selected": 0
      },
      "geometry": {
        "type": "Point",
        "coordinates": [
          90.5113592,
          23.8726143
        ]
      }
    },
    {
      "type": "Feature",
      "properties": {
        "id": 2347,
        "predicted_prevalence": 1.1163514e-20,
        "prediction_uncertainty": 0.7789278,
        "exceedance_probability": 0,
        "adaptively_selected": 0
      },
      "geometry": {
        "type": "Point",
        "coordinates": [
          90.5150061,
          23.8726143
        ]
      }
    },
    {
      "type": "Feature",
      "properties": {
        "id": 2348,
        "predicted_prevalence": 6.5090362e-22,
        "prediction_uncertainty": 0.7789278,
        "exceedance_probability": 0,
        "adaptively_selected": 0
      },
      "geometry": {
        "type": "Point",
        "coordinates": [
          90.5186531,
          23.8726143
        ]
      }
    },
    {
      "type": "Feature",
      "properties": {
        "id": 2349,
        "predicted_prevalence": 3.3225427e-23,
        "prediction_uncertainty": 0.7789278,
        "exceedance_probability": 0,
        "adaptively_selected": 0
      },
      "geometry": {
        "type": "Point",
        "coordinates": [
          90.5223,
          23.8726143
        ]
      }
    },
    {
      "type": "Feature",
      "properties": {
        "id": 2350,
        "predicted_prevalence": 0.0002635,
        "prediction_uncertainty": 0.7789266,
        "exceedance_probability": 0,
        "adaptively_selected": 0
      },
      "geometry": {
        "type": "Point",
        "coordinates": [
          90.3436,
          23.8770429
        ]
      }
    },
    {
      "type": "Feature",
      "properties": {
        "id": 2351,
        "predicted_prevalence": 0.0008986,
        "prediction_uncertainty": 0.7789136,
        "exceedance_probability": 0,
        "adaptively_selected": 0
      },
      "geometry": {
        "type": "Point",
        "coordinates": [
          90.3472469,
          23.8770429
        ]
      }
    },
    {
      "type": "Feature",
      "properties": {
        "id": 2352,
        "predicted_prevalence": 0.0026839,
        "prediction_uncertainty": 0.7788004,
        "exceedance_probability": 0,
        "adaptively_selected": 0
      },
      "geometry": {
        "type": "Point",
        "coordinates": [
          90.3508939,
          23.8770429
        ]
      }
    },
    {
      "type": "Feature",
      "properties": {
        "id": 2353,
        "predicted_prevalence": 0.0070219,
        "prediction_uncertainty": 0.7780483,
        "exceedance_probability": 0,
        "adaptively_selected": 0
      },
      "geometry": {
        "type": "Point",
        "coordinates": [
          90.3545408,
          23.8770429
        ]
      }
    },
    {
      "type": "Feature",
      "properties": {
        "id": 2354,
        "predicted_prevalence": 0.0160915,
        "prediction_uncertainty": 0.774265,
        "exceedance_probability": 0,
        "adaptively_selected": 0
      },
      "geometry": {
        "type": "Point",
        "coordinates": [
          90.3581878,
          23.8770429
        ]
      }
    },
    {
      "type": "Feature",
      "properties": {
        "id": 2355,
        "predicted_prevalence": 0.0322967,
        "prediction_uncertainty": 0.7598502,
        "exceedance_probability": 0,
        "adaptively_selected": 0
      },
      "geometry": {
        "type": "Point",
        "coordinates": [
          90.3618347,
          23.8770429
        ]
      }
    },
    {
      "type": "Feature",
      "properties": {
        "id": 2356,
        "predicted_prevalence": 0.0567705,
        "prediction_uncertainty": 0.7180009,
        "exceedance_probability": 0,
        "adaptively_selected": 0
      },
      "geometry": {
        "type": "Point",
        "coordinates": [
          90.3654816,
          23.8770429
        ]
      }
    },
    {
      "type": "Feature",
      "properties": {
        "id": 2357,
        "predicted_prevalence": 0.0873916,
        "prediction_uncertainty": 0.6241457,
        "exceedance_probability": 0,
        "adaptively_selected": 0
      },
      "geometry": {
        "type": "Point",
        "coordinates": [
          90.3691286,
          23.8770429
        ]
      }
    },
    {
      "type": "Feature",
      "properties": {
        "id": 2358,
        "predicted_prevalence": 0.11781,
        "prediction_uncertainty": 0.4586775,
        "exceedance_probability": 0,
        "adaptively_selected": 0
      },
      "geometry": {
        "type": "Point",
        "coordinates": [
          90.3727755,
          23.8770429
        ]
      }
    },
    {
      "type": "Feature",
      "properties": {
        "id": 2359,
        "predicted_prevalence": 0.1390736,
        "prediction_uncertainty": 0.2287622,
        "exceedance_probability": 0,
        "adaptively_selected": 0
      },
      "geometry": {
        "type": "Point",
        "coordinates": [
          90.3764224,
          23.8770429
        ]
      }
    },
    {
      "type": "Feature",
      "properties": {
        "id": 2360,
        "predicted_prevalence": 0.1437619,
        "prediction_uncertainty": 0.1112326,
        "exceedance_probability": 0,
        "adaptively_selected": 0
      },
      "geometry": {
        "type": "Point",
        "coordinates": [
          90.3800694,
          23.8770429
        ]
      }
    },
    {
      "type": "Feature",
      "properties": {
        "id": 2361,
        "predicted_prevalence": 0.1301272,
        "prediction_uncertainty": 0.3440316,
        "exceedance_probability": 0,
        "adaptively_selected": 0
      },
      "geometry": {
        "type": "Point",
        "coordinates": [
          90.3837163,
          23.8770429
        ]
      }
    },
    {
      "type": "Feature",
      "properties": {
        "id": 2362,
        "predicted_prevalence": 0.1031351,
        "prediction_uncertainty": 0.5469633,
        "exceedance_probability": 0,
        "adaptively_selected": 0
      },
      "geometry": {
        "type": "Point",
        "coordinates": [
          90.3873633,
          23.8770429
        ]
      }
    },
    {
      "type": "Feature",
      "properties": {
        "id": 2363,
        "predicted_prevalence": 0.0715731,
        "prediction_uncertainty": 0.6769614,
        "exceedance_probability": 0,
        "adaptively_selected": 0
      },
      "geometry": {
        "type": "Point",
        "coordinates": [
          90.3910102,
          23.8770429
        ]
      }
    },
    {
      "type": "Feature",
      "properties": {
        "id": 2364,
        "predicted_prevalence": 0.0434901,
        "prediction_uncertainty": 0.7428392,
        "exceedance_probability": 0,
        "adaptively_selected": 0
      },
      "geometry": {
        "type": "Point",
        "coordinates": [
          90.3946571,
          23.8770429
        ]
      }
    },
    {
      "type": "Feature",
      "properties": {
        "id": 2365,
        "predicted_prevalence": 0.0231377,
        "prediction_uncertainty": 0.7688675,
        "exceedance_probability": 0,
        "adaptively_selected": 0
      },
      "geometry": {
        "type": "Point",
        "coordinates": [
          90.3983041,
          23.8770429
        ]
      }
    },
    {
      "type": "Feature",
      "properties": {
        "id": 2366,
        "predicted_prevalence": 0.0107779,
        "prediction_uncertainty": 0.7767526,
        "exceedance_probability": 0,
        "adaptively_selected": 0
      },
      "geometry": {
        "type": "Point",
        "coordinates": [
          90.401951,
          23.8770429
        ]
      }
    },
    {
      "type": "Feature",
      "properties": {
        "id": 2367,
        "predicted_prevalence": 0.0043957,
        "prediction_uncertainty": 0.7785659,
        "exceedance_probability": 0,
        "adaptively_selected": 0
      },
      "geometry": {
        "type": "Point",
        "coordinates": [
          90.405598,
          23.8770429
        ]
      }
    },
    {
      "type": "Feature",
      "properties": {
        "id": 2368,
        "predicted_prevalence": 0.0015696,
        "prediction_uncertainty": 0.7788816,
        "exceedance_probability": 0,
        "adaptively_selected": 0
      },
      "geometry": {
        "type": "Point",
        "coordinates": [
          90.4092449,
          23.8770429
        ]
      }
    },
    {
      "type": "Feature",
      "properties": {
        "id": 2369,
        "predicted_prevalence": 0.0004907,
        "prediction_uncertainty": 0.7789233,
        "exceedance_probability": 0,
        "adaptively_selected": 0
      },
      "geometry": {
        "type": "Point",
        "coordinates": [
          90.4128918,
          23.8770429
        ]
      }
    },
    {
      "type": "Feature",
      "properties": {
        "id": 2370,
        "predicted_prevalence": 0.0001343,
        "prediction_uncertainty": 0.7789275,
        "exceedance_probability": 0,
        "adaptively_selected": 0
      },
      "geometry": {
        "type": "Point",
        "coordinates": [
          90.4165388,
          23.8770429
        ]
      }
    },
    {
      "type": "Feature",
      "properties": {
        "id": 2371,
        "predicted_prevalence": 3.22e-05,
        "prediction_uncertainty": 0.7789278,
        "exceedance_probability": 0,
        "adaptively_selected": 0
      },
      "geometry": {
        "type": "Point",
        "coordinates": [
          90.4201857,
          23.8770429
        ]
      }
    },
    {
      "type": "Feature",
      "properties": {
        "id": 2372,
        "predicted_prevalence": 6.7542549e-06,
        "prediction_uncertainty": 0.7789278,
        "exceedance_probability": 0,
        "adaptively_selected": 0
      },
      "geometry": {
        "type": "Point",
        "coordinates": [
          90.4238327,
          23.8770429
        ]
      }
    },
    {
      "type": "Feature",
      "properties": {
        "id": 2373,
        "predicted_prevalence": 1.2422278e-06,
        "prediction_uncertainty": 0.7789278,
        "exceedance_probability": 0,
        "adaptively_selected": 0
      },
      "geometry": {
        "type": "Point",
        "coordinates": [
          90.4274796,
          23.8770429
        ]
      }
    },
    {
      "type": "Feature",
      "properties": {
        "id": 2374,
        "predicted_prevalence": 2.0198591e-07,
        "prediction_uncertainty": 0.7789278,
        "exceedance_probability": 0,
        "adaptively_selected": 0
      },
      "geometry": {
        "type": "Point",
        "coordinates": [
          90.4311265,
          23.8770429
        ]
      }
    },
    {
      "type": "Feature",
      "properties": {
        "id": 2375,
        "predicted_prevalence": 3.1188635e-08,
        "prediction_uncertainty": 0.7789278,
        "exceedance_probability": 0,
        "adaptively_selected": 0
      },
      "geometry": {
        "type": "Point",
        "coordinates": [
          90.4347735,
          23.8770429
        ]
      }
    },
    {
      "type": "Feature",
      "properties": {
        "id": 2376,
        "predicted_prevalence": 6.835137e-09,
        "prediction_uncertainty": 0.7789278,
        "exceedance_probability": 0,
        "adaptively_selected": 0
      },
      "geometry": {
        "type": "Point",
        "coordinates": [
          90.4384204,
          23.8770429
        ]
      }
    },
    {
      "type": "Feature",
      "properties": {
        "id": 2377,
        "predicted_prevalence": 3.5850766e-09,
        "prediction_uncertainty": 0.7789278,
        "exceedance_probability": 0,
        "adaptively_selected": 0
      },
      "geometry": {
        "type": "Point",
        "coordinates": [
          90.4420673,
          23.8770429
        ]
      }
    },
    {
      "type": "Feature",
      "properties": {
        "id": 2378,
        "predicted_prevalence": 2.712235e-09,
        "prediction_uncertainty": 0.7789278,
        "exceedance_probability": 0,
        "adaptively_selected": 0
      },
      "geometry": {
        "type": "Point",
        "coordinates": [
          90.4457143,
          23.8770429
        ]
      }
    },
    {
      "type": "Feature",
      "properties": {
        "id": 2379,
        "predicted_prevalence": 1.9564464e-09,
        "prediction_uncertainty": 0.7789278,
        "exceedance_probability": 0,
        "adaptively_selected": 0
      },
      "geometry": {
        "type": "Point",
        "coordinates": [
          90.4493612,
          23.8770429
        ]
      }
    },
    {
      "type": "Feature",
      "properties": {
        "id": 2380,
        "predicted_prevalence": 1.2482929e-09,
        "prediction_uncertainty": 0.7789278,
        "exceedance_probability": 0,
        "adaptively_selected": 0
      },
      "geometry": {
        "type": "Point",
        "coordinates": [
          90.4530082,
          23.8770429
        ]
      }
    },
    {
      "type": "Feature",
      "properties": {
        "id": 2381,
        "predicted_prevalence": 6.9809623e-10,
        "prediction_uncertainty": 0.7789278,
        "exceedance_probability": 0,
        "adaptively_selected": 0
      },
      "geometry": {
        "type": "Point",
        "coordinates": [
          90.4566551,
          23.8770429
        ]
      }
    },
    {
      "type": "Feature",
      "properties": {
        "id": 2382,
        "predicted_prevalence": 3.4183101e-10,
        "prediction_uncertainty": 0.7789278,
        "exceedance_probability": 0,
        "adaptively_selected": 0
      },
      "geometry": {
        "type": "Point",
        "coordinates": [
          90.460302,
          23.8770429
        ]
      }
    },
    {
      "type": "Feature",
      "properties": {
        "id": 2383,
        "predicted_prevalence": 1.4653897e-10,
        "prediction_uncertainty": 0.7789278,
        "exceedance_probability": 0,
        "adaptively_selected": 0
      },
      "geometry": {
        "type": "Point",
        "coordinates": [
          90.463949,
          23.8770429
        ]
      }
    },
    {
      "type": "Feature",
      "properties": {
        "id": 2384,
        "predicted_prevalence": 5.4996392e-11,
        "prediction_uncertainty": 0.7789278,
        "exceedance_probability": 0,
        "adaptively_selected": 0
      },
      "geometry": {
        "type": "Point",
        "coordinates": [
          90.4675959,
          23.8770429
        ]
      }
    },
    {
      "type": "Feature",
      "properties": {
        "id": 2385,
        "predicted_prevalence": 1.8069818e-11,
        "prediction_uncertainty": 0.7789278,
        "exceedance_probability": 0,
        "adaptively_selected": 0
      },
      "geometry": {
        "type": "Point",
        "coordinates": [
          90.4712429,
          23.8770429
        ]
      }
    },
    {
      "type": "Feature",
      "properties": {
        "id": 2386,
        "predicted_prevalence": 5.1977058e-12,
        "prediction_uncertainty": 0.7789278,
        "exceedance_probability": 0,
        "adaptively_selected": 0
      },
      "geometry": {
        "type": "Point",
        "coordinates": [
          90.4748898,
          23.8770429
        ]
      }
    },
    {
      "type": "Feature",
      "properties": {
        "id": 2387,
        "predicted_prevalence": 1.3089042e-12,
        "prediction_uncertainty": 0.7789278,
        "exceedance_probability": 0,
        "adaptively_selected": 0
      },
      "geometry": {
        "type": "Point",
        "coordinates": [
          90.4785367,
          23.8770429
        ]
      }
    },
    {
      "type": "Feature",
      "properties": {
        "id": 2388,
        "predicted_prevalence": 2.8856404e-13,
        "prediction_uncertainty": 0.7789278,
        "exceedance_probability": 0,
        "adaptively_selected": 0
      },
      "geometry": {
        "type": "Point",
        "coordinates": [
          90.4821837,
          23.8770429
        ]
      }
    },
    {
      "type": "Feature",
      "properties": {
        "id": 2389,
        "predicted_prevalence": 5.5694812e-14,
        "prediction_uncertainty": 0.7789278,
        "exceedance_probability": 0,
        "adaptively_selected": 0
      },
      "geometry": {
        "type": "Point",
        "coordinates": [
          90.4858306,
          23.8770429
        ]
      }
    },
    {
      "type": "Feature",
      "properties": {
        "id": 2390,
        "predicted_prevalence": 9.4107759e-15,
        "prediction_uncertainty": 0.7789278,
        "exceedance_probability": 0,
        "adaptively_selected": 0
      },
      "geometry": {
        "type": "Point",
        "coordinates": [
          90.4894776,
          23.8770429
        ]
      }
    },
    {
      "type": "Feature",
      "properties": {
        "id": 2391,
        "predicted_prevalence": 1.3921123e-15,
        "prediction_uncertainty": 0.7789278,
        "exceedance_probability": 0,
        "adaptively_selected": 0
      },
      "geometry": {
        "type": "Point",
        "coordinates": [
          90.4931245,
          23.8770429
        ]
      }
    },
    {
      "type": "Feature",
      "properties": {
        "id": 2392,
        "predicted_prevalence": 1.8028568e-16,
        "prediction_uncertainty": 0.7789278,
        "exceedance_probability": 0,
        "adaptively_selected": 0
      },
      "geometry": {
        "type": "Point",
        "coordinates": [
          90.4967714,
          23.8770429
        ]
      }
    },
    {
      "type": "Feature",
      "properties": {
        "id": 2393,
        "predicted_prevalence": 2.0440256e-17,
        "prediction_uncertainty": 0.7789278,
        "exceedance_probability": 0,
        "adaptively_selected": 0
      },
      "geometry": {
        "type": "Point",
        "coordinates": [
          90.5004184,
          23.8770429
        ]
      }
    },
    {
      "type": "Feature",
      "properties": {
        "id": 2394,
        "predicted_prevalence": 2.0288483e-18,
        "prediction_uncertainty": 0.7789278,
        "exceedance_probability": 0,
        "adaptively_selected": 0
      },
      "geometry": {
        "type": "Point",
        "coordinates": [
          90.5040653,
          23.8770429
        ]
      }
    },
    {
      "type": "Feature",
      "properties": {
        "id": 2395,
        "predicted_prevalence": 1.7629944e-19,
        "prediction_uncertainty": 0.7789278,
        "exceedance_probability": 0,
        "adaptively_selected": 0
      },
      "geometry": {
        "type": "Point",
        "coordinates": [
          90.5077122,
          23.8770429
        ]
      }
    },
    {
      "type": "Feature",
      "properties": {
        "id": 2396,
        "predicted_prevalence": 1.3411904e-20,
        "prediction_uncertainty": 0.7789278,
        "exceedance_probability": 0,
        "adaptively_selected": 0
      },
      "geometry": {
        "type": "Point",
        "coordinates": [
          90.5113592,
          23.8770429
        ]
      }
    },
    {
      "type": "Feature",
      "properties": {
        "id": 2397,
        "predicted_prevalence": 8.9323978e-22,
        "prediction_uncertainty": 0.7789278,
        "exceedance_probability": 0,
        "adaptively_selected": 0
      },
      "geometry": {
        "type": "Point",
        "coordinates": [
          90.5150061,
          23.8770429
        ]
      }
    },
    {
      "type": "Feature",
      "properties": {
        "id": 2398,
        "predicted_prevalence": 5.2081539e-23,
        "prediction_uncertainty": 0.7789278,
        "exceedance_probability": 0,
        "adaptively_selected": 0
      },
      "geometry": {
        "type": "Point",
        "coordinates": [
          90.5186531,
          23.8770429
        ]
      }
    },
    {
      "type": "Feature",
      "properties": {
        "id": 2399,
        "predicted_prevalence": 2.6585063e-24,
        "prediction_uncertainty": 0.7789278,
        "exceedance_probability": 0,
        "adaptively_selected": 0
      },
      "geometry": {
        "type": "Point",
        "coordinates": [
          90.5223,
          23.8770429
        ]
      }
    },
    {
      "type": "Feature",
      "properties": {
        "id": 2400,
        "predicted_prevalence": 0.0002202,
        "prediction_uncertainty": 0.7789269,
        "exceedance_probability": 0,
        "adaptively_selected": 0
      },
      "geometry": {
        "type": "Point",
        "coordinates": [
          90.3436,
          23.8814714
        ]
      }
    },
    {
      "type": "Feature",
      "properties": {
        "id": 2401,
        "predicted_prevalence": 0.0007536,
        "prediction_uncertainty": 0.7789173,
        "exceedance_probability": 0,
        "adaptively_selected": 0
      },
      "geometry": {
        "type": "Point",
        "coordinates": [
          90.3472469,
          23.8814714
        ]
      }
    },
    {
      "type": "Feature",
      "properties": {
        "id": 2402,
        "predicted_prevalence": 0.0022582,
        "prediction_uncertainty": 0.7788332,
        "exceedance_probability": 0,
        "adaptively_selected": 0
      },
      "geometry": {
        "type": "Point",
        "coordinates": [
          90.3508939,
          23.8814714
        ]
      }
    },
    {
      "type": "Feature",
      "properties": {
        "id": 2403,
        "predicted_prevalence": 0.0059253,
        "prediction_uncertainty": 0.7782746,
        "exceedance_probability": 0,
        "adaptively_selected": 0
      },
      "geometry": {
        "type": "Point",
        "coordinates": [
          90.3545408,
          23.8814714
        ]
      }
    },
    {
      "type": "Feature",
      "properties": {
        "id": 2404,
        "predicted_prevalence": 0.0136132,
        "prediction_uncertainty": 0.775467,
        "exceedance_probability": 0,
        "adaptively_selected": 0
      },
      "geometry": {
        "type": "Point",
        "coordinates": [
          90.3581878,
          23.8814714
        ]
      }
    },
    {
      "type": "Feature",
      "properties": {
        "id": 2405,
        "predicted_prevalence": 0.0273844,
        "prediction_uncertainty": 0.764802,
        "exceedance_probability": 0,
        "adaptively_selected": 0
      },
      "geometry": {
        "type": "Point",
        "coordinates": [
          90.3618347,
          23.8814714
        ]
      }
    },
    {
      "type": "Feature",
      "properties": {
        "id": 2406,
        "predicted_prevalence": 0.0482313,
        "prediction_uncertainty": 0.7341519,
        "exceedance_probability": 0,
        "adaptively_selected": 0
      },
      "geometry": {
        "type": "Point",
        "coordinates": [
          90.3654816,
          23.8814714
        ]
      }
    },
    {
      "type": "Feature",
      "properties": {
        "id": 2407,
        "predicted_prevalence": 0.0743762,
        "prediction_uncertainty": 0.6673849,
        "exceedance_probability": 0,
        "adaptively_selected": 0
      },
      "geometry": {
        "type": "Point",
        "coordinates": [
          90.3691286,
          23.8814714
        ]
      }
    },
    {
      "type": "Feature",
      "properties": {
        "id": 2408,
        "predicted_prevalence": 0.1004183,
        "prediction_uncertainty": 0.5588394,
        "exceedance_probability": 0,
        "adaptively_selected": 0
      },
      "geometry": {
        "type": "Point",
        "coordinates": [
          90.3727755,
          23.8814714
        ]
      }
    },
    {
      "type": "Feature",
      "properties": {
        "id": 2409,
        "predicted_prevalence": 0.1187029,
        "prediction_uncertainty": 0.441463,
        "exceedance_probability": 0,
        "adaptively_selected": 0
      },
      "geometry": {
        "type": "Point",
        "coordinates": [
          90.3764224,
          23.8814714
        ]
      }
    },
    {
      "type": "Feature",
      "properties": {
        "id": 2410,
        "predicted_prevalence": 0.1228501,
        "prediction_uncertainty": 0.4064552,
        "exceedance_probability": 0,
        "adaptively_selected": 0
      },
      "geometry": {
        "type": "Point",
        "coordinates": [
          90.3800694,
          23.8814714
        ]
      }
    },
    {
      "type": "Feature",
      "properties": {
        "id": 2411,
        "predicted_prevalence": 0.1113145,
        "prediction_uncertainty": 0.493902,
        "exceedance_probability": 0,
        "adaptively_selected": 0
      },
      "geometry": {
        "type": "Point",
        "coordinates": [
          90.3837163,
          23.8814714
        ]
      }
    },
    {
      "type": "Feature",
      "properties": {
        "id": 2412,
        "predicted_prevalence": 0.0883055,
        "prediction_uncertainty": 0.615026,
        "exceedance_probability": 0,
        "adaptively_selected": 0
      },
      "geometry": {
        "type": "Point",
        "coordinates": [
          90.3873633,
          23.8814714
        ]
      }
    },
    {
      "type": "Feature",
      "properties": {
        "id": 2413,
        "predicted_prevalence": 0.061331,
        "prediction_uncertainty": 0.704593,
        "exceedance_probability": 0,
        "adaptively_selected": 0
      },
      "geometry": {
        "type": "Point",
        "coordinates": [
          90.3910102,
          23.8814714
        ]
      }
    },
    {
      "type": "Feature",
      "properties": {
        "id": 2414,
        "predicted_prevalence": 0.037293,
        "prediction_uncertainty": 0.752285,
        "exceedance_probability": 0,
        "adaptively_selected": 0
      },
      "geometry": {
        "type": "Point",
        "coordinates": [
          90.3946571,
          23.8814714
        ]
      }
    },
    {
      "type": "Feature",
      "properties": {
        "id": 2415,
        "predicted_prevalence": 0.019853,
        "prediction_uncertainty": 0.7714671,
        "exceedance_probability": 0,
        "adaptively_selected": 0
      },
      "geometry": {
        "type": "Point",
        "coordinates": [
          90.3983041,
          23.8814714
        ]
      }
    },
    {
      "type": "Feature",
      "properties": {
        "id": 2416,
        "predicted_prevalence": 0.0092529,
        "prediction_uncertainty": 0.7773126,
        "exceedance_probability": 0,
        "adaptively_selected": 0
      },
      "geometry": {
        "type": "Point",
        "coordinates": [
          90.401951,
          23.8814714
        ]
      }
    },
    {
      "type": "Feature",
      "properties": {
        "id": 2417,
        "predicted_prevalence": 0.0037755,
        "prediction_uncertainty": 0.778659,
        "exceedance_probability": 0,
        "adaptively_selected": 0
      },
      "geometry": {
        "type": "Point",
        "coordinates": [
          90.405598,
          23.8814714
        ]
      }
    },
    {
      "type": "Feature",
      "properties": {
        "id": 2418,
        "predicted_prevalence": 0.0013487,
        "prediction_uncertainty": 0.7788935,
        "exceedance_probability": 0,
        "adaptively_selected": 0
      },
      "geometry": {
        "type": "Point",
        "coordinates": [
          90.4092449,
          23.8814714
        ]
      }
    },
    {
      "type": "Feature",
      "properties": {
        "id": 2419,
        "predicted_prevalence": 0.0004218,
        "prediction_uncertainty": 0.7789244,
        "exceedance_probability": 0,
        "adaptively_selected": 0
      },
      "geometry": {
        "type": "Point",
        "coordinates": [
          90.4128918,
          23.8814714
        ]
      }
    },
    {
      "type": "Feature",
      "properties": {
        "id": 2420,
        "predicted_prevalence": 0.0001155,
        "prediction_uncertainty": 0.7789275,
        "exceedance_probability": 0,
        "adaptively_selected": 0
      },
      "geometry": {
        "type": "Point",
        "coordinates": [
          90.4165388,
          23.8814714
        ]
      }
    },
    {
      "type": "Feature",
      "properties": {
        "id": 2421,
        "predicted_prevalence": 2.77e-05,
        "prediction_uncertainty": 0.7789278,
        "exceedance_probability": 0,
        "adaptively_selected": 0
      },
      "geometry": {
        "type": "Point",
        "coordinates": [
          90.4201857,
          23.8814714
        ]
      }
    },
    {
      "type": "Feature",
      "properties": {
        "id": 2422,
        "predicted_prevalence": 5.8099589e-06,
        "prediction_uncertainty": 0.7789278,
        "exceedance_probability": 0,
        "adaptively_selected": 0
      },
      "geometry": {
        "type": "Point",
        "coordinates": [
          90.4238327,
          23.8814714
        ]
      }
    },
    {
      "type": "Feature",
      "properties": {
        "id": 2423,
        "predicted_prevalence": 1.0675443e-06,
        "prediction_uncertainty": 0.7789278,
        "exceedance_probability": 0,
        "adaptively_selected": 0
      },
      "geometry": {
        "type": "Point",
        "coordinates": [
          90.4274796,
          23.8814714
        ]
      }
    },
    {
      "type": "Feature",
      "properties": {
        "id": 2424,
        "predicted_prevalence": 1.7185716e-07,
        "prediction_uncertainty": 0.7789278,
        "exceedance_probability": 0,
        "adaptively_selected": 0
      },
      "geometry": {
        "type": "Point",
        "coordinates": [
          90.4311265,
          23.8814714
        ]
      }
    },
    {
      "type": "Feature",
      "properties": {
        "id": 2425,
        "predicted_prevalence": 2.4381286e-08,
        "prediction_uncertainty": 0.7789278,
        "exceedance_probability": 0,
        "adaptively_selected": 0
      },
      "geometry": {
        "type": "Point",
        "coordinates": [
          90.4347735,
          23.8814714
        ]
      }
    },
    {
      "type": "Feature",
      "properties": {
        "id": 2426,
        "predicted_prevalence": 3.2024249e-09,
        "prediction_uncertainty": 0.7789278,
        "exceedance_probability": 0,
        "adaptively_selected": 0
      },
      "geometry": {
        "type": "Point",
        "coordinates": [
          90.4384204,
          23.8814714
        ]
      }
    },
    {
      "type": "Feature",
      "properties": {
        "id": 2427,
        "predicted_prevalence": 5.3288748e-10,
        "prediction_uncertainty": 0.7789278,
        "exceedance_probability": 0,
        "adaptively_selected": 1
      },
      "geometry": {
        "type": "Point",
        "coordinates": [
          90.4420673,
          23.8814714
        ]
      }
    },
    {
      "type": "Feature",
      "properties": {
        "id": 2428,
        "predicted_prevalence": 2.064403e-10,
        "prediction_uncertainty": 0.7789278,
        "exceedance_probability": 0,
        "adaptively_selected": 0
      },
      "geometry": {
        "type": "Point",
        "coordinates": [
          90.4457143,
          23.8814714
        ]
      }
    },
    {
      "type": "Feature",
      "properties": {
        "id": 2429,
        "predicted_prevalence": 1.3098567e-10,
        "prediction_uncertainty": 0.7789278,
        "exceedance_probability": 0,
        "adaptively_selected": 0
      },
      "geometry": {
        "type": "Point",
        "coordinates": [
          90.4493612,
          23.8814714
        ]
      }
    },
    {
      "type": "Feature",
      "properties": {
        "id": 2430,
        "predicted_prevalence": 8.226102e-11,
        "prediction_uncertainty": 0.7789278,
        "exceedance_probability": 0,
        "adaptively_selected": 0
      },
      "geometry": {
        "type": "Point",
        "coordinates": [
          90.4530082,
          23.8814714
        ]
      }
    },
    {
      "type": "Feature",
      "properties": {
        "id": 2431,
        "predicted_prevalence": 4.5920462e-11,
        "prediction_uncertainty": 0.7789278,
        "exceedance_probability": 0,
        "adaptively_selected": 0
      },
      "geometry": {
        "type": "Point",
        "coordinates": [
          90.4566551,
          23.8814714
        ]
      }
    },
    {
      "type": "Feature",
      "properties": {
        "id": 2432,
        "predicted_prevalence": 2.2480906e-11,
        "prediction_uncertainty": 0.7789278,
        "exceedance_probability": 0,
        "adaptively_selected": 0
      },
      "geometry": {
        "type": "Point",
        "coordinates": [
          90.460302,
          23.8814714
        ]
      }
    },
    {
      "type": "Feature",
      "properties": {
        "id": 2433,
        "predicted_prevalence": 9.6370888e-12,
        "prediction_uncertainty": 0.7789278,
        "exceedance_probability": 0,
        "adaptively_selected": 0
      },
      "geometry": {
        "type": "Point",
        "coordinates": [
          90.463949,
          23.8814714
        ]
      }
    },
    {
      "type": "Feature",
      "properties": {
        "id": 2434,
        "predicted_prevalence": 3.6168132e-12,
        "prediction_uncertainty": 0.7789278,
        "exceedance_probability": 0,
        "adaptively_selected": 0
      },
      "geometry": {
        "type": "Point",
        "coordinates": [
          90.4675959,
          23.8814714
        ]
      }
    },
    {
      "type": "Feature",
      "properties": {
        "id": 2435,
        "predicted_prevalence": 1.1883537e-12,
        "prediction_uncertainty": 0.7789278,
        "exceedance_probability": 0,
        "adaptively_selected": 1
      },
      "geometry": {
        "type": "Point",
        "coordinates": [
          90.4712429,
          23.8814714
        ]
      }
    },
    {
      "type": "Feature",
      "properties": {
        "id": 2436,
        "predicted_prevalence": 3.4182494e-13,
        "prediction_uncertainty": 0.7789278,
        "exceedance_probability": 0,
        "adaptively_selected": 0
      },
      "geometry": {
        "type": "Point",
        "coordinates": [
          90.4748898,
          23.8814714
        ]
      }
    },
    {
      "type": "Feature",
      "properties": {
        "id": 2437,
        "predicted_prevalence": 8.6079547e-14,
        "prediction_uncertainty": 0.7789278,
        "exceedance_probability": 0,
        "adaptively_selected": 0
      },
      "geometry": {
        "type": "Point",
        "coordinates": [
          90.4785367,
          23.8814714
        ]
      }
    },
    {
      "type": "Feature",
      "properties": {
        "id": 2438,
        "predicted_prevalence": 1.8977298e-14,
        "prediction_uncertainty": 0.7789278,
        "exceedance_probability": 0,
        "adaptively_selected": 0
      },
      "geometry": {
        "type": "Point",
        "coordinates": [
          90.4821837,
          23.8814714
        ]
      }
    },
    {
      "type": "Feature",
      "properties": {
        "id": 2439,
        "predicted_prevalence": 3.6627471e-15,
        "prediction_uncertainty": 0.7789278,
        "exceedance_probability": 0,
        "adaptively_selected": 0
      },
      "geometry": {
        "type": "Point",
        "coordinates": [
          90.4858306,
          23.8814714
        ]
      }
    },
    {
      "type": "Feature",
      "properties": {
        "id": 2440,
        "predicted_prevalence": 6.1889594e-16,
        "prediction_uncertainty": 0.7789278,
        "exceedance_probability": 0,
        "adaptively_selected": 0
      },
      "geometry": {
        "type": "Point",
        "coordinates": [
          90.4894776,
          23.8814714
        ]
      }
    },
    {
      "type": "Feature",
      "properties": {
        "id": 2441,
        "predicted_prevalence": 9.1551713e-17,
        "prediction_uncertainty": 0.7789278,
        "exceedance_probability": 0,
        "adaptively_selected": 0
      },
      "geometry": {
        "type": "Point",
        "coordinates": [
          90.4931245,
          23.8814714
        ]
      }
    },
    {
      "type": "Feature",
      "properties": {
        "id": 2442,
        "predicted_prevalence": 1.1856417e-17,
        "prediction_uncertainty": 0.7789278,
        "exceedance_probability": 0,
        "adaptively_selected": 0
      },
      "geometry": {
        "type": "Point",
        "coordinates": [
          90.4967714,
          23.8814714
        ]
      }
    },
    {
      "type": "Feature",
      "properties": {
        "id": 2443,
        "predicted_prevalence": 1.3442454e-18,
        "prediction_uncertainty": 0.7789278,
        "exceedance_probability": 0,
        "adaptively_selected": 0
      },
      "geometry": {
        "type": "Point",
        "coordinates": [
          90.5004184,
          23.8814714
        ]
      }
    },
    {
      "type": "Feature",
      "properties": {
        "id": 2444,
        "predicted_prevalence": 1.3342641e-19,
        "prediction_uncertainty": 0.7789278,
        "exceedance_probability": 0,
        "adaptively_selected": 1
      },
      "geometry": {
        "type": "Point",
        "coordinates": [
          90.5040653,
          23.8814714
        ]
      }
    },
    {
      "type": "Feature",
      "properties": {
        "id": 2445,
        "predicted_prevalence": 1.1594263e-20,
        "prediction_uncertainty": 0.7789278,
        "exceedance_probability": 0,
        "adaptively_selected": 0
      },
      "geometry": {
        "type": "Point",
        "coordinates": [
          90.5077122,
          23.8814714
        ]
      }
    },
    {
      "type": "Feature",
      "properties": {
        "id": 2446,
        "predicted_prevalence": 8.8202859e-22,
        "prediction_uncertainty": 0.7789278,
        "exceedance_probability": 0,
        "adaptively_selected": 0
      },
      "geometry": {
        "type": "Point",
        "coordinates": [
          90.5113592,
          23.8814714
        ]
      }
    },
    {
      "type": "Feature",
      "properties": {
        "id": 2447,
        "predicted_prevalence": 5.8743563e-23,
        "prediction_uncertainty": 0.7789278,
        "exceedance_probability": 0,
        "adaptively_selected": 0
      },
      "geometry": {
        "type": "Point",
        "coordinates": [
          90.5150061,
          23.8814714
        ]
      }
    },
    {
      "type": "Feature",
      "properties": {
        "id": 2448,
        "predicted_prevalence": 3.425122e-24,
        "prediction_uncertainty": 0.7789278,
        "exceedance_probability": 0,
        "adaptively_selected": 0
      },
      "geometry": {
        "type": "Point",
        "coordinates": [
          90.5186531,
          23.8814714
        ]
      }
    },
    {
      "type": "Feature",
      "properties": {
        "id": 2449,
        "predicted_prevalence": 1.7483562e-25,
        "prediction_uncertainty": 0.7789278,
        "exceedance_probability": 0,
        "adaptively_selected": 0
      },
      "geometry": {
        "type": "Point",
        "coordinates": [
          90.5223,
          23.8814714
        ]
      }
    },
    {
      "type": "Feature",
      "properties": {
        "id": 2450,
        "predicted_prevalence": 0.0001546,
        "prediction_uncertainty": 0.7789273,
        "exceedance_probability": 0,
        "adaptively_selected": 0
      },
      "geometry": {
        "type": "Point",
        "coordinates": [
          90.3436,
          23.8859
        ]
      }
    },
    {
      "type": "Feature",
      "properties": {
        "id": 2451,
        "predicted_prevalence": 0.0005297,
        "prediction_uncertainty": 0.7789225,
        "exceedance_probability": 0,
        "adaptively_selected": 0
      },
      "geometry": {
        "type": "Point",
        "coordinates": [
          90.3472469,
          23.8859
        ]
      }
    },
    {
      "type": "Feature",
      "properties": {
        "id": 2452,
        "predicted_prevalence": 0.0015889,
        "prediction_uncertainty": 0.7788803,
        "exceedance_probability": 0,
        "adaptively_selected": 0
      },
      "geometry": {
        "type": "Point",
        "coordinates": [
          90.3508939,
          23.8859
        ]
      }
    },
    {
      "type": "Feature",
      "properties": {
        "id": 2453,
        "predicted_prevalence": 0.0041727,
        "prediction_uncertainty": 0.7786001,
        "exceedance_probability": 0,
        "adaptively_selected": 0
      },
      "geometry": {
        "type": "Point",
        "coordinates": [
          90.3545408,
          23.8859
        ]
      }
    },
    {
      "type": "Feature",
      "properties": {
        "id": 2454,
        "predicted_prevalence": 0.0095936,
        "prediction_uncertainty": 0.777193,
        "exceedance_probability": 0,
        "adaptively_selected": 0
      },
      "geometry": {
        "type": "Point",
        "coordinates": [
          90.3581878,
          23.8859
        ]
      }
    },
    {
      "type": "Feature",
      "properties": {
        "id": 2455,
        "predicted_prevalence": 0.0193106,
        "prediction_uncertainty": 0.7718715,
        "exceedance_probability": 0,
        "adaptively_selected": 0
      },
      "geometry": {
        "type": "Point",
        "coordinates": [
          90.3618347,
          23.8859
        ]
      }
    },
    {
      "type": "Feature",
      "properties": {
        "id": 2456,
        "predicted_prevalence": 0.03403,
        "prediction_uncertainty": 0.7567899,
        "exceedance_probability": 0,
        "adaptively_selected": 0
      },
      "geometry": {
        "type": "Point",
        "coordinates": [
          90.3654816,
          23.8859
        ]
      }
    },
    {
      "type": "Feature",
      "properties": {
        "id": 2457,
        "predicted_prevalence": 0.0525024,
        "prediction_uncertainty": 0.7251024,
        "exceedance_probability": 0,
        "adaptively_selected": 0
      },
      "geometry": {
        "type": "Point",
        "coordinates": [
          90.3691286,
          23.8859
        ]
      }
    },
    {
      "type": "Feature",
      "properties": {
        "id": 2458,
        "predicted_prevalence": 0.0709159,
        "prediction_uncertainty": 0.6774827,
        "exceedance_probability": 0,
        "adaptively_selected": 0
      },
      "geometry": {
        "type": "Point",
        "coordinates": [
          90.3727755,
          23.8859
        ]
      }
    },
    {
      "type": "Feature",
      "properties": {
        "id": 2459,
        "predicted_prevalence": 0.08386,
        "prediction_uncertainty": 0.6325076,
        "exceedance_probability": 0,
        "adaptively_selected": 0
      },
      "geometry": {
        "type": "Point",
        "coordinates": [
          90.3764224,
          23.8859
        ]
      }
    },
    {
      "type": "Feature",
      "properties": {
        "id": 2460,
        "predicted_prevalence": 0.0868184,
        "prediction_uncertainty": 0.6206219,
        "exceedance_probability": 0,
        "adaptively_selected": 0
      },
      "geometry": {
        "type": "Point",
        "coordinates": [
          90.3800694,
          23.8859
        ]
      }
    },
    {
      "type": "Feature",
      "properties": {
        "id": 2461,
        "predicted_prevalence": 0.0786889,
        "prediction_uncertainty": 0.6516754,
        "exceedance_probability": 0,
        "adaptively_selected": 0
      },
      "geometry": {
        "type": "Point",
        "coordinates": [
          90.3837163,
          23.8859
        ]
      }
    },
    {
      "type": "Feature",
      "properties": {
        "id": 2462,
        "predicted_prevalence": 0.0624394,
        "prediction_uncertainty": 0.7014856,
        "exceedance_probability": 0,
        "adaptively_selected": 0
      },
      "geometry": {
        "type": "Point",
        "coordinates": [
          90.3873633,
          23.8859
        ]
      }
    },
    {
      "type": "Feature",
      "properties": {
        "id": 2463,
        "predicted_prevalence": 0.0433759,
        "prediction_uncertainty": 0.7425577,
        "exceedance_probability": 0,
        "adaptively_selected": 0
      },
      "geometry": {
        "type": "Point",
        "coordinates": [
          90.3910102,
          23.8859
        ]
      }
    },
    {
      "type": "Feature",
      "properties": {
        "id": 2464,
        "predicted_prevalence": 0.0263803,
        "prediction_uncertainty": 0.7656745,
        "exceedance_probability": 0,
        "adaptively_selected": 0
      },
      "geometry": {
        "type": "Point",
        "coordinates": [
          90.3946571,
          23.8859
        ]
      }
    },
    {
      "type": "Feature",
      "properties": {
        "id": 2465,
        "predicted_prevalence": 0.014046,
        "prediction_uncertainty": 0.7751931,
        "exceedance_probability": 0,
        "adaptively_selected": 0
      },
      "geometry": {
        "type": "Point",
        "coordinates": [
          90.3983041,
          23.8859
        ]
      }
    },
    {
      "type": "Feature",
      "properties": {
        "id": 2466,
        "predicted_prevalence": 0.0065474,
        "prediction_uncertainty": 0.7781177,
        "exceedance_probability": 0,
        "adaptively_selected": 0
      },
      "geometry": {
        "type": "Point",
        "coordinates": [
          90.401951,
          23.8859
        ]
      }
    },
    {
      "type": "Feature",
      "properties": {
        "id": 2467,
        "predicted_prevalence": 0.0026719,
        "prediction_uncertainty": 0.7787929,
        "exceedance_probability": 0,
        "adaptively_selected": 0
      },
      "geometry": {
        "type": "Point",
        "coordinates": [
          90.405598,
          23.8859
        ]
      }
    },
    {
      "type": "Feature",
      "properties": {
        "id": 2468,
        "predicted_prevalence": 0.0009546,
        "prediction_uncertainty": 0.7789106,
        "exceedance_probability": 0,
        "adaptively_selected": 0
      },
      "geometry": {
        "type": "Point",
        "coordinates": [
          90.4092449,
          23.8859
        ]
      }
    },
    {
      "type": "Feature",
      "properties": {
        "id": 2469,
        "predicted_prevalence": 0.0002986,
        "prediction_uncertainty": 0.7789261,
        "exceedance_probability": 0,
        "adaptively_selected": 0
      },
      "geometry": {
        "type": "Point",
        "coordinates": [
          90.4128918,
          23.8859
        ]
      }
    },
    {
      "type": "Feature",
      "properties": {
        "id": 2470,
        "predicted_prevalence": 8.18e-05,
        "prediction_uncertainty": 0.7789277,
        "exceedance_probability": 0,
        "adaptively_selected": 0
      },
      "geometry": {
        "type": "Point",
        "coordinates": [
          90.4165388,
          23.8859
        ]
      }
    },
    {
      "type": "Feature",
      "properties": {
        "id": 2471,
        "predicted_prevalence": 1.96e-05,
        "prediction_uncertainty": 0.7789278,
        "exceedance_probability": 0,
        "adaptively_selected": 0
      },
      "geometry": {
        "type": "Point",
        "coordinates": [
          90.4201857,
          23.8859
        ]
      }
    },
    {
      "type": "Feature",
      "properties": {
        "id": 2472,
        "predicted_prevalence": 4.1135186e-06,
        "prediction_uncertainty": 0.7789278,
        "exceedance_probability": 0,
        "adaptively_selected": 1
      },
      "geometry": {
        "type": "Point",
        "coordinates": [
          90.4238327,
          23.8859
        ]
      }
    },
    {
      "type": "Feature",
      "properties": {
        "id": 2473,
        "predicted_prevalence": 7.5581179e-07,
        "prediction_uncertainty": 0.7789278,
        "exceedance_probability": 0,
        "adaptively_selected": 0
      },
      "geometry": {
        "type": "Point",
        "coordinates": [
          90.4274796,
          23.8859
        ]
      }
    },
    {
      "type": "Feature",
      "properties": {
        "id": 2474,
        "predicted_prevalence": 1.2158447e-07,
        "prediction_uncertainty": 0.7789278,
        "exceedance_probability": 0,
        "adaptively_selected": 0
      },
      "geometry": {
        "type": "Point",
        "coordinates": [
          90.4311265,
          23.8859
        ]
      }
    },
    {
      "type": "Feature",
      "properties": {
        "id": 2475,
        "predicted_prevalence": 1.7131742e-08,
        "prediction_uncertainty": 0.7789278,
        "exceedance_probability": 0,
        "adaptively_selected": 0
      },
      "geometry": {
        "type": "Point",
        "coordinates": [
          90.4347735,
          23.8859
        ]
      }
    },
    {
      "type": "Feature",
      "properties": {
        "id": 2476,
        "predicted_prevalence": 2.122738e-09,
        "prediction_uncertainty": 0.7789278,
        "exceedance_probability": 0,
        "adaptively_selected": 0
      },
      "geometry": {
        "type": "Point",
        "coordinates": [
          90.4384204,
          23.8859
        ]
      }
    },
    {
      "type": "Feature",
      "properties": {
        "id": 2477,
        "predicted_prevalence": 2.3923439e-10,
        "prediction_uncertainty": 0.7789278,
        "exceedance_probability": 0,
        "adaptively_selected": 0
      },
      "geometry": {
        "type": "Point",
        "coordinates": [
          90.4420673,
          23.8859
        ]
      }
    },
    {
      "type": "Feature",
      "properties": {
        "id": 2478,
        "predicted_prevalence": 3.1042468e-11,
        "prediction_uncertainty": 0.7789278,
        "exceedance_probability": 0,
        "adaptively_selected": 0
      },
      "geometry": {
        "type": "Point",
        "coordinates": [
          90.4457143,
          23.8859
        ]
      }
    },
    {
      "type": "Feature",
      "properties": {
        "id": 2479,
        "predicted_prevalence": 8.7249531e-12,
        "prediction_uncertainty": 0.7789278,
        "exceedance_probability": 0,
        "adaptively_selected": 0
      },
      "geometry": {
        "type": "Point",
        "coordinates": [
          90.4493612,
          23.8859
        ]
      }
    },
    {
      "type": "Feature",
      "properties": {
        "id": 2480,
        "predicted_prevalence": 4.5655334e-12,
        "prediction_uncertainty": 0.7789278,
        "exceedance_probability": 0,
        "adaptively_selected": 0
      },
      "geometry": {
        "type": "Point",
        "coordinates": [
          90.4530082,
          23.8859
        ]
      }
    },
    {
      "type": "Feature",
      "properties": {
        "id": 2481,
        "predicted_prevalence": 2.4896701e-12,
        "prediction_uncertainty": 0.7789278,
        "exceedance_probability": 0,
        "adaptively_selected": 0
      },
      "geometry": {
        "type": "Point",
        "coordinates": [
          90.4566551,
          23.8859
        ]
      }
    },
    {
      "type": "Feature",
      "properties": {
        "id": 2482,
        "predicted_prevalence": 1.2155705e-12,
        "prediction_uncertainty": 0.7789278,
        "exceedance_probability": 0,
        "adaptively_selected": 0
      },
      "geometry": {
        "type": "Point",
        "coordinates": [
          90.460302,
          23.8859
        ]
      }
    },
    {
      "type": "Feature",
      "properties": {
        "id": 2483,
        "predicted_prevalence": 5.2093039e-13,
        "prediction_uncertainty": 0.7789278,
        "exceedance_probability": 0,
        "adaptively_selected": 0
      },
      "geometry": {
        "type": "Point",
        "coordinates": [
          90.463949,
          23.8859
        ]
      }
    },
    {
      "type": "Feature",
      "properties": {
        "id": 2484,
        "predicted_prevalence": 1.9549923e-13,
        "prediction_uncertainty": 0.7789278,
        "exceedance_probability": 0,
        "adaptively_selected": 0
      },
      "geometry": {
        "type": "Point",
        "coordinates": [
          90.4675959,
          23.8859
        ]
      }
    },
    {
      "type": "Feature",
      "properties": {
        "id": 2485,
        "predicted_prevalence": 6.4233724e-14,
        "prediction_uncertainty": 0.7789278,
        "exceedance_probability": 0,
        "adaptively_selected": 0
      },
      "geometry": {
        "type": "Point",
        "coordinates": [
          90.4712429,
          23.8859
        ]
      }
    },
    {
      "type": "Feature",
      "properties": {
        "id": 2486,
        "predicted_prevalence": 1.8476555e-14,
        "prediction_uncertainty": 0.7789278,
        "exceedance_probability": 0,
        "adaptively_selected": 0
      },
      "geometry": {
        "type": "Point",
        "coordinates": [
          90.4748898,
          23.8859
        ]
      }
    },
    {
      "type": "Feature",
      "properties": {
        "id": 2487,
        "predicted_prevalence": 4.6528306e-15,
        "prediction_uncertainty": 0.7789278,
        "exceedance_probability": 0,
        "adaptively_selected": 0
      },
      "geometry": {
        "type": "Point",
        "coordinates": [
          90.4785367,
          23.8859
        ]
      }
    },
    {
      "type": "Feature",
      "properties": {
        "id": 2488,
        "predicted_prevalence": 1.025774e-15,
        "prediction_uncertainty": 0.7789278,
        "exceedance_probability": 0,
        "adaptively_selected": 0
      },
      "geometry": {
        "type": "Point",
        "coordinates": [
          90.4821837,
          23.8859
        ]
      }
    },
    {
      "type": "Feature",
      "properties": {
        "id": 2489,
        "predicted_prevalence": 1.9798133e-16,
        "prediction_uncertainty": 0.7789278,
        "exceedance_probability": 0,
        "adaptively_selected": 0
      },
      "geometry": {
        "type": "Point",
        "coordinates": [
          90.4858306,
          23.8859
        ]
      }
    },
    {
      "type": "Feature",
      "properties": {
        "id": 2490,
        "predicted_prevalence": 3.3452991e-17,
        "prediction_uncertainty": 0.7789278,
        "exceedance_probability": 0,
        "adaptively_selected": 0
      },
      "geometry": {
        "type": "Point",
        "coordinates": [
          90.4894776,
          23.8859
        ]
      }
    },
    {
      "type": "Feature",
      "properties": {
        "id": 2491,
        "predicted_prevalence": 4.9486165e-18,
        "prediction_uncertainty": 0.7789278,
        "exceedance_probability": 0,
        "adaptively_selected": 0
      },
      "geometry": {
        "type": "Point",
        "coordinates": [
          90.4931245,
          23.8859
        ]
      }
    },
    {
      "type": "Feature",
      "properties": {
        "id": 2492,
        "predicted_prevalence": 6.4087123e-19,
        "prediction_uncertainty": 0.7789278,
        "exceedance_probability": 0,
        "adaptively_selected": 0
      },
      "geometry": {
        "type": "Point",
        "coordinates": [
          90.4967714,
          23.8859
        ]
      }
    },
    {
      "type": "Feature",
      "properties": {
        "id": 2493,
        "predicted_prevalence": 7.2660083e-20,
        "prediction_uncertainty": 0.7789278,
        "exceedance_probability": 0,
        "adaptively_selected": 0
      },
      "geometry": {
        "type": "Point",
        "coordinates": [
          90.5004184,
          23.8859
        ]
      }
    },
    {
      "type": "Feature",
      "properties": {
        "id": 2494,
        "predicted_prevalence": 7.2120566e-21,
        "prediction_uncertainty": 0.7789278,
        "exceedance_probability": 0,
        "adaptively_selected": 0
      },
      "geometry": {
        "type": "Point",
        "coordinates": [
          90.5040653,
          23.8859
        ]
      }
    },
    {
      "type": "Feature",
      "properties": {
        "id": 2495,
        "predicted_prevalence": 6.2670116e-22,
        "prediction_uncertainty": 0.7789278,
        "exceedance_probability": 0,
        "adaptively_selected": 0
      },
      "geometry": {
        "type": "Point",
        "coordinates": [
          90.5077122,
          23.8859
        ]
      }
    },
    {
      "type": "Feature",
      "properties": {
        "id": 2496,
        "predicted_prevalence": 4.767602e-23,
        "prediction_uncertainty": 0.7789278,
        "exceedance_probability": 0,
        "adaptively_selected": 0
      },
      "geometry": {
        "type": "Point",
        "coordinates": [
          90.5113592,
          23.8859
        ]
      }
    },
    {
      "type": "Feature",
      "properties": {
        "id": 2497,
        "predicted_prevalence": 3.1752478e-24,
        "prediction_uncertainty": 0.7789278,
        "exceedance_probability": 0,
        "adaptively_selected": 0
      },
      "geometry": {
        "type": "Point",
        "coordinates": [
          90.5150061,
          23.8859
        ]
      }
    },
    {
      "type": "Feature",
      "properties": {
        "id": 2498,
        "predicted_prevalence": 1.8513706e-25,
        "prediction_uncertainty": 0.7789278,
        "exceedance_probability": 0,
        "adaptively_selected": 0
      },
      "geometry": {
        "type": "Point",
        "coordinates": [
          90.5186531,
          23.8859
        ]
      }
    },
    {
      "type": "Feature",
      "properties": {
        "id": 2499,
        "predicted_prevalence": 9.4503362e-27,
        "prediction_uncertainty": 0.7789278,
        "exceedance_probability": 0,
        "adaptively_selected": 0
      },
      "geometry": {
        "type": "Point",
        "coordinates": [
          90.5223,
          23.8859
        ]
      }
    }
  ]
}